name	pool_size	runtime_sec
pairs_0092129	342	54.58
pairs_014a5c7	324	23.88
pairs_01b3c2c	351	30.29
pairs_0270315	376	27.92
pairs_0276a10	318	23.85
pairs_0512a6f	357	24.15
pairs_05d8608	325	28.01
pairs_0626f0a	355	28.19
pairs_070c988	337	26.53
pairs_077ea75	380	28.18
pairs_084a625	343	29.15
pairs_0863b06	351	28.16
pairs_08b8b19	342	26.19
pairs_095378c	322	25.96
pairs_09d2ac4	319	28.020000000000003
pairs_0a42381	350	24.19
pairs_0a5b256	350	29.04
pairs_0ad5fbe	369	29.45
pairs_0b06dfb	339	28.119999999999997
pairs_0c7cf13	317	24.02
pairs_0ce8efa	363	24.85
pairs_0d40410	358	25.89
pairs_0e1d92d	334	29.88
pairs_0f2163c	371	26.62
pairs_1031aa1	329	24.0
pairs_10681cf	333	27.09
pairs_1163a5a	322	23.68
pairs_118a44e	341	29.439999999999998
pairs_15dc830	339	29.560000000000002
pairs_1602631	359	24.04
pairs_1629a8f	372	25.95
pairs_16c35b2	344	24.14
pairs_1705cbc	349	26.6
pairs_171beb0	335	27.39
pairs_17f2c20	336	26.94
pairs_19baa67	342	28.39
pairs_19e24fc	331	28.22
pairs_19ec628	373	29.26
pairs_1ac6e9b	317	28.31
pairs_1bc4757	365	28.990000000000002
pairs_1cabb91	334	24.39
pairs_1ce7b03	349	26.47
pairs_1d28fdc	350	25.83
pairs_1dd6e6b	380	30.51
pairs_1e66a16	350	30.37
pairs_1ed1ccc	350	29.869999999999997
pairs_1f764ed	371	27.66
pairs_208a6f9	321	27.6
pairs_209c2d3	372	25.770000000000003
pairs_209e097	320	28.58
pairs_20a5fe1	364	30.020000000000003
pairs_21706ea	378	28.94
pairs_21f7e71	335	26.14
pairs_2228014	367	25.16
pairs_22a22e5	340	28.71
pairs_231da38	353	27.94
pairs_247bd74	346	25.32
pairs_25afa18	352	30.4
pairs_2606fd5	330	29.69
pairs_2652b24	361	29.79
pairs_27db36f	374	24.52
pairs_27ff777	369	24.259999999999998
pairs_2841cdc	357	27.7
pairs_299a2dd	350	24.11
pairs_29defc8	377	29.36
pairs_2ac94a7	373	24.42
pairs_2b2ab0c	365	24.099999999999998
pairs_2b52898	362	27.589999999999996
pairs_2b861f9	380	24.509999999999998
pairs_2bd7ab8	374	26.3
pairs_2c796f8	342	24.169999999999998
pairs_2d41613	321	26.380000000000003
pairs_2e2c0a9	364	30.07
pairs_3061ada	362	26.67
pairs_32cec31	349	28.73
pairs_32e543e	348	29.35
pairs_334e867	324	25.900000000000002
pairs_33b84a5	326	26.3
pairs_344b227	378	24.47
pairs_364e723	356	29.88
pairs_384ba76	365	28.509999999999998
pairs_3a0579a	360	27.82
pairs_3af149e	347	24.24
pairs_3b042bf	346	29.62
pairs_3b55066	351	26.2
pairs_3beea94	379	31.07
pairs_3c337ba	346	25.8
pairs_3cd18c0	378	29.2
pairs_3cf5863	361	28.45
pairs_3d05bf7	329	27.65
pairs_3d1468e	377	28.69
pairs_3d33296	357	30.229999999999997
pairs_3d62b4b	321	28.43
pairs_3ded785	370	29.33
pairs_3e0bd19	351	27.450000000000003
pairs_3eb307b	339	28.21
pairs_3f15c6b	335	29.79
pairs_3fb84c4	360	26.59
pairs_40294dd	380	27.54
pairs_410516f	368	29.4
pairs_4192188	364	25.85
pairs_4316268	327	24.97
pairs_4353f1f	370	26.48
pairs_4496d90	330	26.61
pairs_45c7e35	365	26.310000000000002
pairs_460c41b	374	24.189999999999998
pairs_46339b3	370	30.11
pairs_4796d0b	366	24.25
pairs_4865fcd	352	24.35
pairs_4affe33	363	28.91
pairs_4b5ca43	356	28.3
pairs_4cd602c	351	29.189999999999998
pairs_4f28fcb	354	26.599999999999998
pairs_4f35626	326	29.35
pairs_4f5db72	338	24.68
pairs_4fc2bd1	323	26.990000000000002
pairs_51e63ae	333	25.95
pairs_5261f31	333	23.81
pairs_52b98b8	371	28.419999999999998
pairs_533e5b4	316	24.18
pairs_534b548	354	28.6
pairs_534f1c5	364	30.07
pairs_53fb7d7	379	25.060000000000002
pairs_54096f0	323	26.14
pairs_545bdec	319	27.35
pairs_54c821f	322	24.86
pairs_55cc8ee	326	24.409999999999997
pairs_55e99bb	368	26.349999999999998
pairs_5686c3d	373	25.529999999999998
pairs_56b5cda	354	29.76
pairs_57a9e95	379	27.72
pairs_57ea1fe	377	30.18
pairs_581ee1f	367	28.79
pairs_58e3b67	378	27.85
pairs_5962f01	341	26.89
pairs_5b66089	332	29.46
pairs_5c2d830	347	24.23
pairs_5d51bef	332	23.88
pairs_5e6ce9b	360	29.39
pairs_5eed242	319	26.130000000000003
pairs_5f01c08	360	26.73
pairs_5fd129d	334	28.32
pairs_612ca18	344	26.3
pairs_675d531	328	24.09
pairs_6791f73	321	25.810000000000002
pairs_6919124	371	31.69
pairs_6954d94	324	26.159999999999997
pairs_6a46eb0	319	28.26
pairs_6a84db5	326	26.619999999999997
pairs_6b88813	343	27.24
pairs_6c2fcba	375	30.119999999999997
pairs_6c568bf	340	26.86
pairs_6cc69a5	362	30.12
pairs_6cf245f	339	27.5
pairs_6e014ac	351	27.590000000000003
pairs_700bfc4	344	27.14
pairs_71f31d2	377	30.76
pairs_7258126	330	26.57
pairs_725a2c4	370	29.119999999999997
pairs_72ae9fa	345	27.580000000000002
pairs_747f546	370	27.92
pairs_7538d55	335	27.049999999999997
pairs_75450ec	336	25.18
pairs_7601cc8	361	26.220000000000002
pairs_768ef09	336	24.14
pairs_775f184	360	26.52
pairs_77d09b2	379	29.71
pairs_78a0fa1	321	28.57
pairs_78bb309	359	24.12
pairs_78fbc34	375	25.0
pairs_790f7b1	357	28.83
pairs_7abc3e2	369	29.92
pairs_7cb1a42	318	25.86
pairs_7cbb929	350	26.36
pairs_7e4397e	358	28.58
pairs_7e9b83a	365	26.740000000000002
pairs_7f39b50	373	27.61
pairs_7fd6241	329	29.979999999999997
pairs_8008d39	359	26.94
pairs_8086766	325	28.200000000000003
pairs_80e718b	354	24.53
pairs_812d14f	346	30.35
pairs_8135eac	379	27.889999999999997
pairs_81679c8	325	28.830000000000002
pairs_8188121	324	23.990000000000002
pairs_8188a0d	365	29.94
pairs_8234da8	376	28.82
pairs_82a68df	374	26.15
pairs_82ab834	344	27.14
pairs_86ca941	330	24.759999999999998
pairs_88ebe69	375	26.740000000000002
pairs_8961dc0	334	24.4
pairs_8a7d993	360	24.39
pairs_8b0df9f	364	24.57
pairs_8c677da	325	24.46
pairs_8ec6858	346	24.65
pairs_8efc9c5	322	27.54
pairs_8f69a6a	331	28.0
pairs_8fd90c3	352	28.96
pairs_903cc96	324	26.03
pairs_9072a26	368	30.11
pairs_9209782	334	24.360000000000003
pairs_92e1879	360	30.55
pairs_931e18b	358	24.21
pairs_9348f36	355	24.17
pairs_9405cb0	342	24.05
pairs_94a2ad5	326	25.990000000000002
pairs_959bde1	370	26.95
pairs_96a44f6	364	25.729999999999997
pairs_972d1ed	320	26.919999999999998
pairs_9745424	348	26.83
pairs_9873b7d	355	24.160000000000004
pairs_987ab8a	369	25.98
pairs_98a3572	334	24.19
pairs_98bc2c3	331	29.009999999999998
pairs_990bd9b	379	28.99
pairs_99baac8	355	26.66
pairs_99ffe53	348	29.84
pairs_9a93872	369	29.72
pairs_9a9fd6c	367	27.2
pairs_9af118f	319	23.69
pairs_9bc8447	371	29.380000000000003
pairs_9d1890f	362	24.81
pairs_9d291fa	347	27.490000000000002
pairs_9d87f7e	332	24.01
pairs_9dd0262	345	26.23
pairs_9f564d2	317	26.47
pairs_9ffb48e	351	27.74
pairs_a0fc0d6	348	27.3
pairs_a1599ac	320	25.97
pairs_a34862b	324	27.97
pairs_a36878e	336	24.82
pairs_a395ff5	344	26.87
pairs_a63fa8f	354	26.3
pairs_a699779	331	24.2
pairs_a7a385a	379	31.22
pairs_a8211c0	346	30.189999999999998
pairs_aa31a8b	331	26.02
pairs_ab8910d	350	24.200000000000003
pairs_abc9bfb	352	24.47
pairs_ac082ef	364	26.79
pairs_ac2a506	335	24.25
pairs_acbfa74	336	24.06
pairs_ad14c6e	356	23.990000000000002
pairs_ae700fc	317	27.580000000000002
pairs_af1f128	368	26.89
pairs_af365e5	320	24.22
pairs_af9d29e	358	27.580000000000002
pairs_affa69f	353	29.28
pairs_b0118dd	328	25.52
pairs_b0f61d5	371	31.39
pairs_b276b37	373	30.119999999999997
pairs_b35c4e8	363	26.619999999999997
pairs_b3dae27	365	27.79
pairs_b50857e	339	29.16
pairs_b5a0836	354	29.410000000000004
pairs_b844694	322	26.96
pairs_b950e15	345	29.65
pairs_ba79906	357	27.98
pairs_bb8a01d	346	26.36
pairs_bc10a92	345	24.11
pairs_bc4518d	335	24.279999999999998
pairs_be76a4d	343	26.759999999999998
pairs_bf285bd	374	28.29
pairs_bf9f029	334	28.05
pairs_bfacbfd	335	27.040000000000003
pairs_bfca262	353	27.53
pairs_c1d0f7d	364	26.0
pairs_c34378a	368	31.089999999999996
pairs_c3e5c4c	342	27.43
pairs_c4188e0	363	29.340000000000003
pairs_c8d7e4d	329	26.8
pairs_c9c29f6	359	24.32
pairs_cb1c5d6	328	24.42
pairs_cb904f2	373	24.33
pairs_cc15980	361	24.18
pairs_cc18d22	329	23.849999999999998
pairs_cc472ea	355	30.83
pairs_cc624c1	340	26.91
pairs_cf24856	337	27.5
pairs_d017830	358	25.869999999999997
pairs_d04097c	361	27.98
pairs_d1480c4	317	26.650000000000002
pairs_d3ae760	355	28.74
pairs_d4583e1	374	31.200000000000003
pairs_d45c7e4	353	26.33
pairs_d489ff5	375	26.85
pairs_d4eab2c	352	28.689999999999998
pairs_d626fe5	349	25.85
pairs_d65e569	325	29.259999999999998
pairs_d70c84f	350	28.36
pairs_d80ade2	351	24.369999999999997
pairs_d86e464	373	28.279999999999998
pairs_d90d9c3	349	24.549999999999997
pairs_da3a9bb	360	26.2
pairs_dbc339a	380	30.18
pairs_dbe7c34	321	27.29
pairs_dc2f6bf	321	27.880000000000003
pairs_dc88f96	348	28.64
pairs_dc99ea9	327	27.83
pairs_dcff713	371	27.2
pairs_dd52657	376	29.18
pairs_de08082	371	24.35
pairs_dea949b	359	24.31
pairs_dfee8f5	374	28.229999999999997
pairs_e07067d	360	24.659999999999997
pairs_e2337a9	330	28.689999999999998
pairs_e250c15	325	26.81
pairs_e3f3057	332	25.2
pairs_e532f2e	370	24.29
pairs_e539a35	350	30.48
pairs_e5b91dc	351	23.84
pairs_e6af153	324	27.75
pairs_e70e9b0	356	26.92
pairs_e85aaf6	344	28.93
pairs_e8fed47	366	28.62
pairs_e940d78	364	30.21
pairs_eaa786e	347	24.05
pairs_eaf7cce	360	28.32
pairs_eb5c693	375	24.43
pairs_ebd773c	330	25.040000000000003
pairs_ec3f82e	345	24.64
pairs_ec45957	342	28.799999999999997
pairs_ecc4cbb	324	23.78
pairs_ed8f9c2	343	26.0
pairs_ef4bc14	359	29.54
pairs_ef6ef0b	380	29.83
pairs_efb274d	337	26.409999999999997
pairs_efdd5cb	341	26.77
pairs_efe7d43	362	26.79
pairs_f09a37a	359	30.68
pairs_f2245b9	345	24.64
pairs_f22e438	365	25.56
pairs_f327f2b	361	24.32
pairs_f333579	343	24.209999999999997
pairs_f37dd94	358	26.75
pairs_f4d521b	359	26.13
pairs_f51ee3c	322	29.14
pairs_f5aacc6	338	27.660000000000004
pairs_f5bdfc6	359	29.39
pairs_f5e2c33	344	30.439999999999998
pairs_f673ffe	348	29.5
pairs_f70323b	356	26.1
pairs_f8246a2	345	26.6
pairs_f87d174	318	24.29
pairs_fa863d0	374	26.950000000000003
pairs_fa8db2c	357	24.68
pairs_fb9564e	360	25.36
pairs_fcec4b3	319	28.8
pairs_fd7d3ac	349	28.57
pairs_fd9c28c	337	23.93
pairs_fda6d93	330	29.369999999999997
pairs_fe6e136	376	24.82
pairs_fecaa3a	380	26.7
pairs_fecb451	354	29.32
pairs_fedd0ce	378	29.04
pairs_ffa4306	325	23.79
pairs_6a76180	2012	348.27
pairs_d3faac3	2011	322.59999999999997
pairs_dd930b8	2016	318.05
pairs_fa56654	2013	315.93
pools_2k_10c16e1	2011	312.28
pools_2k_1192215	2014	321.76
pools_2k_164e6b4	2014	338.54999999999995
pools_2k_22d4d4a	2013	353.18
pools_2k_305ebc4	2010	343.24
pools_2k_512a3f7	2011	337.91999999999996
pools_2k_6004693	2015	342.6
pools_2k_7b6561a	2011	337.12
pools_2k_8ea399e	2015	339.78
pools_2k_94e878f	2014	341.01
pools_2k_9b2588f	2015	336.59000000000003
pools_2k_9dae90d	2015	333.82
pools_2k_9f74ca9	2016	326.56
pools_2k_b696c3f	2016	346.57
pools_2k_b6c2ef9	2011	325.54
pools_2k_bbd7352	2010	322.51
pools_2k_c719fa4	2015	341.5
pools_2k_dda4a96	2014	345.51
pools_2k_e51f1a1	2010	343.02
pools_2k_e67a937	2012	339.71
pools_2k_f98b1d9	2012	353.29999999999995
pools_2k_ff4fc27	2013	336.37
pairs_007a3ac	636	86.81
pairs_0578cc3	651	58.510000000000005
pairs_05abed7	679	57.839999999999996
pairs_06ade5d	648	55.36
pairs_06de4a2	682	56.73
pairs_076761c	684	58.879999999999995
pairs_07e2970	631	53.94
pairs_08a7afc	645	55.97
pairs_09a9c6a	647	49.900000000000006
pairs_09ff05c	633	46.33
pairs_0d6680d	663	52.95
pairs_0f336c4	630	46.510000000000005
pairs_11ac9d5	626	53.92
pairs_11c4ebd	649	58.78
pairs_139091f	644	55.129999999999995
pairs_13a9691	663	46.6
pairs_14fa476	683	47.339999999999996
pairs_15732e8	667	51.53
pairs_1586899	678	58.230000000000004
pairs_15d53c9	659	50.94
pairs_15d71ce	658	57.87
pairs_15e5cd5	634	49.46
pairs_163de9b	637	57.9
pairs_1646532	625	46.24
pairs_168f27b	642	55.900000000000006
pairs_16a7ef5	627	54.08
pairs_172a4fb	665	57.93000000000001
pairs_17652c0	664	49.92
pairs_17a3712	659	59.51
pairs_1974847	647	48.160000000000004
pairs_1c9efb2	632	58.61
pairs_1e29017	641	55.620000000000005
pairs_1e67415	677	60.05
pairs_1f08d75	656	58.790000000000006
pairs_2120828	680	56.36
pairs_2223ba9	660	50.15
pairs_232c82d	683	57.19
pairs_24dfd05	646	48.989999999999995
pairs_2538f96	631	58.66
pairs_2542429	663	51.410000000000004
pairs_2713f27	656	58.269999999999996
pairs_279771d	655	59.64
pairs_29b75c7	649	50.69
pairs_2b61638	640	57.379999999999995
pairs_2bbc138	661	59.34
pairs_2d239ea	649	46.85
pairs_2d738d0	679	54.730000000000004
pairs_2e01b14	658	49.65
pairs_2ecd7c5	646	55.75
pairs_2fe5fee	635	58.55
pairs_2fe84f0	659	53.74
pairs_340ad46	653	48.7
pairs_34bf333	624	55.7
pairs_34f6399	680	60.489999999999995
pairs_353d214	678	56.269999999999996
pairs_35c3b95	682	57.269999999999996
pairs_3622684	665	55.83
pairs_373efb0	654	57.71
pairs_37ed8a8	658	47.050000000000004
pairs_3989aa4	646	59.15
pairs_3c4022b	670	47.43
pairs_3d118ad	642	54.39
pairs_3faf71b	668	53.769999999999996
pairs_410f5ab	656	46.42
pairs_425459a	658	59.12
pairs_445a794	635	55.64
pairs_449bb90	659	57.22
pairs_44bec2f	682	51.839999999999996
pairs_4580c82	668	55.62
pairs_45991c7	647	55.459999999999994
pairs_4896e0d	627	49.2
pairs_4904f5b	662	47.03
pairs_4919539	658	50.64
pairs_4963eb6	657	55.65
pairs_4a1970e	681	60.56999999999999
pairs_4d1fed2	679	49.72
pairs_4de38e6	667	52.59
pairs_4e03fa6	624	47.3
pairs_4e6494a	643	51.07
pairs_4ed6ee2	658	53.93
pairs_4efccfe	671	46.98
pairs_53276d1	624	55.31999999999999
pairs_55cfef0	679	47.08
pairs_55dace2	672	50.4
pairs_56f2fb7	633	49.3
pairs_57903c6	650	57.629999999999995
pairs_579fa20	665	47.25
pairs_57c235d	658	59.37
pairs_58daa65	652	46.599999999999994
pairs_594d2b8	682	50.730000000000004
pairs_59c0e9d	633	45.96
pairs_59f5bef	671	57.480000000000004
pairs_5a08728	660	57.84
pairs_5a0a615	652	46.96
pairs_5ba65e3	671	52.660000000000004
pairs_5ba74d4	666	55.629999999999995
pairs_5bcbc07	648	52.260000000000005
pairs_5bcc2e2	676	54.16
pairs_5bcd141	667	46.47
pairs_5c00289	664	51.22
pairs_5cb7638	634	58.44
pairs_5dd32f9	677	60.02
pairs_5f40297	625	58.51
pairs_60ccdd8	664	57.199999999999996
pairs_6487e0f	650	58.370000000000005
pairs_655c6c4	632	55.45
pairs_65a38f7	657	59.11
pairs_65bb5c1	677	56.6
pairs_65cf964	635	56.459999999999994
pairs_664c22a	662	56.42
pairs_6718ea7	635	46.5
pairs_67c731a	635	57.78
pairs_68f05ec	668	59.11
pairs_68f4754	652	59.55
pairs_6935535	667	59.620000000000005
pairs_6a1bb46	638	58.519999999999996
pairs_6b32ed9	638	46.56
pairs_6de3e7c	668	50.99
pairs_6de7ae3	642	50.95
pairs_7141ece	657	52.959999999999994
pairs_71a635b	628	54.46
pairs_71c7518	674	56.31999999999999
pairs_7212d6b	666	56.900000000000006
pairs_72b7309	659	57.379999999999995
pairs_72bfaf8	677	47.1
pairs_72f6f5d	626	46.39
pairs_730b7f8	650	57.67999999999999
pairs_736fc0a	646	58.87
pairs_7439ba6	673	53.12
pairs_752e0f2	651	57.71
pairs_75c28cf	653	58.08
pairs_75f7983	680	52.91
pairs_7690909	629	58.45
pairs_76c59d1	646	53.74
pairs_76fae2e	641	59.35
pairs_78fec58	679	58.879999999999995
pairs_7acff05	631	50.809999999999995
pairs_7c43a08	682	57.5
pairs_7d7f67b	661	50.7
pairs_80b00dc	640	58.03999999999999
pairs_80f8f85	666	52.91
pairs_8116c00	648	57.14
pairs_83153ef	654	54.04
pairs_8481ff0	671	55.5
pairs_8493ea7	660	55.44
pairs_853fbd1	631	58.55
pairs_858b9be	670	55.900000000000006
pairs_85eb3d0	630	52.35
pairs_8793db3	638	55.3
pairs_87b1fa2	682	46.97
pairs_88b9499	653	46.25
pairs_88ef24a	657	58.6
pairs_88f4bd8	643	55.44
pairs_898ba11	660	58.25
pairs_8993be2	682	47.57
pairs_8a49d3f	625	55.190000000000005
pairs_8ac4238	674	47.55
pairs_8af77d1	646	53.93
pairs_8c24bee	649	57.74
pairs_8ca7b9e	659	58.59
pairs_8d379a3	681	59.239999999999995
pairs_8e4acca	644	46.53
pairs_8e628eb	653	57.19
pairs_8ed473c	655	55.400000000000006
pairs_8f32283	667	46.89
pairs_8fc01e5	669	55.550000000000004
pairs_8fd4f33	670	58.37
pairs_919beb4	662	57.01
pairs_91dde45	638	47.17
pairs_92db494	668	52.87
pairs_935441a	660	58.67
pairs_93aec05	639	58.3
pairs_93c0177	628	50.53
pairs_93d7530	653	59.55
pairs_961001f	672	59.88
pairs_97cb2a1	627	57.760000000000005
pairs_9855fc9	644	55.94
pairs_98ab81b	666	59.739999999999995
pairs_98ff404	663	59.64
pairs_9bf9059	664	47.68
pairs_9c62a7e	677	56.84
pairs_9dbac6b	646	55.6
pairs_9fcefbf	654	55.419999999999995
pairs_a1350f0	662	58.690000000000005
pairs_a2ab512	661	55.29
pairs_a338c95	634	52.28
pairs_a35768d	657	47.199999999999996
pairs_a4453bb	672	47.870000000000005
pairs_a5d43ca	684	49.699999999999996
pairs_a6be079	659	59.25
pairs_a7b8d0b	646	51.75
pairs_a923d8e	645	46.45
pairs_a9778f3	666	46.39
pairs_a9c2f8a	651	54.07
pairs_aa256e0	644	56.58
pairs_aa4416c	660	53.67
pairs_aa8590d	666	58.230000000000004
pairs_aad982f	666	55.449999999999996
pairs_ab36810	631	51.14
pairs_ab6a8fc	640	47.83
pairs_ad25b6b	657	49.010000000000005
pairs_ae40844	665	53.86
pairs_b01652f	673	50.76
pairs_b1ad301	631	56.31
pairs_b1c025e	628	46.379999999999995
pairs_b227e5a	626	46.169999999999995
pairs_b307335	654	47.239999999999995
pairs_b31f9e2	658	58.620000000000005
pairs_b4df40b	662	58.33
pairs_b538ad0	652	52.78
pairs_b612999	660	56.47
pairs_b6704a5	658	52.48
pairs_b932f9d	624	48.67999999999999
pairs_babd23d	626	58.13
pairs_bb78fa5	652	48.370000000000005
pairs_bbba7b8	681	51.16
pairs_bbbafdb	655	57.129999999999995
pairs_bc3818c	661	55.71
pairs_bc56958	624	49.45
pairs_bcc8ed8	634	53.35
pairs_bdba6fa	660	58.98
pairs_bddaf01	633	56.18
pairs_c0c8cb2	669	54.1
pairs_c18f2fb	678	49.800000000000004
pairs_c298bcf	654	49.980000000000004
pairs_c491506	655	49.1
pairs_c601564	647	58.05
pairs_c92717f	624	53.22
pairs_ca14b03	637	56.69
pairs_cac2f19	630	57.77
pairs_cc0cb46	630	58.49
pairs_cd21fdb	656	52.35
pairs_ce426f2	671	51.13
pairs_ce51daa	625	50.18000000000001
pairs_cfcdec8	667	56.71
pairs_d0b5212	657	52.15
pairs_d31b9fd	684	46.97
pairs_d3fc7a0	631	57.3
pairs_d461ad7	669	60.36
pairs_d47a816	635	58.39
pairs_d5d8c70	682	58.489999999999995
pairs_d86fcef	639	57.53
pairs_d94e781	662	48.74
pairs_d9a3d2b	666	48.31
pairs_d9cb1cc	634	53.989999999999995
pairs_da4c70d	628	55.98
pairs_da6a509	669	57.56
pairs_da875cd	653	51.8
pairs_dadf4c1	675	56.239999999999995
pairs_daed8bb	643	55.279999999999994
pairs_dc0c094	670	54.08
pairs_dd79c07	647	58.56
pairs_ddceed3	652	50.75
pairs_dec1e04	633	56.93
pairs_deda5d9	684	47.25
pairs_e05b9e0	625	51.29
pairs_e0d4e61	641	47.699999999999996
pairs_e230426	670	55.49
pools_5k_089e248	5109	3034.61
pools_5k_19fc40d	5109	2968.8599999999997
pools_5k_7ecf09e	5109	2984.7
pairs_08e6248	1867	352.45000000000005
pairs_0d69991	1858	326.11
pairs_1a9ca2e	1839	321.8
pairs_1f7f0f7	1893	323.58000000000004
pairs_2adb2f3	1847	319.38
pairs_3667df7	1882	321.69
pairs_3b6affb	1842	321.79
pairs_403aa41	1852	320.51
pairs_502d5d5	1843	333.51000000000005
pairs_627443b	1885	327.72
pairs_6d6abfa	1864	322.71
pairs_775a064	1851	325.94
pairs_8940fd5	1889	318.81
pairs_8a7a17f	1887	319.71999999999997
pairs_aa11729	1873	322.84999999999997
pairs_c72ff72	1840	318.03
pairs_cafca11	1838	317.5
pairs_d3ee48c	1884	322.66
pairs_e3d23b8	1870	319.37
pairs_e7a61f4	1876	325.52000000000004
pairs_e801f6f	1859	321.82
pairs_f5bf9f8	1881	334.17
pairs_f90f67d	1894	324.12
pools_2k_60f39b1	1870	343.97
pools_2k_620d330	1883	345.36
pools_2k_7d69f04	1845	337.78000000000003
pools_2k_9b596ec	1864	358.12
pools_2k_b332bcf	1877	326.11
pools_2k_da13985	1893	335.3
pools_2k_df9e9ba	1884	352.87
pools_2k_e253f1f	1858	346.7
pools_2k_f6c6343	1880	330.34000000000003
pairs_a8a01c2	2078	549.25
pools_2k_07cb165	2080	528.26
pools_2k_0b1b2af	2079	549.16
pools_2k_1fb1667	2078	536.91
pools_2k_249a102	2080	555.05
pools_2k_2a72f5d	2081	548.31
pools_2k_318955c	2080	552.72
pools_2k_340b25f	2077	531.8
pools_2k_3e9d5c8	2078	550.5699999999999
pools_2k_424e601	2077	541.74
pools_2k_5658fad	2078	546.0600000000001
pools_2k_5683286	2078	551.21
pools_2k_5ef081a	2080	531.12
pools_2k_6473d08	2080	556.99
pools_2k_6da193c	2080	552.24
pools_2k_6e0e4b9	2079	549.36
pools_2k_9a47a83	2079	532.05
pools_2k_a5a2519	2079	552.25
pools_2k_a64e9cf	2080	557.0899999999999
pools_2k_b46b780	2078	549.77
pools_2k_c89e43d	2080	519.1
pools_2k_ca382a2	2078	540.16
pools_2k_ec20018	2080	552.93
pools_2k_f5e790f	2081	540.49
pools_2k_f9df684	2080	532.99
pairs_4756c13	2085	550.94
pairs_70050e4	2086	520.72
pairs_816807e	2087	517.82
pools_2k_023683e	2086	548.3199999999999
pools_2k_0e8e4a7	2085	523.8299999999999
pools_2k_0f4c119	2085	530.36
pools_2k_19b4dfe	2085	549.23
pools_2k_1dc1598	2087	545.36
pools_2k_25db934	2088	541.28
pools_2k_2ab4758	2086	550.84
pools_2k_2f8b384	2085	538.77
pools_2k_4aafe85	2086	538.4300000000001
pools_2k_4d5ba68	2084	555.99
pools_2k_624144f	2087	545.61
pools_2k_654acf5	2087	556.5500000000001
pools_2k_709ec89	2085	556.72
pools_2k_71d452b	2084	544.0
pools_2k_7ed427e	2086	541.86
pools_2k_90b22d4	2088	542.23
pools_2k_9a4973c	2085	533.35
pools_2k_ae3ff17	2085	545.1700000000001
pools_2k_c0324ab	2084	538.0500000000001
pools_2k_c3b566e	2087	551.54
pools_2k_ee62899	2087	552.05
pools_5k_436b6d4	5104	3157.13
pools_5k_723ec54	5103	3130.24
pools_5k_b541af4	5104	3111.82
pools_5k_dc21068	5103	3125.57
pools_4k_497fa64	4118	2286.33
pools_4k_8d7e796	4119	2233.42
pools_4k_95c4dc4	4119	2264.2000000000003
pools_4k_a6abca3	4119	2234.8799999999997
pools_4k_d695816	4119	2247.15
pools_4k_dbcea46	4118	2237.4100000000003
pools_5k_099e93d	5070	3170.49
pools_5k_4ad769b	5069	3118.22
pools_5k_a99bd4b	5070	3132.81
pools_5k_ea7d7a8	5070	3138.72
pairs_8682913	2097	553.6099999999999
pools_2k_07ee6e7	2099	519.76
pools_2k_0871a5c	2100	525.4399999999999
pools_2k_11458ff	2098	545.95
pools_2k_12aa322	2096	534.78
pools_2k_155e359	2097	541.9
pools_2k_1d90b1c	2098	524.2
pools_2k_2c9e1b6	2097	526.9499999999999
pools_2k_39538a4	2098	540.17
pools_2k_3b5b1a8	2099	517.5500000000001
pools_2k_4b283bc	2097	533.72
pools_2k_6b8bdea	2099	535.8000000000001
pools_2k_6ceabe4	2096	532.09
pools_2k_74a52cc	2099	529.22
pools_2k_7b8a473	2098	539.28
pools_2k_94a0e39	2099	548.66
pools_2k_9b2085b	2099	535.91
pools_2k_af2c907	2098	529.64
pools_2k_bd6c929	2097	544.37
pools_2k_c6bd7c6	2098	544.36
pools_2k_ce148df	2097	540.1
pools_2k_d4bda2a	2097	541.4
pools_2k_e31ce7a	2099	545.95
pools_2k_e8490f9	2097	545.25
pools_3k_2853d83	3076	1273.25
pools_3k_32ed47d	3077	1210.7
pools_3k_6e9f796	3075	1218.51
pools_3k_7490f08	3074	1224.96
pools_3k_87e8d2e	3076	1228.91
pools_3k_9943bf7	3074	1241.75
pools_3k_9a3f31a	3075	1206.1100000000001
pools_3k_aec7d90	3076	1192.18
pools_3k_bd6e43a	3074	1229.17
pools_3k_d0287a0	3076	1232.52
pools_3k_edf132a	3077	1234.33
pairs_52d923b	2082	566.14
pairs_9007c64	2083	529.21
pairs_b72a584	2082	527.08
pools_2k_1a8e33b	2082	553.11
pools_2k_225a356	2084	563.49
pools_2k_2e5465e	2081	564.06
pools_2k_3d23bc3	2081	557.65
pools_2k_5b95406	2083	539.72
pools_2k_74758dc	2084	559.03
pools_2k_8b5d0bc	2082	544.36
pools_2k_9244960	2083	555.65
pools_2k_992dec3	2081	546.86
pools_2k_9fefb98	2084	544.53
pools_2k_a634479	2084	532.65
pools_2k_b10cae2	2082	562.89
pools_2k_b29a31e	2083	556.35
pools_2k_bdd1a47	2081	559.84
pools_2k_cb27af0	2083	555.21
pools_2k_d48e88d	2081	543.69
pools_2k_d635f3a	2083	558.13
pools_2k_d7c87b9	2082	549.01
pools_2k_de30fcb	2081	543.87
pools_2k_ed1f084	2083	543.84
pools_2k_f7e13ce	2081	547.0
pools_2k_f92234c	2081	528.54
pools_5k_4b18c4c	5108	3126.48
pools_5k_9233153	5107	3068.7799999999997
pools_5k_a3c080e	5107	3068.1400000000003
pools_5k_b494537	5107	3064.5699999999997
pools_5k_270962a	5082	3130.8100000000004
pools_5k_4cb16fd	5081	3118.2
pools_5k_95d1217	5082	3083.82
pools_3k_06ab459	3112	1248.5
pools_3k_07553f6	3111	1211.72
pools_3k_0fc8a2d	3110	1225.3700000000001
pools_3k_14cf835	3109	1231.85
pools_3k_38d473a	3110	1199.27
pools_3k_b743c75	3111	1224.62
pools_3k_b96e6b4	3109	1202.51
pools_3k_bea7170	3111	1223.22
pools_3k_d24986a	3109	1216.94
pools_3k_ef02646	3111	1212.21
pools_4k_0137279	4075	1753.97
pools_4k_1e23d33	4077	1736.3400000000001
pools_4k_3f6c44f	4077	1713.75
pools_4k_4760e63	4078	1719.89
pools_4k_82bf93a	4076	1716.91
pools_2k_0153030	2094	579.0699999999999
pools_2k_0803b2d	2094	529.87
pools_2k_1a22903	2095	554.59
pools_2k_28370b6	2094	542.56
pools_2k_2d735fa	2093	564.72
pools_2k_347d888	2096	553.24
pools_2k_4452ba4	2093	527.14
pools_2k_467966e	2094	546.64
pools_2k_46d4795	2094	558.86
pools_2k_4a2593a	2094	555.21
pools_2k_4b7d89a	2093	564.05
pools_2k_53bde58	2095	541.27
pools_2k_7584bf6	2093	557.79
pools_2k_8024d12	2095	548.71
pools_2k_952dcbf	2094	545.44
pools_2k_9b5f515	2096	563.93
pools_2k_a29172c	2095	548.01
pools_2k_a6d7566	2095	536.79
pools_2k_aa2e3e1	2093	541.45
pools_2k_aa34cfd	2093	537.23
pools_2k_adb1522	2093	562.67
pools_2k_bb7dba3	2092	549.28
pools_2k_d38a851	2096	538.32
pools_2k_db6af54	2094	564.19
pools_2k_f0eb5f8	2094	557.76
pools_2k_09ffa33	2039	357.59
pools_2k_1361f7c	2038	348.88
pools_2k_1f3d8ee	2036	347.76000000000005
pools_2k_1fb2cf3	2035	336.47
pools_2k_1fb6a4e	2036	339.35999999999996
pools_2k_2dc76c2	2039	348.02000000000004
pools_2k_3194ed4	2036	349.83
pools_2k_35fc90c	2036	348.11
pools_2k_38dbd24	2036	344.18
pools_2k_3d5adcd	2039	349.44000000000005
pools_2k_3feca35	2037	351.82
pools_2k_471f194	2037	339.08
pools_2k_5c373dc	2038	348.82
pools_2k_612efb3	2039	326.95
pools_2k_703e15c	2035	348.39
pools_2k_70e4d28	2037	346.59
pools_2k_741f715	2035	338.15
pools_2k_7726821	2036	351.82
pools_2k_8a9191c	2038	317.03999999999996
pools_2k_acabb6f	2037	353.48
pools_2k_b16d087	2038	346.75
pools_2k_d882534	2037	325.32
pools_2k_dcdafae	2034	345.86
pools_2k_e090b2c	2036	343.97999999999996
pools_2k_ed5eb49	2034	314.8
pools_2k_f5e7e90	2035	332.44
pools_5k_15fda8d	5111	3159.97
pools_5k_5a6844e	5111	3128.3
pools_5k_fc6d21b	5110	3132.17
pairs_14ccfa8	2062	559.64
pairs_3e1d93f	2063	530.4300000000001
pairs_8f8e8bf	2062	530.78
pairs_b56542b	2062	526.17
pools_2k_003c6be	2063	548.5600000000001
pools_2k_0a03822	2061	535.51
pools_2k_2439b99	2064	531.4200000000001
pools_2k_26cd837	2061	559.09
pools_2k_35aa0f2	2062	548.2
pools_2k_4edabca	2063	530.97
pools_2k_5396c7c	2062	546.27
pools_2k_5617db3	2063	553.9399999999999
pools_2k_5ea27dd	2062	557.96
pools_2k_6a47a36	2062	535.78
pools_2k_8d7c24b	2064	560.85
pools_2k_997c119	2062	563.08
pools_2k_9b5e636	2063	556.13
pools_2k_9c2d435	2062	547.4
pools_2k_ae41768	2062	540.8
pools_2k_b30cecb	2063	552.99
pools_2k_cb84e46	2064	565.26
pools_2k_ce03f2d	2064	550.71
pools_2k_ea78c18	2064	526.23
pools_2k_eb13737	2061	548.8
pools_2k_f99ef20	2063	555.47
pools_5k_4efef7e	5028	3110.96
pools_5k_8c1bda5	5027	3059.98
pools_5k_b183026	5028	3078.75
pools_5k_e85a716	5028	3049.92
pools_4k_5e16e48	4026	1693.7
pools_4k_5eeed4c	4024	1674.37
pools_4k_832bc49	4025	1673.99
pools_4k_e723f1a	4023	1668.53
pools_4k_e760c5c	4026	1687.9899999999998
pools_4k_f6e5b88	4025	1679.26
pairs_3a2d871	1972	354.7
pairs_89eb899	1962	329.75
pairs_b0bf3c8	1970	330.26
pools_2k_032715c	1968	320.31
pools_2k_0a0e51d	1970	346.14
pools_2k_0e9ee80	1962	358.86
pools_2k_10c01e9	1975	353.25
pools_2k_246bf62	1967	348.12
pools_2k_26515b8	1966	336.64
pools_2k_33ec5d2	1980	361.47
pools_2k_3df32d2	1962	335.79
pools_2k_4f2908f	1972	338.3
pools_2k_57d5a9c	1975	330.03
pools_2k_61d7e73	1967	357.23
pools_2k_63ee21d	1967	357.76
pools_2k_764110c	1976	354.93
pools_2k_8c68dbd	1973	342.44
pools_2k_8e65a01	1977	358.5
pools_2k_93398e8	1977	344.01
pools_2k_94a7822	1979	331.59000000000003
pools_2k_9dad8ce	1970	348.87
pools_2k_a27d79e	1977	353.62
pools_2k_a4d0877	1977	361.21
pools_2k_adf9d8e	1980	344.74
pools_2k_ccda8e2	1980	329.34
pools_2k_d24fe1f	1962	354.81
pools_2k_d3444d3	1977	351.4
pools_2k_dd4cd5f	1969	342.78
pools_4k_040a2cb	4000	1685.23
pools_4k_064cace	3991	1681.46
pools_4k_3006826	3993	1682.5200000000002
pools_4k_58a7030	4001	1694.97
pools_4k_dc87d59	4000	1681.1399999999999
pools_5k_2323652	5120	3080.71
pools_5k_6a4173c	5120	3075.2
pairs_022da67	932	113.97
pairs_0400d30	888	77.05
pairs_04b4c89	892	90.21
pairs_04fce42	916	90.32
pairs_06b1537	927	95.7
pairs_0a4b12b	902	95.42999999999999
pairs_0b30517	937	97.36000000000001
pairs_0d97b63	898	87.34
pairs_1232df0	915	89.97
pairs_13cd227	913	92.49000000000001
pairs_187f65b	931	96.92999999999999
pairs_1b01df0	921	82.03
pairs_1b82b58	899	90.55
pairs_21c2cdf	917	87.93
pairs_225de3e	928	97.34
pairs_2310031	920	87.28999999999999
pairs_239ba93	907	90.06
pairs_25fecaf	889	94.35
pairs_2715ea7	888	88.1
pairs_296479c	893	84.60000000000001
pairs_2aa9ec4	907	96.25
pairs_2be5231	932	98.41
pairs_2bfaca5	912	85.02
pairs_2d31eff	940	92.46000000000001
pairs_2d6215b	888	86.97999999999999
pairs_2e457ce	923	92.7
pairs_318bdfa	918	78.15
pairs_321b43d	912	95.94000000000001
pairs_34243b4	927	95.1
pairs_388f867	923	89.19
pairs_3cda0f7	892	93.00999999999999
pairs_41af73d	917	85.57
pairs_41cd8eb	906	93.24
pairs_437088a	936	93.61
pairs_456a0a6	927	96.39
pairs_456bb89	912	82.30000000000001
pairs_472ebda	904	87.05000000000001
pairs_474e4b7	919	94.8
pairs_4bf0bd9	907	79.41000000000001
pairs_4c2725a	934	93.81
pairs_4cc0db0	908	97.16
pairs_4d76356	927	77.36000000000001
pairs_4d9faba	906	93.22999999999999
pairs_4f12adf	932	92.35
pairs_519630f	889	95.17
pairs_52a763f	911	95.86999999999999
pairs_55bae3e	899	86.88
pairs_56ebc26	895	87.00999999999999
pairs_58963cd	934	89.54
pairs_5896e96	938	96.99
pairs_58bf1cd	901	96.41
pairs_5c9b152	910	93.05
pairs_5d1e35c	917	91.82
pairs_5e1c28a	912	93.56
pairs_5f39b40	928	96.17999999999999
pairs_6084e54	919	94.00999999999999
pairs_6089754	914	94.35999999999999
pairs_60ea2b0	894	95.67
pairs_6256926	909	93.97
pairs_627770d	922	96.80000000000001
pairs_642c621	922	93.22999999999999
pairs_65ae3fc	903	91.65
pairs_6bb3cc6	918	87.58
pairs_6f23b83	921	96.34
pairs_70111f3	897	90.88
pairs_72fa90b	940	89.21
pairs_73d9bc7	900	77.31
pairs_74e8ed6	910	85.53
pairs_74ec170	929	83.53
pairs_781cd0e	890	93.58000000000001
pairs_78e1e1e	890	96.12
pairs_7945caa	937	96.09
pairs_79bf91a	935	78.48
pairs_7a996c6	900	79.11
pairs_7ccb045	900	92.63
pairs_7ff10a2	898	82.74
pairs_80d925b	913	96.45
pairs_817a6dc	921	77.14
pairs_8311ed7	922	96.75
pairs_834ca8d	897	78.07
pairs_8416e37	920	77.28999999999999
pairs_860adc7	933	94.02000000000001
pairs_86753dc	936	97.42
pairs_89eeee0	902	86.91
pairs_8add288	912	77.95
pairs_8bf9156	893	94.59
pairs_916b51c	916	96.30000000000001
pairs_92f285c	918	91.43
pairs_944f2da	937	89.60999999999999
pairs_9601647	895	92.99000000000001
pairs_96a9aab	916	93.78
pairs_98a331c	894	86.87
pairs_9a78b08	915	84.32
pairs_9ca2a4f	937	77.88
pairs_9cf240d	910	95.09
pairs_9d1eaa6	931	96.28999999999999
pairs_a05e3aa	897	95.15
pairs_a288f48	937	82.06
pairs_a32b7a5	923	94.13
pairs_a35dcf2	892	94.89999999999999
pairs_a386ab4	898	95.29
pairs_a3e416e	904	97.28999999999999
pairs_a508b1c	889	83.94
pairs_a6394da	908	95.17
pairs_a6acb82	926	97.06
pairs_a7811ce	896	95.08
pairs_a7ce501	918	95.69
pairs_a842a2a	928	91.42
pairs_a861d7f	893	96.36
pairs_aa20229	931	83.97999999999999
pairs_ab366fb	897	82.06
pairs_ac2f5ff	924	83.72
pairs_af79945	891	92.75999999999999
pairs_b02a20e	893	77.42
pairs_b36ced0	918	86.25
pairs_b47c419	917	77.8
pairs_bef765d	936	96.42
pairs_c23215d	888	80.15
pairs_c3241db	907	96.3
pairs_c5b4053	898	95.42
pairs_c7660f4	914	93.47
pairs_c8c38ac	928	97.42
pairs_ca752a6	930	96.5
pairs_ced2989	894	92.08000000000001
pairs_d32642d	912	94.41999999999999
pairs_d362e38	928	93.1
pairs_d3c4a94	916	90.07000000000001
pairs_d3e0857	934	85.78
pairs_d9f8f13	895	88.83
pairs_dae2d81	922	93.57000000000001
pairs_e245020	888	94.86
pairs_e33a968	930	97.51
pairs_e3c81f8	907	81.34
pairs_e4b11ef	936	97.42
pairs_e547904	921	88.07000000000001
pairs_e72ece7	906	83.66999999999999
pairs_e790ac4	937	93.67
pairs_e7bead5	891	91.87
pairs_e81e736	932	92.07000000000001
pairs_e87fd23	891	84.84
pairs_e91fe0d	928	93.37
pairs_eb716c5	920	88.50999999999999
pairs_eba65c9	938	94.02000000000001
pairs_ed1c01c	916	89.27000000000001
pairs_edb4e83	940	87.78
pairs_edd918b	913	94.46
pairs_eeba8b5	917	94.87
pairs_efd0fee	928	95.69999999999999
pairs_f2aee96	911	95.99000000000001
pairs_f381b52	924	82.71000000000001
pairs_f46412c	939	92.78999999999999
pairs_f6701e0	939	97.66
pools_5k_2ed407b	5016	3139.61
pools_5k_65d96bc	5014	3111.1099999999997
pools_5k_6828836	5015	3115.4900000000002
pools_5k_d6ba90b	5014	3093.9
pools_4k_1216aa2	4102	2374.86
pools_4k_2b506b6	4105	2327.4900000000002
pools_4k_c383ec6	4102	2338.06
pools_4k_e45e97b	4103	2337.42
pools_4k_ebe3399	4105	2353.46
pools_5k_2383d14	5019	3077.3999999999996
pools_5k_3ca514a	5018	3037.35
pools_5k_68316de	5016	3045.18
pools_3k_3293f52	3059	882.85
pools_3k_5339451	3060	870.6800000000001
pools_3k_64b55e4	3062	857.89
pools_3k_6772f8f	3061	872.3900000000001
pools_3k_679634b	3061	874.74
pools_3k_7146297	3059	866.21
pools_3k_9b92b44	3058	843.3100000000001
pools_3k_9f17067	3059	870.39
pools_3k_cf7cb6d	3059	834.85
pools_3k_f17d4a1	3060	861.23
pools_3k_3da9ce0	3054	907.28
pools_3k_4c583a1	3054	865.18
pools_3k_5d44078	3056	862.62
pools_3k_66e0c99	3058	854.24
pools_3k_8982edf	3055	877.47
pools_3k_8a24dbb	3057	864.7900000000001
pools_3k_a0e93ee	3055	865.3199999999999
pools_3k_b10ca90	3054	864.0
pools_3k_d03b632	3054	843.1
pools_3k_da87378	3058	856.1600000000001
pairs_00f1d21	511	64.12
pairs_01b6623	551	73.88
pairs_0212aaa	506	27.599999999999998
pairs_02e2a78	549	50.45
pairs_03e09e1	519	46.01
pairs_043441a	533	50.17
pairs_0476721	508	29.19
pairs_0563493	539	45.099999999999994
pairs_0699286	501	33.0
pairs_06bad5f	549	50.64
pairs_075d863	520	47.31
pairs_07839be	547	53.370000000000005
pairs_07d8b58	555	54.92
pairs_0b1207d	523	50.63
pairs_0b3a919	516	53.11
pairs_0bbd279	535	47.11
pairs_0c5179b	549	55.67
pairs_0e2b9b6	550	54.37
pairs_0e7bd37	501	27.38
pairs_0fc7770	523	47.800000000000004
pairs_0feba05	515	49.760000000000005
pairs_1230a26	502	25.72
pairs_13674ae	510	31.57
pairs_13e6893	552	48.2
pairs_149ce14	550	47.48
pairs_14af8df	505	32.86
pairs_1569d1f	503	32.84
pairs_164e2ba	503	28.8
pairs_18410aa	546	53.010000000000005
pairs_19d070f	504	30.560000000000002
pairs_19e8717	503	35.6
pairs_1b13ac3	552	54.0
pairs_1c21c05	530	50.82
pairs_1d73fbe	551	52.629999999999995
pairs_1d89f30	497	25.950000000000003
pairs_1e90105	512	25.91
pairs_1edbf20	511	26.89
pairs_1fa4dd8	535	51.76
pairs_207deca	495	26.12
pairs_210caa9	550	52.85
pairs_21903b6	546	54.940000000000005
pairs_22720ca	511	25.9
pairs_22b5cc1	496	31.020000000000003
pairs_230176c	520	44.83
pairs_2666d3a	551	45.17999999999999
pairs_26ab146	527	45.29
pairs_271c2a7	514	50.67
pairs_2906df4	553	45.51
pairs_2a15352	521	54.879999999999995
pairs_2b3e03d	530	48.81
pairs_2b5999b	517	52.59
pairs_2c285b0	495	31.15
pairs_2c44e81	502	33.84
pairs_2cd41b9	548	55.27
pairs_2f4dc41	548	55.03
pairs_2ff372f	526	50.24
pairs_302ad7e	555	55.17
pairs_306ded7	505	27.84
pairs_31af482	554	55.34
pairs_320c61d	497	30.58
pairs_3523aea	556	53.26
pairs_36ff935	492	31.93
pairs_371fea5	501	25.919999999999998
pairs_37a8754	511	36.09
pairs_3953337	550	52.56
pairs_3a42b32	522	52.92
pairs_3b8af36	544	54.03
pairs_3c42a12	526	55.0
pairs_3cb6019	512	27.159999999999997
pairs_3ded1e7	493	25.68
pairs_3e0a848	511	28.14
pairs_3fa001a	554	46.879999999999995
pairs_4002179	511	25.689999999999998
pairs_4009350	502	30.619999999999997
pairs_401fdb5	500	30.57
pairs_41bdf2e	521	52.519999999999996
pairs_41ccf24	509	34.24
pairs_420caf5	528	50.0
pairs_42c9bfc	511	28.07
pairs_4386f1f	530	54.629999999999995
pairs_4430e53	534	54.03
pairs_44408e6	540	45.07
pairs_446f743	499	30.07
pairs_457660b	537	53.31
pairs_458755a	500	30.840000000000003
pairs_46175a0	545	47.46
pairs_4644b9a	521	50.910000000000004
pairs_478ba5b	516	52.44
pairs_480d4c8	503	27.630000000000003
pairs_489d82f	514	49.19
pairs_494ee69	533	51.78
pairs_4995a72	532	45.61
pairs_4a10797	535	54.58
pairs_4aec27a	516	44.56
pairs_4b543cb	538	54.269999999999996
pairs_4bc5280	494	25.54
pairs_4bf3052	520	53.12
pairs_4cb0ca3	524	52.18
pairs_4e03fb8	522	49.84
pairs_4f30a47	547	55.129999999999995
pairs_4fdf054	541	47.33
pairs_50132c5	541	44.989999999999995
pairs_50e9699	494	30.82
pairs_514feee	532	53.690000000000005
pairs_5183cfc	540	48.17
pairs_51c8ef4	506	31.990000000000002
pairs_51f8beb	509	27.36
pairs_52fed4e	502	31.1
pairs_537e0b9	539	49.88
pairs_53e1fc7	526	54.8
pairs_541fb66	502	25.689999999999998
pairs_542f4a0	493	31.770000000000003
pairs_55cf820	554	48.06
pairs_55e414e	506	27.95
pairs_56502d2	542	50.69
pairs_56787fb	506	28.57
pairs_56bfee6	545	52.290000000000006
pairs_5746c20	545	48.910000000000004
pairs_5819b8d	500	34.52
pairs_597d446	546	53.99
pairs_5caa8bb	552	52.78
pairs_5ce661e	543	55.129999999999995
pairs_5e77675	546	51.47
pairs_5ee3090	542	48.75
pairs_61a0068	500	31.89
pairs_6203f5a	554	54.46
pairs_6231608	514	51.68
pairs_62a960d	504	25.85
pairs_63ddedf	500	27.54
pairs_6582cbd	523	49.79
pairs_6584537	539	53.13
pairs_67474f1	531	49.96
pairs_689290f	501	30.4
pairs_6927934	495	27.759999999999998
pairs_69306b1	512	34.95
pairs_6a0fdd6	550	50.4
pairs_6a58312	537	53.15
pairs_6ac91a5	501	34.269999999999996
pairs_6aeb687	500	35.05
pairs_6d8019e	515	47.27
pairs_6db704c	533	49.02
pairs_6e07182	510	26.58
pairs_6ea97c2	504	31.26
pairs_6eeea24	547	50.63
pairs_6f78451	523	54.38
pairs_6fcc4e7	516	44.599999999999994
pairs_6fd71eb	506	31.880000000000003
pairs_6ff59da	503	35.120000000000005
pairs_704cafc	540	49.08
pairs_70961d6	529	54.699999999999996
pairs_7140ff9	529	53.18000000000001
pairs_71681be	548	47.67
pairs_71c227f	549	45.7
pairs_72eeb4e	546	53.23
pairs_72fc113	526	54.12
pairs_732b306	555	45.11
pairs_738751b	508	32.85
pairs_73ee92a	503	32.94
pairs_749902a	506	28.25
pairs_7540fc8	521	44.629999999999995
pairs_757b53a	492	31.78
pairs_758a07c	524	53.099999999999994
pairs_76fffff	505	31.01
pairs_773c3a1	492	30.22
pairs_774ac1d	534	55.14
pairs_77de5f8	552	54.58
pairs_78f41cc	548	55.67
pairs_7a6fca3	537	49.129999999999995
pairs_7adb726	511	32.629999999999995
pairs_7b2fee2	520	54.22
pairs_7b7ff7a	536	49.230000000000004
pairs_7b9ddfa	521	48.85
pairs_7c73be7	515	51.440000000000005
pairs_7d6a820	516	48.3
pairs_7e10f3d	537	52.04
pairs_7ece4e7	533	46.25
pairs_7f2bc36	517	50.8
pairs_7f58ee5	505	25.810000000000002
pairs_7f7e3e5	536	45.4
pairs_801883e	494	30.11
pairs_811328f	518	44.379999999999995
pairs_81c4cc0	545	52.25
pairs_83baf0e	542	53.43
pairs_843e58b	529	47.07
pairs_8468cc5	538	51.57
pairs_84ed319	550	49.13
pairs_8631ac8	528	51.38
pairs_88a293f	511	31.15
pairs_890e32f	543	54.21
pairs_8aea83d	498	34.54
pairs_8c1cd5d	516	45.92
pairs_8e14bbf	517	52.339999999999996
pairs_8e4dff5	557	49.39
pairs_8ed0904	521	52.489999999999995
pairs_8eeb90b	541	47.0
pairs_8f2b4cb	504	28.689999999999998
pairs_904bcf4	496	30.22
pairs_9257553	517	47.81
pairs_94b7ce0	536	48.769999999999996
pairs_9595097	541	44.87
pairs_95c97bd	515	46.45
pairs_95ee2e1	521	44.940000000000005
pairs_969876d	534	53.51
pairs_971e567	503	26.27
pairs_9775158	549	55.09
pairs_985c7df	552	54.53
pairs_9991c5f	497	30.31
pairs_9c76c3c	541	50.739999999999995
pairs_9c82c3e	504	25.9
pairs_9d3e417	528	48.760000000000005
pairs_9dc549e	533	48.0
pairs_9df111b	551	51.88
pairs_9e4aa09	513	51.32
pairs_9e4b725	532	52.11
pairs_9e60f1b	522	44.58
pairs_9efe9fb	536	44.42
pairs_9f28775	517	45.4
pairs_9f74b88	530	54.24
pairs_9fd6ef6	519	44.6
pairs_a13480c	554	47.11
pairs_a2b2705	499	34.53
pairs_a5401a5	493	31.29
pairs_a548b6a	504	34.58
pairs_a576348	548	44.900000000000006
pairs_a82771c	498	31.78
pairs_a9f5d8f	496	28.47
pairs_a9fb197	529	51.510000000000005
pairs_aa7c061	512	34.93
pairs_ab48d5b	515	53.29
pairs_aba7ff7	521	53.63
pairs_aca529c	547	48.77
pairs_ad3329f	532	54.620000000000005
pairs_ada5657	499	25.88
pairs_b2b4600	557	56.75
pairs_b440cbc	513	47.39
pairs_b520efe	547	55.03
pairs_b6434a9	553	45.58
pairs_b7fafe9	495	27.72
pairs_b84ee4e	548	45.209999999999994
pairs_b927c8a	549	55.349999999999994
pairs_ba15fff	538	53.589999999999996
pairs_ba6db6c	508	26.47
pairs_ba8df20	551	45.41
pairs_bca2b58	530	44.63
pairs_bd63a6e	545	47.51
pairs_bed8654	520	54.17
pairs_c001e8d	552	53.75
pairs_c042003	493	25.82
pairs_c09c4da	523	48.17999999999999
pairs_c0e8572	502	27.92
pairs_c193c76	496	30.86
pairs_c2698e1	541	52.14
pairs_c3f31cd	519	54.04
pairs_c4018e2	502	35.34
pairs_c4fb480	499	34.26
pairs_c53c583	556	53.690000000000005
pairs_c688de8	509	27.51
pairs_c78266d	522	48.38
pairs_c7dcb5f	497	27.740000000000002
pairs_ca304ca	509	32.010000000000005
pairs_ca44828	534	45.27
pairs_cab6ca2	532	50.95
pairs_cb4621d	550	52.65
pairs_cc4dd63	541	47.660000000000004
pairs_cdef5eb	546	54.940000000000005
pairs_cdf0e8b	523	51.33
pairs_cfc954d	516	50.629999999999995
pairs_d0994d6	495	31.86
pairs_d2115d8	501	33.85
pairs_d2727de	511	28.520000000000003
pairs_d274c06	556	52.3
pairs_d313c29	553	54.07
pairs_d3e1b34	529	51.56
pairs_d427fca	504	33.03
pairs_d496e3a	528	54.349999999999994
pairs_d4d296d	497	25.94
pairs_d4f8c5c	543	45.1
pairs_d8058f9	506	35.34
pairs_d8ce213	523	53.22
pairs_d8ea603	511	30.31
pairs_d8f122b	531	50.39
pairs_d952fd1	510	28.18
pairs_d964521	540	47.309999999999995
pairs_da3026f	511	35.32
pairs_da85d23	501	31.939999999999998
pairs_dad2979	506	29.57
pairs_dada21a	554	52.12
pairs_db13119	540	55.0
pairs_dbc5dda	494	35.37
pairs_dc85c0c	547	45.089999999999996
pairs_dc9e2a8	535	52.050000000000004
pairs_dcf4e43	505	34.44
pairs_dd5ac57	507	32.120000000000005
pairs_dd9897c	525	53.82
pairs_ded3a11	554	52.47
pairs_df03a51	528	52.0
pairs_df5f5fa	514	44.730000000000004
pairs_dfe4b9a	500	25.47
pairs_dff8e81	548	46.97
pairs_e0ed7e7	546	44.91
pairs_e13ace1	554	49.08
pairs_e4bfb42	510	33.370000000000005
pairs_e5417bc	533	45.11
pairs_e71e4d2	493	28.02
pairs_e7e0c56	552	53.54
pairs_e881ed2	556	51.769999999999996
pairs_e8862a9	544	51.98
pairs_e8bc390	544	51.42
pairs_e973938	493	33.74
pairs_e9b9e09	508	33.61
pairs_e9c4e4f	535	54.650000000000006
pairs_eb707f8	549	47.6
pairs_ebdbd0e	521	53.63
pairs_ec50423	495	35.09
pairs_eda4f8e	551	55.06
pairs_ee66963	508	34.63
pairs_f0b6cdf	546	53.67
pairs_f0e435f	523	51.59
pairs_f0f6462	505	32.52
pairs_f1803f4	525	52.2
pools_5k_1b9072d	5108	3029.29
pools_5k_7937370	5108	3015.24
pools_5k_c0435c9	5109	3021.08
pools_3k_0c0ebdd	3018	847.35
pools_3k_2ef2634	3021	866.01
pools_3k_30cbca4	3017	861.93
pools_3k_3cf99eb	3020	840.6800000000001
pools_3k_45d0867	3020	851.2
pools_3k_77fbff8	3019	862.4200000000001
pools_3k_9541057	3021	864.09
pools_3k_b33d702	3017	839.0400000000001
pools_3k_bace41e	3021	848.8399999999999
pools_3k_e45b532	3018	857.89
pools_4k_2bf8ee7	4034	1744.03
pools_4k_457a32e	4036	1708.24
pools_4k_4c17ee7	4039	1698.35
pools_4k_5581561	4034	1712.17
pools_4k_af3fda4	4035	1712.8200000000002
pools_4k_d35a488	4035	1690.49
pools_4k_100a318	4018	1809.91
pools_4k_7cf89d4	4016	1769.98
pools_4k_8e698ed	4016	1746.37
pools_4k_96395fd	4020	1748.38
pools_4k_d8bc2a8	4019	1746.99
pairs_0092162	577	74.99
pairs_022cec1	593	52.85
pairs_03d2b7e	614	57.84
pairs_03fd761	564	52.49
pairs_04e2834	583	54.46
pairs_051f03f	590	54.68
pairs_057b364	570	49.29
pairs_05d0e98	622	58.14
pairs_06cd023	588	53.89
pairs_06f058d	622	55.27
pairs_06fa54a	603	57.77
pairs_070de4f	559	52.11
pairs_0752ef5	584	54.19
pairs_07938c8	586	47.93
pairs_07d62f2	593	56.33
pairs_0849c70	587	57.15
pairs_085e45b	605	55.32
pairs_099bba8	594	54.51
pairs_0a1409c	622	46.55
pairs_0b35a50	581	45.71
pairs_0ccb096	598	54.32
pairs_0e44cc3	564	51.54
pairs_1026d3f	564	50.31
pairs_114057b	612	48.58
pairs_11cf082	602	46.37
pairs_1330230	616	46.08
pairs_1525acb	612	57.23
pairs_1580f13	602	57.07
pairs_15c7a6e	571	53.96
pairs_15feb43	621	57.03
pairs_16d3c6b	573	52.739999999999995
pairs_172b339	593	54.42
pairs_181e38b	558	50.2
pairs_191a225	557	52.41
pairs_199d420	580	46.81
pairs_19c7bed	607	51.230000000000004
pairs_1c4bc90	588	56.72
pairs_1e3ca97	581	54.67
pairs_1ec2a55	608	46.44
pairs_1fa061e	611	49.8
pairs_216a77a	602	46.45
pairs_227eedf	565	48.58
pairs_228fcad	603	57.51
pairs_22ffd5b	585	54.41
pairs_232bd0a	583	56.29
pairs_2334740	622	49.53
pairs_236a34f	565	56.21
pairs_2478bbf	565	48.040000000000006
pairs_27110be	608	56.769999999999996
pairs_28c0503	560	54.71
pairs_28ddeeb	573	48.650000000000006
pairs_2902de2	599	50.010000000000005
pairs_29ad334	570	56.39
pairs_29c84f7	619	46.730000000000004
pairs_29cdae4	569	55.92
pairs_29e64e0	584	55.39
pairs_2a47803	620	51.63
pairs_2a7445c	585	54.599999999999994
pairs_2ad57bc	617	48.58
pairs_2b46905	617	57.7
pairs_2c2c9f5	589	51.68
pairs_2c397eb	610	52.97
pairs_2e44d51	617	48.7
pairs_30defe3	594	55.53
pairs_31b05a3	584	54.85
pairs_35594e8	573	45.64
pairs_355e0f7	623	58.370000000000005
pairs_35ea5f0	621	46.66
pairs_36d113d	618	46.37
pairs_3a1454b	622	56.510000000000005
pairs_3a6aa33	610	46.79
pairs_3ad07a2	620	55.22
pairs_3d564d2	622	56.5
pairs_3d88dce	576	49.160000000000004
pairs_3dd8382	587	56.81
pairs_3e8894c	611	57.22
pairs_3eed0b4	606	54.77
pairs_3f9eaab	597	54.61
pairs_4121326	593	49.120000000000005
pairs_42d1ff9	560	54.0
pairs_4390da6	604	56.9
pairs_43d065b	592	56.349999999999994
pairs_441d765	582	49.55
pairs_4481c74	623	46.51
pairs_44a5a3c	576	54.95
pairs_44c741e	561	49.129999999999995
pairs_45116c5	615	50.129999999999995
pairs_451346f	573	53.31999999999999
pairs_4597f34	579	49.33
pairs_45b5434	575	54.0
pairs_46e0b7c	612	55.86
pairs_47361fe	621	55.61
pairs_48075bd	571	45.7
pairs_4a691bb	566	55.14
pairs_4b8fae5	619	46.080000000000005
pairs_4b99841	558	45.56
pairs_4dce1d0	591	55.08
pairs_4e2cf18	578	46.24
pairs_4e91e55	560	54.0
pairs_4fec076	594	56.480000000000004
pairs_50035a4	579	48.03
pairs_5086a49	575	54.45
pairs_5151b1b	609	46.83
pairs_515663d	579	47.62
pairs_51a2e87	600	46.17
pairs_51f52e6	580	55.72
pairs_5220c56	591	53.25
pairs_535720a	619	46.31
pairs_549de22	568	52.75
pairs_54cd2d7	596	53.9
pairs_54ee561	608	53.68000000000001
pairs_556a10b	563	46.08
pairs_562c778	615	52.739999999999995
pairs_57c9364	594	55.75
pairs_584b948	604	49.0
pairs_58b91cd	587	46.01
pairs_594c2b8	613	55.65
pairs_5a4ed58	608	49.730000000000004
pairs_5a6a1b6	558	46.55
pairs_5b04338	589	45.82
pairs_5b78fa7	579	50.5
pairs_5c5eddc	592	56.129999999999995
pairs_5d329d9	576	53.19
pairs_60a8e75	565	45.7
pairs_622da05	583	54.349999999999994
pairs_63cfb1c	611	53.96
pairs_6408d79	593	46.16
pairs_64be61f	616	57.32
pairs_659f82a	622	54.83
pairs_6651efc	571	46.3
pairs_667405e	609	47.72
pairs_691c0c1	574	54.66
pairs_697eb54	617	55.92
pairs_6af692c	584	47.81999999999999
pairs_6ba7da7	568	49.3
pairs_6c25f57	621	57.81
pairs_6c8d5b6	612	56.2
pairs_6dbe744	585	54.93000000000001
pairs_6dc7a39	615	57.46
pairs_6e02879	582	51.73
pairs_6f9ddc9	597	55.11
pairs_6fd89b8	569	54.449999999999996
pairs_70c0230	611	46.29
pairs_714a8b2	576	54.47
pairs_728a704	603	56.95
pairs_73eb1f2	576	49.1
pairs_7568c40	566	51.33
pairs_7581408	606	55.519999999999996
pairs_767408d	592	56.78
pairs_772299b	559	52.8
pairs_77842d5	597	48.88
pairs_77bfdcb	582	51.78
pairs_77de792	584	46.040000000000006
pairs_78cd5ad	618	55.04
pairs_799628b	584	46.260000000000005
pairs_79f173e	612	57.65
pairs_7a47e47	600	48.68
pairs_7acce28	620	49.68000000000001
pairs_7b7c6ce	611	46.040000000000006
pairs_8159291	574	49.9
pairs_8178f30	568	49.39
pairs_81a1080	557	47.56
pairs_8215c9c	595	51.92
pairs_837391b	601	55.510000000000005
pairs_8382c93	561	55.96
pairs_84df1b3	584	53.94
pairs_8568834	619	55.339999999999996
pairs_85a3037	618	45.78
pairs_867de3b	604	55.94
pairs_86d99e7	579	45.55
pairs_86f36d9	565	51.67
pairs_8711aa9	572	51.480000000000004
pairs_873fa75	578	52.87
pairs_87955a7	572	55.63
pairs_8870a27	595	45.98
pairs_89b49dd	562	45.519999999999996
pairs_8b7e9be	580	51.66
pairs_8bf64b5	577	54.37
pairs_8c5bf3f	574	55.51
pairs_8de2562	578	56.0
pairs_8f6feec	612	46.150000000000006
pairs_8f9a042	614	56.21
pairs_90cd31a	558	48.269999999999996
pairs_911518d	582	54.449999999999996
pairs_923f55e	613	50.64
pairs_9288a0d	588	48.56
pairs_93d45f9	583	55.77
pairs_96e77e8	571	53.63
pairs_9a2a845	576	45.66
pairs_9b36a52	590	56.34
pairs_9bfb8f5	570	54.37
pairs_9e92d4f	586	57.28
pairs_9ebf700	611	48.620000000000005
pairs_9eeb2b0	561	47.47
pairs_9f80a61	612	46.980000000000004
pairs_9faefaa	570	56.32
pairs_a06d92f	603	47.46
pairs_a1d2324	617	52.879999999999995
pairs_a375470	618	48.92
pairs_a41b54f	613	54.68
pairs_a4494a7	562	52.71
pairs_a466714	557	49.4
pairs_a526edc	589	45.96
pairs_a626a28	596	55.7
pairs_a6382c9	582	50.980000000000004
pairs_a6862e6	599	46.339999999999996
pairs_a7233e1	577	55.769999999999996
pairs_a82d647	567	55.04
pairs_a893385	590	54.67
pairs_a8c70b5	566	55.28
pairs_a975826	585	56.49
pairs_a97e3f3	587	56.28
pairs_aa76f7b	572	52.68
pairs_aaa47e6	608	48.269999999999996
pairs_ac01a9a	591	51.94
pairs_ad39813	573	53.72
pairs_ad41ea0	565	55.81
pairs_ad5520b	590	53.559999999999995
pairs_adbfd7d	622	56.36
pairs_ae31eee	589	50.81
pairs_aea9793	621	48.18
pairs_b05e436	618	56.849999999999994
pairs_b148a94	578	45.45
pairs_b1cceac	582	53.06
pairs_b2be357	597	55.9
pairs_b2e0824	623	57.89
pairs_b3af518	608	49.28
pairs_b3b98ab	601	47.260000000000005
pairs_b491fc8	570	45.71
pairs_b4cafa5	589	55.730000000000004
pairs_b6bb41d	622	52.22
pairs_b78df68	607	45.940000000000005
pairs_b7fd46a	565	52.980000000000004
pairs_b84f041	579	56.480000000000004
pairs_b923a7a	601	49.93
pairs_b937cde	584	56.2
pairs_bc2e5d2	603	55.540000000000006
pairs_bcab503	602	45.72
pairs_be02f61	594	54.64
pairs_be0a8eb	582	47.480000000000004
pairs_c1e67dc	599	56.83
pairs_c2b9b02	618	48.77
pairs_c3062ed	605	55.45
pairs_c382552	574	46.160000000000004
pairs_c430809	568	56.51
pairs_c4ac434	618	46.21
pairs_c6763f6	560	47.36
pairs_c82e076	587	56.5
pairs_c92b11d	579	53.519999999999996
pairs_c978408	606	50.800000000000004
pairs_cb221f9	563	52.25
pairs_cb6a8ad	582	45.94
pairs_cb6c38e	596	53.39
pairs_cc990d5	588	47.97
pairs_ccbefab	621	56.44
pairs_cd84c00	575	50.339999999999996
pairs_cd91312	602	55.54
pairs_ce269e2	561	55.760000000000005
pairs_cec5ba4	572	48.089999999999996
pairs_cf02241	614	57.21
pairs_d04ebc7	578	48.09
pairs_d0c24d7	568	56.89
pairs_d104a0b	596	57.19
pairs_d184965	561	47.21
pairs_d1a9645	557	53.75
pairs_d2c2980	597	52.96
pairs_d30e233	613	55.61
pairs_d3692dd	593	45.620000000000005
pools_4k_231161f	4086	1749.49
pools_4k_2832fd3	4086	1738.28
pools_4k_48a4ed2	4087	1726.46
pools_4k_9704d51	4086	1737.0100000000002
pools_4k_dc77d6c	4086	1749.32
pools_5k_49e911c	5067	3105.9500000000003
pools_5k_87a7f81	5069	3073.0
pools_5k_a5a5508	5067	3063.96
pools_5k_1c99639	5088	3104.8900000000003
pools_5k_5f5cdb7	5088	3106.8900000000003
pools_5k_7750ac5	5090	3079.68
pools_5k_969872e	5089	3083.08
pools_5k_2698697	5057	3004.07
pools_5k_66b8132	5056	3010.73
pools_5k_ec8905f	5057	2994.7000000000003
pools_5k_0941025	5084	3014.6299999999997
pools_5k_88f4564	5084	2986.81
pools_5k_e6b7571	5085	2978.64
pairs_9189bb3	2112	557.9
pools_2k_02b46ec	2110	524.78
pools_2k_0af5b02	2112	526.8299999999999
pools_2k_2a10292	2110	541.31
pools_2k_2c5fb7e	2110	528.0600000000001
pools_2k_35fad2d	2110	544.77
pools_2k_541430e	2111	535.8000000000001
pools_2k_55b444a	2110	523.9300000000001
pools_2k_61bee51	2110	521.02
pools_2k_70bc604	2109	525.28
pools_2k_8b28532	2111	529.99
pools_2k_8b3c462	2111	522.81
pools_2k_8cd1196	2112	541.31
pools_2k_98659cc	2112	537.7
pools_2k_a4746ad	2109	531.98
pools_2k_abafc07	2111	541.12
pools_2k_c014d8e	2109	520.5
pools_2k_cb3d2b7	2110	529.02
pools_2k_d6dd281	2112	516.34
pools_2k_d8d4ad2	2111	509.06
pools_2k_e16d0e3	2111	541.1800000000001
pools_2k_e65ec45	2111	539.29
pools_2k_e78a4f7	2110	545.7
pools_2k_f087e90	2109	511.88
pairs_0046771	1054	164.95000000000002
pairs_01acec5	1045	128.76999999999998
pairs_01f3910	1085	136.17000000000002
pairs_051c9e4	1043	134.45
pairs_06c47c6	1068	132.43
pairs_0967c35	1048	133.57
pairs_0a9df37	1062	134.39
pairs_0adfc32	1088	133.44
pairs_0f1170b	1060	127.64
pairs_1477d83	1066	134.37
pairs_1490b32	1066	133.25
pairs_1aac73d	1055	129.5
pairs_21c2677	1063	135.96
pairs_27c1f30	1088	137.01
pairs_28decad	1070	128.74
pairs_294168c	1078	128.15
pairs_2c9d9cd	1053	132.74
pairs_2dedbbc	1067	124.25
pairs_2ec9816	1086	125.92
pairs_2fdccb6	1049	133.57999999999998
pairs_31bc0a5	1079	128.74
pairs_31e5d75	1058	134.64000000000001
pairs_327588d	1057	115.95
pairs_333c3d7	1071	117.64
pairs_362b541	1076	121.59
pairs_3798f37	1069	136.56
pairs_3fdbc19	1090	128.39000000000001
pairs_42b2bae	1066	125.01
pairs_436789b	1045	133.19
pairs_4648719	1045	123.59
pairs_4657afd	1059	115.46
pairs_4a960cc	1059	129.68
pairs_50bf855	1062	132.1
pairs_5190733	1073	134.01
pairs_535b9f2	1085	122.66
pairs_5d014f3	1052	132.83
pairs_5ec088d	1079	130.47
pairs_5f9a672	1075	132.79999999999998
pairs_609ee25	1052	136.14
pairs_60b41d0	1070	132.86
pairs_614a65d	1089	130.36
pairs_6292c0f	1049	134.37
pairs_62a8fde	1051	135.74
pairs_64436fb	1054	115.33
pairs_64db1d3	1083	136.74
pairs_665f684	1068	137.1
pairs_6728d91	1066	127.46000000000001
pairs_6b73848	1075	115.53999999999999
pairs_6d276b1	1072	132.71
pairs_6d7ed01	1078	119.07000000000001
pairs_6fba95a	1046	129.1
pairs_70ab803	1087	132.68
pairs_70d9c19	1055	135.99
pairs_725cd69	1049	133.66
pairs_740901a	1050	134.67
pairs_74cc66c	1061	128.43
pairs_77e37bd	1044	128.52
pairs_7a840b0	1063	128.07999999999998
pairs_7edf881	1072	114.62
pairs_849c00f	1058	134.02
pairs_84bdbfa	1066	122.08
pairs_8553c57	1046	133.35
pairs_8a55152	1070	132.48
pairs_8c28192	1070	135.64
pairs_90566c1	1073	135.47
pairs_938917e	1089	116.17
pairs_939cf60	1049	121.1
pairs_959cda3	1077	121.59
pairs_9c7637b	1090	136.46
pairs_9e26be4	1081	133.87
pairs_a12f3e6	1083	133.55
pairs_a214976	1084	135.04
pairs_a3268e7	1065	134.56
pairs_a57fc26	1073	136.27
pairs_a6d9bd0	1043	122.41
pairs_a997766	1059	134.81
pairs_a9b7c61	1087	135.04
pairs_abd5ac9	1083	134.62
pairs_ae70a39	1079	136.06
pairs_af87770	1063	133.04
pairs_b20e127	1063	134.43
pairs_b2a7ca6	1064	121.24
pairs_b3d0423	1044	124.02000000000001
pairs_b54f8fc	1067	135.75
pairs_b7494f3	1084	137.09
pairs_b7c4193	1062	136.01999999999998
pairs_b808b5f	1082	132.57
pairs_b808c2d	1068	125.84
pairs_b83c3dd	1049	115.00999999999999
pairs_bc740c0	1088	136.32
pairs_bc9a237	1085	135.98
pairs_bd446d9	1045	135.16
pairs_be40302	1068	115.14
pairs_be83b35	1051	136.37
pairs_c183633	1054	130.5
pairs_c3f5820	1065	134.76
pairs_c535297	1084	124.08000000000001
pairs_ca97a2f	1043	115.30000000000001
pairs_cbd2b09	1058	134.34
pairs_cbdccff	1048	117.69
pairs_cde0dc2	1088	125.07
pairs_d25eeac	1059	127.67
pairs_d2ece0e	1046	118.8
pairs_d58209d	1074	133.33
pairs_d6fdc5e	1058	118.17999999999999
pairs_dab4f73	1056	127.4
pairs_de0e7f7	1065	134.8
pools_5k_1ed5d54	5019	3005.77
pools_5k_381d9da	5021	2969.86
pools_5k_fba7473	5020	2976.33
pairs_204499c	2065	553.37
pools_2k_023db15	2066	545.37
pools_2k_0634dc1	2069	527.4
pools_2k_10b2ce8	2067	537.06
pools_2k_1435a31	2068	539.56
pools_2k_2147516	2067	541.25
pools_2k_29f7052	2068	555.21
pools_2k_340f7df	2067	551.96
pools_2k_43c6371	2064	540.6999999999999
pools_2k_4b681ca	2067	529.6
pools_2k_512c162	2065	541.92
pools_2k_5516d5f	2068	527.4
pools_2k_74a8541	2067	547.08
pools_2k_7949770	2067	537.8199999999999
pools_2k_a851b6d	2064	545.85
pools_2k_bdf42b6	2066	550.16
pools_2k_bed952d	2067	524.31
pools_2k_c5de471	2068	531.02
pools_2k_c6381b4	2068	542.41
pools_2k_d677f84	2066	541.82
pools_2k_e3cb29a	2066	538.77
pools_2k_e5d9f33	2065	525.62
pools_2k_f15155a	2068	531.8299999999999
pools_2k_f53cd80	2069	544.59
pools_2k_f897be6	2066	553.04
pools_5k_0f12395	5112	3040.54
pools_5k_92f5d91	5113	3016.73
pools_5k_fd8e615	5113	2993.63
pools_5k_5377acb	5022	3118.2599999999998
pools_5k_660625c	5022	3104.0200000000004
pools_5k_a06efaa	5023	3098.05
pools_3k_3011678	3112	1238.33
pools_3k_34e9a5c	3115	1192.58
pools_3k_417a12f	3115	1180.5300000000002
pools_3k_5bc365d	3114	1198.07
pools_3k_63f313b	3113	1160.23
pools_3k_93c9095	3112	1181.28
pools_3k_af2c157	3113	1194.19
pools_3k_cd9914b	3115	1199.5500000000002
pools_3k_db4fdaf	3115	1183.5700000000002
pools_3k_e796b16	3114	1190.59
pools_5k_2ff4cd2	5001	3125.9199999999996
pools_5k_654956a	5001	3116.5299999999997
pools_5k_69621c0	5002	3121.42
pools_5k_ac30512	5002	3113.84
pools_4k_18fccf4	4095	1726.09
pools_4k_881f9b3	4095	1694.7
pools_4k_94520e0	4096	1730.44
pools_4k_a38d76b	4096	1727.83
pools_4k_e37ddb4	4096	1722.7
pairs_03ad2a9	1326	214.16
pairs_0442d6d	1326	182.19
pairs_0759b46	1345	184.49
pairs_0a3be36	1282	175.92999999999998
pairs_0b6ff5a	1312	180.26999999999998
pairs_0e17f73	1341	192.12
pairs_15aff21	1335	178.1
pairs_17ab152	1301	177.65
pairs_250a2ce	1313	177.89
pairs_26b172d	1319	177.86
pairs_2b0c635	1311	179.97000000000003
pairs_2c39d75	1354	189.84
pairs_2d90515	1331	192.20999999999998
pairs_318db3e	1327	184.06
pairs_339126b	1348	185.17
pairs_343536a	1350	190.14999999999998
pairs_35672bb	1347	179.2
pairs_365c3d2	1342	192.43
pairs_3669975	1285	182.70000000000002
pairs_38d3f1e	1319	193.13
pairs_3cd5199	1281	173.68
pairs_3e37f90	1336	183.33999999999997
pairs_3efa764	1303	191.56
pairs_3f87e06	1306	168.19
pairs_415803c	1319	180.31
pairs_475319a	1309	167.04000000000002
pairs_4e85a2a	1299	184.37
pairs_4f07813	1344	175.35
pairs_4f6d5b9	1320	182.95000000000002
pairs_4fc861f	1306	184.88
pairs_5127653	1332	177.76000000000002
pairs_5e276f9	1320	190.12
pairs_5eea37e	1297	182.09
pairs_65e8e69	1297	178.91
pairs_66cca77	1339	189.47000000000003
pairs_6d57142	1341	192.74
pairs_6d5b3ea	1334	181.63
pairs_716ab83	1283	178.24
pairs_743b0ab	1321	191.48000000000002
pairs_747ad66	1298	190.65
pairs_78a70a4	1349	181.85
pairs_7b8a22a	1337	177.66000000000003
pairs_82e75c0	1299	187.0
pairs_8751177	1290	189.18
pairs_892746f	1299	190.89
pairs_8df248e	1283	187.3
pairs_9bde1d8	1302	183.38
pairs_9e82ae8	1293	191.07
pairs_9f8b86a	1280	162.01
pairs_a1ca80a	1306	183.20999999999998
pairs_a4f97d2	1327	177.61
pairs_a8d4799	1318	190.34
pairs_a93c7d4	1351	166.54999999999998
pairs_ac7a22f	1281	176.14000000000001
pairs_b083f74	1300	175.27
pairs_b2daf7e	1322	179.29
pairs_b3409ba	1323	181.25
pairs_bc79707	1321	178.09
pairs_bdb1166	1352	189.21
pairs_be69eae	1288	182.21
pairs_bfdabf2	1309	178.61
pairs_c33dda9	1284	166.60999999999999
pairs_c86f715	1291	178.56
pairs_cc4e1f7	1337	179.14999999999998
pairs_cf53d34	1301	187.2
pairs_d42486e	1280	132.9
pairs_de33143	1318	190.6
pairs_e22606e	1320	191.16
pairs_e2efa39	1333	192.81
pairs_e356b98	1340	193.55
pairs_e57ca5d	1324	184.17000000000002
pairs_eeeeaa5	1339	192.1
pairs_fe0e3cf	1332	190.70999999999998
pairs_0a665aa	1375	228.21
pairs_0ace2ca	1425	199.64000000000001
pairs_1362d24	1400	189.01999999999998
pairs_154496d	1382	186.85000000000002
pairs_1756a05	1410	184.75
pairs_1775510	1379	186.72
pairs_182d40f	1386	184.32000000000002
pairs_1b4c04d	1367	186.57000000000002
pairs_1ea4287	1355	190.54000000000002
pairs_1ee05a1	1354	196.54000000000002
pairs_200414a	1394	197.32999999999998
pairs_2332432	1390	191.04000000000002
pairs_2409aa5	1366	191.85000000000002
pairs_3437316	1356	198.46
pairs_37f9c63	1433	176.85
pairs_387638c	1355	177.77
pairs_4ed6c5c	1393	185.21
pairs_5ea0d04	1370	189.61
pairs_62f5f6f	1415	198.20000000000002
pairs_636f5ef	1401	186.48
pairs_6457a84	1400	199.13
pairs_682b6b5	1373	189.66
pairs_6b6c3a7	1370	198.99
pairs_6bffb60	1358	199.36
pairs_7915dbd	1382	191.95999999999998
pairs_7fa0d8b	1394	188.72
pairs_817ce90	1395	199.55
pairs_8277860	1355	196.42000000000002
pairs_8354936	1378	187.8
pairs_88cdc21	1362	184.95000000000002
pairs_8b728b5	1431	172.39999999999998
pairs_8cb51a6	1426	186.54000000000002
pairs_93a093e	1361	203.07
pairs_96e297b	1405	192.16
pairs_a1f0cf7	1391	191.49
pairs_a5b378f	1430	191.20999999999998
pairs_a7e6da1	1391	171.71
pairs_ac111cd	1391	199.44
pairs_adf974a	1408	171.73000000000002
pairs_ae54d40	1393	171.75
pairs_b3fabe6	1424	187.03
pairs_b4d64aa	1385	185.93
pairs_b578939	1361	190.8
pairs_b6c8136	1424	202.73000000000002
pairs_b8c8784	1356	189.74
pairs_b97c30c	1428	196.88
pairs_bb6991d	1368	171.69
pairs_bc26723	1374	198.26999999999998
pairs_c3235f6	1422	193.20999999999998
pairs_c3f580b	1379	200.79
pairs_c558c3a	1381	189.38
pairs_c9d5ddc	1404	180.69
pairs_ca81f53	1390	191.55
pairs_cc3cb96	1424	186.53
pairs_cd026a4	1411	192.73
pairs_d4b6062	1420	186.34
pairs_da25e73	1392	198.84
pairs_db6b6b5	1369	192.39000000000001
pairs_db88088	1373	200.14
pairs_e279c7e	1386	200.1
pairs_e688dc6	1366	198.83
pairs_f22be52	1394	196.73
pairs_f4c2d84	1420	199.8
pairs_ff64436	1407	202.32999999999998
pools_5k_0b2072a	5063	3043.02
pools_5k_185d188	5063	3012.25
pools_5k_77a47a7	5063	3005.11
pools_5k_de0604c	5062	2994.2400000000002
pairs_075b697	2271	560.25
pairs_08246f5	2321	515.93
pairs_1709979	2289	529.09
pairs_25673ca	2276	514.94
pairs_2a19ecf	2317	531.5
pairs_371594d	2252	527.4300000000001
pairs_37a26a1	2280	512.21
pairs_6cbbd22	2330	532.1999999999999
pairs_6d72edc	2275	529.4
pairs_767b1ed	2355	531.44
pairs_83095a3	2325	522.11
pairs_846875f	2296	527.45
pairs_f9e466d	2279	515.06
pools_2k_2089beb	2323	512.11
pools_2k_2d9f350	2252	533.6
pools_2k_40f2940	2274	557.58
pools_2k_9ee04f6	2281	532.64
pools_2k_f13dcc0	2345	543.5600000000001
pools_3k_49fd18d	2352	546.77
pools_3k_acb25ac	2257	557.0
pools_3k_3d949fe	3097	1208.32
pools_3k_43d8fa7	3098	1200.54
pools_3k_4ca022f	3098	1188.55
pools_3k_4ce4ed3	3098	1175.29
pools_3k_54b0f56	3096	1176.37
pools_3k_6247703	3096	1182.05
pools_3k_7c4d1cd	3097	1195.01
pools_3k_a499c83	3098	1174.18
pools_3k_d82fde9	3097	1165.21
pools_3k_d8ba741	3096	1191.96
pools_3k_e9db4b5	3096	1179.3700000000001
pools_3k_25d94ae	3008	833.02
pools_3k_2c2c3c8	3002	836.04
pools_3k_5b1b770	3002	829.73
pools_3k_5ffa22a	3006	833.99
pools_3k_605aeb7	3006	832.95
pools_3k_81e5015	3006	808.9
pools_3k_9a2da6c	3008	824.1300000000001
pools_3k_a327c31	3000	843.19
pools_3k_c3162d5	3000	818.41
pools_3k_d0c21f1	3003	829.47
pools_3k_d99e005	3007	828.6400000000001
pairs_6c22eb7	2090	544.01
pairs_73b1411	2092	515.77
pools_2k_280654b	2089	533.51
pools_2k_37e3ce7	2090	531.88
pools_2k_3daa2a0	2090	537.27
pools_2k_3df8507	2091	545.84
pools_2k_4aa15e9	2089	541.84
pools_2k_5ed00cf	2089	537.72
pools_2k_5fbafae	2090	543.73
pools_2k_6d31d6b	2092	554.38
pools_2k_7188f0d	2091	540.72
pools_2k_75f4cb7	2091	523.4599999999999
pools_2k_7905c7c	2090	535.87
pools_2k_90af57a	2092	540.6
pools_2k_98fe2b1	2088	530.15
pools_2k_a89d640	2088	540.13
pools_2k_a9370a8	2092	541.0899999999999
pools_2k_ae3e35d	2092	530.64
pools_2k_bf74df0	2092	541.92
pools_2k_c085735	2092	545.4300000000001
pools_2k_c1924d9	2092	553.35
pools_2k_d7a2c9b	2091	537.2
pools_2k_dbfabab	2089	534.73
pools_2k_eb5004f	2090	542.5500000000001
pools_2k_fadbbf8	2092	542.2
pools_5k_0040f80	5103	3163.4900000000002
pools_5k_9f66e4e	5103	3127.6600000000003
pools_5k_de733f0	5103	3127.2599999999998
pools_4k_01c85c1	4067	1763.35
pools_4k_0b9cdf1	4068	1749.25
pools_4k_105e36e	4068	1722.2
pools_4k_248ce56	4068	1748.36
pools_4k_adcab30	4068	1758.74
pools_5k_07f546d	5025	2976.28
pools_5k_6c56d07	5024	2951.6800000000003
pools_5k_95b0538	5024	2964.0
pools_5k_d02ede5	5025	2960.0299999999997
pools_3k_152d350	3037	856.1899999999999
pools_3k_5f72fdf	3041	836.63
pools_3k_607dfbe	3039	828.73
pools_3k_6dfbbbb	3039	826.6600000000001
pools_3k_706c49f	3039	841.59
pools_3k_789a1d4	3038	839.48
pools_3k_a2dfd94	3039	847.12
pools_3k_a655760	3037	821.12
pools_3k_afcbb90	3041	819.85
pools_3k_d12372a	3039	825.13
pools_4k_2bbd479	4119	2323.4
pools_4k_5ba1c3c	4120	2282.27
pools_4k_6297c00	4120	2258.82
pools_4k_d4df8be	4119	2278.05
pools_4k_f120f7c	4119	2251.24
pairs_3d93019	2041	361.32
pairs_8323780	2040	337.40999999999997
pools_2k_0366f79	2042	361.44
pools_2k_0d3a886	2043	356.11
pools_2k_292e8d8	2041	354.45
pools_2k_38b34ce	2041	366.09999999999997
pools_2k_41e2f47	2043	361.02
pools_2k_428c946	2043	353.83
pools_2k_64dd978	2039	341.03999999999996
pools_2k_736b57c	2042	350.14
pools_2k_74209b3	2043	348.56
pools_2k_7793859	2039	352.53
pools_2k_80687cb	2042	346.02
pools_2k_9427c21	2041	336.48
pools_2k_9ea8a20	2043	352.81
pools_2k_b35ab6d	2043	355.17
pools_2k_b4497d3	2042	358.73999999999995
pools_2k_b77ca8c	2042	335.25
pools_2k_bd575e7	2041	339.24
pools_2k_cd6d0a6	2043	345.07
pools_2k_ce92fd4	2040	355.73
pools_2k_d1f5fa2	2043	348.35
pools_2k_dd49b31	2042	339.8
pools_2k_e87a089	2040	366.47999999999996
pools_2k_f55101e	2041	361.24
pools_3k_e79311c	2042	332.99
pools_3k_1fd15af	3030	879.26
pools_3k_32164d3	3030	836.72
pools_3k_3a9666e	3030	862.88
pools_3k_51fec52	3030	853.1500000000001
pools_3k_6ff74e8	3030	843.7
pools_3k_9d36e96	3031	854.6800000000001
pools_3k_c87e2d2	3030	854.97
pools_3k_d1588fe	3032	836.31
pools_3k_eb92719	3031	836.8
pools_3k_f6965be	3029	864.77
pairs_00f9dad	885	103.38
pairs_01632be	853	88.71000000000001
pairs_0215610	838	73.53
pairs_022aa72	849	89.19
pairs_02bce4f	858	90.77000000000001
pairs_038414d	873	87.48
pairs_05aa105	851	88.47
pairs_068784a	862	90.74
pairs_07632f7	877	85.0
pairs_08bad05	887	77.81
pairs_0be69e5	882	75.03
pairs_0cde6e6	883	75.37
pairs_0d1e332	856	85.30000000000001
pairs_0dede61	843	86.76
pairs_0fb4368	865	88.68
pairs_11e37fd	848	80.43
pairs_1489731	846	87.42
pairs_15f0935	842	79.63
pairs_187ccbb	846	90.44
pairs_19c8242	861	88.53
pairs_1a2eb3a	862	75.11999999999999
pairs_1d7026b	864	87.83
pairs_2161f6a	873	88.21000000000001
pairs_2278782	843	75.72999999999999
pairs_22d69dd	843	86.4
pairs_23a0285	849	81.71
pairs_25a59c3	859	88.13
pairs_26295fe	845	89.46000000000001
pairs_26a8323	852	90.06
pairs_2a53452	848	80.02
pairs_2afa260	851	90.42999999999999
pairs_2b51f6e	878	90.28
pairs_2f0477e	836	73.67999999999999
pairs_2f3bf4d	866	91.09
pairs_3009740	855	87.37
pairs_303616d	850	81.42
pairs_31bf7dc	877	91.80000000000001
pairs_323afdf	862	86.52
pairs_3281d58	884	78.48
pairs_33ea997	868	88.41
pairs_37dff47	880	79.61
pairs_3901904	842	81.99000000000001
pairs_391b1a1	843	87.9
pairs_397e0c8	857	88.48
pairs_398fd0b	871	90.89
pairs_3c431ad	878	74.0
pairs_3c49e78	864	91.35
pairs_3ce5bdb	834	79.87
pairs_3f3f07e	877	78.84
pairs_4087569	876	90.54
pairs_41a6877	853	77.48
pairs_4356cad	842	89.52
pairs_4ae4ebb	883	88.41999999999999
pairs_4edf1cb	873	91.63
pairs_5020940	850	83.58000000000001
pairs_50ec961	834	74.18
pairs_5144019	851	83.49000000000001
pairs_532b6d4	847	85.11
pairs_53fc8dd	876	88.24
pairs_5413a9a	876	83.35000000000001
pairs_550054f	842	90.80000000000001
pairs_55dedef	865	79.66
pairs_566c24c	835	83.39
pairs_5679764	837	87.46000000000001
pairs_571ffa8	843	89.38
pairs_585a330	887	89.85
pairs_58dc2ee	883	91.30000000000001
pairs_5ad4875	866	90.97
pairs_5afb586	849	90.27
pairs_5c2245b	855	87.6
pairs_5df717f	857	87.03999999999999
pairs_5efae24	837	87.12
pairs_5fce1b0	866	89.94
pairs_60d3bef	870	88.18
pairs_62d79bf	847	85.41
pairs_65f05ee	867	87.26
pairs_67b3f34	842	73.88999999999999
pairs_6884c15	872	75.46
pairs_689ad16	854	90.31
pairs_6a9efcd	862	80.11
pairs_6af014a	880	83.6
pairs_6b59ac6	853	81.50999999999999
pairs_6c53a49	860	74.41
pairs_6f1c909	848	85.15
pairs_701497c	874	74.82000000000001
pairs_720e7d1	834	78.35
pairs_72479b3	870	90.23
pairs_754d263	858	83.46
pairs_7590bbd	875	77.98
pairs_7776127	882	90.57
pairs_7baa7de	859	91.25
pairs_7dcfbfc	867	90.36999999999999
pairs_81d2edb	863	90.93
pairs_81f660d	857	83.65
pairs_8231d7e	881	74.71000000000001
pairs_82d810a	857	89.23
pairs_832f284	841	86.12
pairs_839fcd2	881	89.85000000000001
pairs_8530f46	857	77.41
pairs_886a677	878	87.89
pairs_8addfd7	871	91.66
pairs_8b4c51b	858	86.56
pairs_8bc57be	870	90.82000000000001
pairs_8be9b2b	883	87.53
pairs_8c7e159	874	87.61999999999999
pairs_8d6a3fd	860	91.04
pairs_8d8a762	839	76.63
pairs_8f85624	848	76.57
pairs_90fd2a7	864	74.65
pairs_91d8837	886	75.07000000000001
pairs_92459b1	850	85.15
pairs_962f918	838	87.52
pairs_97aed0f	870	84.58
pairs_98a204e	855	87.33
pairs_997bb52	839	74.84
pairs_9f81719	878	75.00999999999999
pairs_a2759fa	865	86.36
pairs_a2e1ee5	837	87.02
pairs_a36996c	842	74.16
pairs_a61c182	861	90.07
pairs_a7b284d	843	76.8
pairs_a9468c5	844	77.56
pairs_a97f38d	881	89.38
pairs_aaa0c08	839	74.1
pairs_aaea5a1	867	91.03
pairs_ad71a01	872	87.87
pairs_ad79369	858	83.14
pairs_ae3e33f	868	78.77000000000001
pairs_af763ed	887	91.64
pairs_b24ff26	861	88.94
pairs_b34af3c	834	84.35000000000001
pairs_b3f2206	858	87.08000000000001
pairs_b5d5567	881	91.34
pairs_b60b5dd	856	75.81
pairs_b76ff07	852	89.08
pairs_b7aa9c2	863	77.83
pairs_b7f5ce7	866	87.39
pairs_b81aa15	855	90.74
pairs_b8a55e0	838	90.31
pairs_b96f6c1	866	81.41
pairs_bb2cec2	839	86.13
pairs_bbc27d7	842	89.49000000000001
pairs_bca07be	838	85.82
pairs_bd6cfec	879	89.24
pairs_bfc1d8d	869	86.37
pairs_c458f2e	886	86.41999999999999
pairs_c477cc4	885	80.05
pairs_c4be029	837	85.38
pairs_c51788e	878	85.44
pairs_c557ce4	843	89.31
pairs_c5c7bfe	873	86.71
pairs_c5f596d	870	90.89
pairs_c6c951b	868	89.41
pairs_c8ab576	872	90.12
pairs_cc1c375	887	89.35
pairs_cd8ae95	837	75.35
pairs_d08ce17	887	87.09
pairs_d10ccd8	878	79.8
pairs_d4a41c7	875	74.47
pairs_d801702	857	81.13
pairs_d813943	848	90.6
pairs_db66632	877	84.98
pairs_dcd645c	847	87.30000000000001
pairs_dcf1ad6	871	77.1
pairs_00a6115	1023	124.82
pairs_01b06f0	1017	93.16
pairs_023f1af	1011	93.95
pairs_0343e85	1030	143.56
pairs_03692a2	1025	131.63
pairs_04357ea	1002	94.65
pairs_070c971	1005	95.55
pairs_09f5fc2	1035	133.51
pairs_0a9b4e8	1002	85.56
pairs_0aaa4dc	1030	127.42999999999999
pairs_0aaa9c0	995	94.42
pairs_0b5895c	996	96.16
pairs_0c5d096	1015	93.33
pairs_11dd602	1004	91.97
pairs_128b5e0	996	95.88000000000001
pairs_12f6435	1031	133.53
pairs_1636ac4	1016	96.69
pairs_17b26b4	1024	95.53
pairs_17eb466	1031	114.21000000000001
pairs_1895a29	1028	125.69
pairs_1abbdc2	1029	133.94
pairs_1c546c6	997	96.64
pairs_2124d18	1017	94.9
pairs_26153ed	1035	134.76999999999998
pairs_2620a61	1006	89.5
pairs_264fada	1002	89.68
pairs_2fd4bd4	1024	80.34
pairs_305586b	1036	128.99
pairs_33e23e5	1042	131.22
pairs_36b3951	1000	86.56
pairs_377b4c3	1029	133.61
pairs_3793594	1034	135.39000000000001
pairs_383c3ac	1033	115.88
pairs_38ae639	1001	95.44
pairs_39ba53c	1016	92.91
pairs_3a43b69	1012	94.52000000000001
pairs_3f07852	1013	76.69999999999999
pairs_4056318	1011	91.64
pairs_436debc	996	94.97
pairs_46476e5	1023	96.45
pairs_48122cb	1004	94.33
pairs_4b53a17	1038	133.84
pairs_4e7e75d	1018	91.25
pairs_4fbbaf7	995	95.31
pairs_5066916	1033	134.01
pairs_5171000	1024	90.53999999999999
pairs_52c3914	1013	91.45
pairs_5453312	1032	135.32999999999998
pairs_556aae2	1010	96.18
pairs_558e96b	1010	93.97
pairs_5aca330	1011	95.96000000000001
pairs_5acfb24	1018	84.69999999999999
pairs_5ad6029	1028	118.06
pairs_5c4e1c7	1001	92.69999999999999
pairs_5f8c144	1042	133.38
pairs_608e4a3	1014	89.41
pairs_60ece54	1000	88.73
pairs_62855b2	1024	89.14
pairs_64b9038	1003	85.57
pairs_652cf23	1016	94.16
pairs_65f413a	1002	82.95
pairs_749276f	1042	133.7
pairs_74d6965	1023	89.36
pairs_75102cc	1031	135.22
pairs_75fa207	1032	134.4
pairs_780b327	997	95.8
pairs_7c215a1	1013	94.23
pairs_7ca0e2c	1021	89.0
pairs_7f363b3	1041	132.5
pairs_7f7bba4	1008	90.76
pairs_83e6f52	1036	134.26
pairs_843e1f2	1035	130.44
pairs_89bae87	1040	125.03999999999999
pairs_8d07924	1019	79.64
pairs_9015d9d	1027	114.19
pairs_907b63c	995	92.91000000000001
pairs_9138a71	1002	77.7
pairs_92bdae4	1020	96.39
pairs_959067d	996	88.43
pairs_9b21baa	1015	96.9
pairs_9fc1045	1000	89.25
pairs_a3d126f	1001	83.98
pairs_a4a7dc9	1029	132.76999999999998
pairs_a72a25c	1003	90.04
pairs_a7e508d	1004	93.02
pairs_a80b4c2	1036	119.91
pairs_a8ecbed	996	95.72
pairs_aa65a99	1023	95.84
pairs_aad54e2	1033	133.1
pairs_ace0f0c	1020	94.67999999999999
pairs_ad1b394	1002	85.16999999999999
pairs_add69cd	1025	127.41
pairs_afd3e32	1032	132.94
pairs_afe2626	1022	86.6
pairs_b0ee5c6	1015	92.41
pairs_b3ec0d6	1042	118.17
pairs_b56f18f	1035	132.17
pairs_b58dd9b	1013	95.93
pairs_b671079	999	94.01
pairs_b9c37f6	1030	126.99000000000001
pairs_be5a3b0	1020	89.80000000000001
pairs_bef4e81	1021	93.87
pairs_c6042d0	1040	121.72999999999999
pairs_c66590d	995	89.09
pairs_c745df4	1034	132.82
pairs_c751f67	1008	91.0
pairs_ca7d781	1035	115.19999999999999
pairs_cb9ba5e	1036	129.5
pairs_ccf4d4b	1013	96.39
pairs_cd496e6	1009	96.14
pairs_d0c8bc3	1024	95.56
pairs_d2e11ee	1032	130.97
pairs_d4f371f	1019	93.9
pairs_d8928e8	1036	135.57999999999998
pairs_db16f99	1010	79.05
pairs_de02a55	995	95.29
pairs_e8e9c95	1003	96.66
pairs_e974126	1041	134.94
pairs_ea94ad2	1000	81.77000000000001
pairs_ee60672	1024	76.41
pairs_eef432e	1006	96.84
pairs_f009c9c	1031	134.37
pairs_f04ba03	1014	92.91
pairs_f0fd7e6	1005	89.68
pairs_f4654d4	1017	93.17
pairs_f7a5c5e	1031	132.67
pairs_f99bef6	1031	115.19999999999999
pairs_f9a4ade	1028	127.5
pairs_fbaf7b6	1041	132.74
pairs_fdbcb51	1029	114.06
pools_5k_070f28a	5052	3024.18
pools_5k_35241fa	5056	2968.8999999999996
pools_5k_c866317	5050	2958.92
pools_5k_e32e97f	5053	2976.8199999999997
pools_5k_b2a4031	5106	3105.8900000000003
pools_5k_cd6757d	5105	3078.0
pools_5k_ddec3a5	5105	3059.82
pairs_06e4bd1	2060	550.93
pairs_3b3810a	2059	517.17
pools_2k_0cf2e63	2059	547.11
pools_2k_1a7d140	2057	540.1
pools_2k_202460f	2059	548.68
pools_2k_22a935d	2056	536.37
pools_2k_25a0364	2058	520.45
pools_2k_25c978b	2060	545.39
pools_2k_3b38179	2058	553.85
pools_2k_4875f0d	2057	545.2099999999999
pools_2k_5a89b05	2056	550.63
pools_2k_5ae0118	2058	517.37
pools_2k_718c724	2060	545.52
pools_2k_89b7507	2061	542.9300000000001
pools_2k_8d8eeb5	2057	533.25
pools_2k_8ebb68e	2058	522.86
pools_2k_a0e9fad	2057	532.09
pools_2k_a3e9827	2060	549.37
pools_2k_a7bcd83	2057	522.03
pools_2k_b81d607	2058	530.8
pools_2k_b85c279	2056	549.01
pools_2k_c975e6d	2060	553.78
pools_2k_d941612	2059	547.48
pools_2k_d9f0422	2055	535.37
pools_2k_ec16fae	2056	552.08
pools_2k_f301a1e	2058	545.08
pools_5k_0eb0fdf	5114	3062.0899999999997
pools_5k_186032b	5117	3039.9500000000003
pools_5k_1d139de	5115	3038.93
pools_5k_c7f9c7f	5117	3026.46
pools_4k_2d2326e	4069	1769.84
pools_4k_76158c8	4068	1751.99
pools_4k_7a13b38	4069	1772.3799999999999
pools_4k_a3a664f	4068	1759.06
pools_4k_a42c6b4	4068	1759.8
pools_4k_d3a267c	4069	1750.69
pairs_8bda875	2074	563.43
pools_2k_0516010	2075	546.54
pools_2k_0658263	2074	547.36
pools_2k_0d00649	2074	547.15
pools_2k_2721022	2076	557.5500000000001
pools_2k_31b571d	2075	528.61
pools_2k_3ff0d27	2074	538.68
pools_2k_43785fd	2073	552.21
pools_2k_5b72639	2074	543.04
pools_2k_61fa699	2077	535.4
pools_2k_65b9ebf	2076	552.71
pools_2k_6a68e83	2073	557.06
pools_2k_7897a60	2075	550.76
pools_2k_a08fa1b	2076	538.4
pools_2k_a613739	2076	556.6800000000001
pools_2k_a7daab8	2075	541.87
pools_2k_ba4c250	2075	557.66
pools_2k_be8520e	2075	545.88
pools_2k_c8b2e13	2074	551.14
pools_2k_ded6e41	2075	536.73
pools_2k_e5a5f7d	2075	543.13
pools_2k_e7bdca0	2077	555.89
pools_2k_ed19d5d	2076	537.83
pools_2k_eddd19f	2076	541.64
pools_2k_f2f0a7f	2076	542.83
pairs_014a33a	2611	833.1199999999999
pairs_4304540	2700	812.55
pairs_432bfd2	2713	806.6099999999999
pairs_7dafab8	2679	811.9599999999999
pairs_9f075aa	2640	789.44
pairs_a1c0622	2524	567.12
pairs_b832cee	2586	801.6600000000001
pairs_c376ade	2519	543.75
pairs_fd1bb77	2729	802.06
pools_2k_8fd491b	2736	815.5
pools_2k_b7f9020	2562	810.72
pools_2k_dc31f5d	2714	787.66
pools_3k_8b2356b	2694	807.18
pools_3k_c158640	2723	790.66
pools_3k_ea85f7b	2548	522.17
pools_4k_4f44ca9	4110	2316.46
pools_4k_62249c7	4112	2283.1200000000003
pools_4k_746307d	4112	2319.18
pools_4k_a280cf4	4113	2310.3799999999997
pools_4k_abbc9c6	4110	2316.35
pools_5k_254dd2d	5086	3132.9700000000003
pools_5k_392d6cb	5086	3104.62
pools_5k_62c5cbc	5086	3081.52
pools_5k_c4a4a1a	5085	3082.1
pairs_690df9e	2029	346.88
pairs_d0419da	2028	320.84000000000003
pools_2k_0590e63	2029	337.56
pools_2k_080b1c3	2028	340.57
pools_2k_0d9a053	2031	347.36
pools_2k_1d1e3e6	2032	335.47
pools_2k_2110258	2034	339.51
pools_2k_212b01e	2033	338.05
pools_2k_2b58306	2031	339.54
pools_2k_2ed51cb	2031	343.71
pools_2k_35d7dbe	2030	334.57000000000005
pools_2k_43dcf79	2034	332.13
pools_2k_5648343	2033	347.63
pools_2k_5c343b6	2032	344.39
pools_2k_5e25999	2029	345.77
pools_2k_621888d	2030	349.86
pools_2k_7074b29	2033	342.78
pools_2k_7311833	2032	345.2
pools_2k_74aedea	2034	336.88
pools_2k_8bc170b	2029	333.54
pools_2k_93666ad	2030	341.45
pools_2k_9f3d3c6	2031	342.15000000000003
pools_2k_a0e3284	2031	318.35
pools_2k_bd4015d	2030	343.12
pools_2k_ff1028b	2029	333.15
pools_2k_ff4349d	2030	338.52000000000004
pools_3k_0341931	3083	1252.02
pools_3k_3058475	3084	1238.64
pools_3k_37afe40	3082	1228.76
pools_3k_39e35f4	3084	1239.03
pools_3k_48727e9	3084	1238.7199999999998
pools_3k_4e69dfd	3083	1250.3899999999999
pools_3k_72eb551	3084	1237.33
pools_3k_76a57f8	3083	1204.5
pools_3k_89bc688	3082	1228.56
pools_3k_c745031	3082	1230.45
pools_3k_0dd82b4	3089	1224.8
pools_3k_1c8274f	3089	1221.0900000000001
pools_3k_27ed94f	3089	1218.73
pools_3k_3122bf9	3086	1221.14
pools_3k_3546bec	3087	1194.73
pools_3k_41f364c	3087	1231.16
pools_3k_62f46b8	3090	1202.04
pools_3k_a94291a	3090	1227.3
pools_3k_f0b18f4	3088	1209.6
pools_3k_f36f47a	3087	1219.2
pools_3k_02b7118	3095	1198.3
pools_3k_1577669	3094	1177.3200000000002
pools_3k_59e8609	3091	1179.95
pools_3k_675923a	3093	1170.16
pools_3k_6c339d9	3093	1190.56
pools_3k_6f193cb	3091	1182.51
pools_3k_910966f	3094	1189.22
pools_3k_991b14e	3096	1211.1000000000001
pools_3k_e824853	3094	1194.6100000000001
pools_3k_fd5ea3a	3092	1184.58
pools_4k_1ad2f14	4034	1693.6499999999999
pools_4k_84a5f5e	4033	1686.54
pools_4k_b57ee5a	4032	1687.38
pools_4k_b67f7bc	4032	1721.8
pools_4k_f996355	4032	1687.31
pools_4k_ff762e0	4034	1697.0500000000002
pairs_1ec0b21	2008	385.39000000000004
pairs_acc0fa4	2003	323.02000000000004
pairs_c66a0df	2005	322.74
pools_2k_00b4c6b	2002	341.6
pools_2k_0558283	2008	344.94
pools_2k_083eba9	2009	345.39
pools_2k_3000284	2009	353.47
pools_2k_30adac0	2006	344.25
pools_2k_39b3561	2010	356.51
pools_2k_4059154	2008	339.96
pools_2k_4e4fa19	2005	357.25
pools_2k_53d7b3b	2003	353.65999999999997
pools_2k_6666210	2003	356.81
pools_2k_6ec43fe	2010	359.84000000000003
pools_2k_78eada3	2003	353.4
pools_2k_8a1747a	2005	352.61
pools_2k_8b9b020	2009	362.77000000000004
pools_2k_8f74ed6	2003	357.09000000000003
pools_2k_97bcc35	2007	358.84000000000003
pools_2k_9e413ac	2002	351.63
pools_2k_9efdb6b	2003	347.07
pools_2k_c34421e	2010	357.59999999999997
pools_2k_cf2593c	2010	321.49
pools_2k_d1a41f7	2002	328.32
pools_2k_d2e7c16	2005	347.85
pools_2k_f858151	2003	356.37
pools_2k_fa0398d	2009	359.14
pools_2k_fb23f7a	2006	358.02
pools_4k_201ac92	4094	1735.68
pools_4k_32edf0b	4095	1696.84
pools_4k_4231d3d	4094	1677.58
pools_4k_6c76261	4095	1693.28
pools_4k_8f3aa49	4093	1675.9099999999999
pairs_2563f2c	1941	352.64
pairs_52ff884	1938	318.26
pairs_68efdbc	1933	320.6
pairs_b25e03d	1925	323.96000000000004
pairs_d1b24d5	1942	323.38
pools_2k_03ff016	1933	340.66
pools_2k_0c583ff	1925	355.85999999999996
pools_2k_212b7f8	1930	325.68
pools_2k_33686cc	1936	353.44
pools_2k_61586fa	1932	352.55999999999995
pools_2k_7926186	1941	337.53
pools_2k_89c8908	1923	352.44
pools_2k_932ac9c	1933	320.59999999999997
pools_2k_93f2ab4	1934	344.37
pools_2k_989dc9e	1927	326.34999999999997
pools_2k_9ac882a	1941	331.02
pools_2k_9de626f	1929	323.45
pools_2k_a2e8898	1927	323.0
pools_2k_a755aa8	1938	356.25
pools_2k_a8b5255	1938	350.64
pools_2k_b25895c	1926	333.94
pools_2k_c181946	1928	322.98
pools_2k_c53861c	1921	326.06
pools_2k_c589667	1922	340.74
pools_2k_c5d80fb	1934	350.64
pools_2k_c8b3e8a	1922	322.9
pools_2k_d34b066	1934	344.4
pools_2k_e5afb8a	1936	336.88
pools_2k_e82aa41	1927	318.15
pools_2k_f7ad530	1937	318.85
pools_5k_1a891be	5044	3022.78
pools_5k_3991a11	5044	2997.52
pools_5k_c4f129b	5044	2987.53
pools_4k_1e35977	4092	1707.26
pools_4k_3aa0833	4092	1679.72
pools_4k_434f71d	4093	1673.83
pools_4k_5085f5f	4093	1691.6
pools_4k_a11f2f3	4092	1685.77
pools_4k_db8efea	4092	1704.55
pairs_6a25a91	2102	559.11
pairs_8386243	2100	535.73
pools_2k_0429b7a	2101	557.73
pools_2k_0bfd915	2101	558.1800000000001
pools_2k_21cb433	2101	541.66
pools_2k_2bbbb06	2101	565.7
pools_2k_2d4143c	2101	557.1800000000001
pools_2k_2f43301	2101	555.83
pools_2k_395e0ec	2101	558.95
pools_2k_6553ca9	2100	549.24
pools_2k_72352e6	2101	559.3100000000001
pools_2k_7c45ce3	2100	539.51
pools_2k_7c5cdca	2101	561.83
pools_2k_81203c8	2101	553.39
pools_2k_827d0f1	2102	523.53
pools_2k_87dc871	2102	558.4300000000001
pools_2k_9558409	2100	564.1899999999999
pools_2k_9a1e420	2102	549.52
pools_2k_ad89f40	2100	555.04
pools_2k_c79a52c	2100	541.5699999999999
pools_2k_dfb9ebc	2102	552.87
pools_2k_ea56f2d	2101	548.86
pools_2k_f8dc2c6	2101	563.23
pools_2k_fcdbae3	2101	544.72
pools_4k_00e7be9	3933	1711.08
pools_4k_7505f9a	3985	1698.54
pools_4k_79e9810	3794	1690.54
pools_4k_af6cf0d	3883	1675.36
pools_4k_c4dbfa3	3722	1687.23
pools_5k_1217088	3766	1668.91
pools_3k_165eba7	3117	1233.44
pools_3k_2982b8d	3116	1204.59
pools_3k_30c63df	3115	1199.4199999999998
pools_3k_3929ffe	3116	1216.3899999999999
pools_3k_5a0dff4	3116	1215.17
pools_3k_6f2379b	3115	1210.74
pools_3k_826d899	3116	1211.55
pools_3k_9a41c88	3117	1204.92
pools_3k_bab1028	3115	1228.28
pools_5k_3f8c58f	5110	3042.18
pools_5k_41867a8	5109	3034.71
pools_5k_a0f27ad	5110	3026.3900000000003
pools_5k_c191224	5110	3031.91
pairs_000366f	441	53.42999999999999
pairs_00e4120	446	25.27
pairs_015e756	471	30.54
pairs_01d5700	451	28.619999999999997
pairs_01f19de	490	27.61
pairs_0320de9	435	28.75
pairs_039ceb0	441	25.91
pairs_046e660	438	33.42
pairs_04c9be4	487	31.46
pairs_054b65a	435	31.55
pairs_057dd78	444	29.84
pairs_05ec45d	435	29.23
pairs_05ee778	483	27.66
pairs_086f9fd	447	25.87
pairs_0a8497e	476	26.1
pairs_0aab2dd	467	31.71
pairs_0ac87f3	450	33.63
pairs_0b9d907	472	26.89
pairs_0e50f1e	435	27.689999999999998
pairs_0f501db	465	27.25
pairs_0fa989c	460	27.020000000000003
pairs_0fbb8b1	471	33.04
pairs_0fd4caf	461	32.849999999999994
pairs_113394b	459	27.29
pairs_113f190	462	33.59
pairs_11cae0c	469	32.620000000000005
pairs_1269ec5	437	27.729999999999997
pairs_12e6e09	456	32.120000000000005
pairs_1402d4a	446	28.099999999999998
pairs_1541dd6	479	31.43
pairs_1641fac	468	33.7
pairs_177cd3a	459	33.08
pairs_180221f	461	34.370000000000005
pairs_180a4fd	485	28.01
pairs_19caaf9	483	32.89
pairs_1a20e25	446	33.44
pairs_1a61cc0	482	33.32
pairs_1b49935	461	32.010000000000005
pairs_1bb81ea	492	28.71
pairs_1bca22f	450	25.4
pairs_1c106ee	435	29.240000000000002
pairs_1c2ac7f	465	30.54
pairs_1e1e478	464	32.99
pairs_1f32d45	468	28.57
pairs_1f457e3	491	35.45
pairs_202682f	488	32.8
pairs_205ef73	455	30.869999999999997
pairs_209a21f	450	30.47
pairs_20dc938	469	25.700000000000003
pairs_218e8b4	457	28.669999999999998
pairs_2227c32	440	26.009999999999998
pairs_2318aba	466	30.96
pairs_23d9da0	452	31.130000000000003
pairs_24be534	488	32.21
pairs_2568c91	472	27.89
pairs_2645b82	485	34.46
pairs_26b6994	484	29.42
pairs_274bd13	467	29.0
pairs_283767d	443	25.26
pairs_2a7e39a	473	32.36
pairs_2c47ef7	455	29.740000000000002
pairs_2caa949	478	32.05
pairs_2cd7c6d	482	28.29
pairs_2e886e7	471	26.05
pairs_3005333	482	29.91
pairs_3071dd9	465	32.56
pairs_30b5d27	457	32.06
pairs_32920b8	460	30.45
pairs_32e2fd6	462	34.019999999999996
pairs_33a1c18	484	33.78
pairs_33b5854	464	28.45
pairs_33c1390	454	33.29
pairs_33dd20b	462	28.869999999999997
pairs_34487ba	477	31.61
pairs_34653d1	477	29.9
pairs_34a62a0	485	33.730000000000004
pairs_34d621b	481	33.480000000000004
pairs_3563f2d	464	26.43
pairs_35c5fc3	487	28.869999999999997
pairs_35c9a97	481	35.38
pairs_36a31ef	465	30.03
pairs_37e3e51	479	29.82
pairs_391afb0	468	26.22
pairs_397cdbb	482	33.87
pairs_39a93fd	461	30.68
pairs_39b10a0	471	33.5
pairs_3a0c322	442	30.54
pairs_3a7b87e	456	30.520000000000003
pairs_3b4e511	473	26.08
pairs_3c08658	491	33.38
pairs_3cc69b3	475	31.849999999999998
pairs_3d6bec9	464	28.03
pairs_3dbb41e	437	32.230000000000004
pairs_3e64fd2	475	25.59
pairs_3eb1107	456	30.5
pairs_3eef7ee	492	33.82
pairs_3f60d9e	456	29.31
pairs_3f91613	467	34.089999999999996
pairs_4059755	476	32.11
pairs_40b3b4a	473	25.28
pairs_40b64cc	465	32.730000000000004
pairs_40ee7c7	485	34.94
pairs_4117f78	462	25.96
pairs_416c415	486	30.630000000000003
pairs_41fd5f9	442	26.21
pairs_42ac331	489	35.09
pairs_42b7082	466	34.53
pairs_42f11f8	469	25.49
pairs_4379da8	436	26.87
pairs_459e11f	454	26.07
pairs_46af8a9	447	32.15
pairs_46bf701	482	33.33
pairs_476161a	453	29.33
pairs_4805485	452	33.07
pairs_487f8d2	436	31.08
pairs_48f5b21	462	29.64
pairs_4bd6bc3	465	31.3
pairs_4c98b88	437	32.33
pairs_4e1e3a3	447	27.11
pairs_4e8b64d	473	32.11
pairs_4f0877e	473	29.97
pairs_4f26192	474	29.57
pairs_4fce892	473	26.84
pairs_515d142	465	25.66
pairs_52b4b91	468	27.650000000000002
pairs_54a3ffa	471	34.18
pairs_54a59e1	449	30.119999999999997
pairs_55941fd	436	31.03
pairs_5765f3d	444	30.659999999999997
pairs_5789ff2	437	31.4
pairs_5ae5c16	481	31.59
pairs_5afdaa6	458	34.11
pairs_5b2118b	458	26.830000000000002
pairs_5b2a3b2	445	31.400000000000002
pairs_5b9ccdc	491	34.36
pairs_5c8c205	466	32.42
pairs_5cc86f5	466	34.19
pairs_5dc0573	467	29.46
pairs_5e472df	484	35.2
pairs_5eb9e53	465	29.509999999999998
pairs_60bb6af	491	35.16
pairs_615bf15	447	28.41
pairs_63093bc	454	33.07
pairs_63db5fa	483	34.2
pairs_645a78a	457	33.53
pairs_64be5a8	438	29.45
pairs_6516b16	478	26.39
pairs_6537aee	486	28.57
pairs_66d74ed	437	29.36
pairs_674f9c3	474	34.77
pairs_67cec2c	464	29.689999999999998
pairs_67df69b	442	28.509999999999998
pairs_67e1eb1	474	32.92
pairs_68e75c1	446	30.82
pairs_693035b	462	29.3
pairs_69a0586	478	31.01
pairs_69f2c16	435	33.82
pairs_6a8a380	438	29.020000000000003
pairs_6d09b74	468	29.51
pairs_6d9cf06	458	25.34
pairs_6f200ea	453	33.76
pairs_6f6ad0a	437	32.96
pairs_6f8e37f	434	26.869999999999997
pairs_7099d41	479	32.67
pairs_70c357f	442	32.99
pairs_711609b	484	30.009999999999998
pairs_7120144	455	27.540000000000003
pairs_7225f55	460	33.589999999999996
pairs_725c0a7	450	32.24
pairs_728a051	449	33.94
pairs_72b2fcc	461	29.19
pairs_72c7145	445	30.78
pairs_73786d3	437	28.78
pairs_7381392	491	34.05
pairs_73b0337	475	29.42
pairs_74023e9	439	28.770000000000003
pairs_74163a3	487	30.560000000000002
pairs_742d5ca	488	25.64
pairs_75083b6	481	27.81
pairs_755cfe7	470	33.16
pairs_78d307b	459	25.06
pairs_79a7c28	481	28.06
pairs_7a1b582	471	29.5
pairs_7a91113	455	33.57
pairs_7ac434f	480	25.770000000000003
pairs_7ac7649	456	30.45
pairs_7c030b7	487	34.269999999999996
pairs_7c23b26	487	25.779999999999998
pairs_7d1ce61	467	29.8
pairs_7d5e955	466	25.63
pairs_7d66a8f	450	25.9
pairs_7dab8b3	434	30.7
pairs_802eed4	483	34.99
pairs_81c0745	475	25.72
pairs_82526f5	456	34.62
pairs_8269088	479	28.4
pairs_82c2a25	444	31.86
pairs_85e0114	456	35.0
pairs_869252c	436	31.46
pairs_873d26d	479	29.27
pairs_874bb4e	486	29.0
pairs_88ee4ed	436	29.76
pairs_8a3628a	448	30.410000000000004
pairs_8a8b05c	449	32.99
pairs_8ad9949	481	25.990000000000002
pairs_8af44d8	461	33.32
pairs_8d6253b	455	32.9
pairs_8e9092d	447	31.369999999999997
pairs_919ba1f	438	30.29
pairs_91b1a31	437	28.099999999999998
pairs_9284af2	488	26.14
pairs_940a69e	447	32.14
pairs_983bba2	492	26.259999999999998
pairs_990fcce	469	31.96
pairs_9954802	486	34.94
pairs_9adb74e	470	34.19
pairs_9b10b01	445	33.61
pairs_9b6a937	483	35.51
pairs_9c0aa5f	450	33.57
pairs_9d6fa65	465	30.36
pairs_9d8f67f	449	33.13
pairs_9de1e73	472	30.11
pairs_9df0898	467	34.84
pairs_9f4ffe1	490	28.89
pairs_9fd66e5	470	29.990000000000002
pairs_9fe1806	483	35.87
pairs_a08af8e	491	31.839999999999996
pairs_a131316	479	29.95
pairs_a14b33e	438	30.97
pairs_a190a67	434	33.54
pairs_a2f77c4	448	25.83
pairs_a3b25fc	447	31.0
pairs_a3e6a57	490	33.92
pairs_a4f0502	453	33.29
pairs_a74b547	487	28.79
pairs_a7bc4c8	469	28.66
pairs_a82cb41	438	27.07
pairs_a8dc895	443	27.509999999999998
pairs_a934559	475	31.67
pairs_a950c6e	448	27.92
pairs_aa1b4c1	444	26.79
pairs_ab972cf	491	30.41
pairs_ac1065f	459	30.68
pairs_ac1194b	470	31.94
pairs_ad2dc8a	476	34.46
pairs_ae31d2a	459	27.549999999999997
pairs_aed5a8b	452	26.49
pairs_b03119b	489	26.27
pairs_b05d4d8	471	34.75
pairs_b1b887e	443	30.08
pairs_b1f19b7	466	28.7
pairs_b51bac6	492	34.21
pairs_b6dcf02	485	30.200000000000003
pairs_b7f0d71	468	30.72
pairs_b88dff0	453	33.86
pairs_b8fa477	473	25.49
pairs_b9a899e	444	25.07
pairs_b9decfa	484	32.69
pairs_ba0df28	481	25.57
pairs_bb0f6f5	476	31.5
pairs_bc0d615	480	31.229999999999997
pairs_bce61e8	443	31.06
pairs_bd5b67e	443	28.78
pairs_bda0e2b	467	32.16
pairs_be2983e	448	27.580000000000002
pairs_bf13056	473	28.49
pairs_bf92330	487	27.740000000000002
pairs_bfe5511	454	27.700000000000003
pairs_c0cddf2	488	34.81
pairs_c1a42d1	480	34.71
pairs_c1a9aa1	489	27.67
pairs_c1f72a6	475	32.82
pairs_c26889b	477	31.32
pairs_c2a7dc9	470	31.330000000000002
pairs_c3ad1b0	474	33.67
pairs_c3de08c	462	33.94
pairs_c4641d9	447	29.549999999999997
pairs_c5b1283	441	32.47
pairs_c62d2c6	465	28.78
pairs_c78f89d	480	33.21
pairs_c8b0432	436	25.03
pairs_c8e0588	458	30.08
pairs_c93952c	444	31.29
pairs_c9d2e8b	450	31.439999999999998
pairs_ca38471	438	25.310000000000002
pairs_ca74383	466	30.83
pairs_cc77e16	480	28.42
pairs_cd63cb8	458	25.26
pairs_cda1bad	484	31.990000000000002
pairs_ceecfe8	448	25.09
pairs_d00df05	481	30.130000000000003
pairs_d04af06	456	30.33
pairs_d13787c	441	29.97
pairs_d16bcf6	438	30.169999999999998
pairs_d21fa4a	490	28.64
pairs_d2291fe	483	31.14
pairs_d2b9693	488	31.299999999999997
pairs_d419d9a	439	31.42
pairs_d657c98	443	31.02
pairs_d6a12b1	466	29.51
pairs_d773767	476	33.7
pairs_d7ba403	464	30.53
pairs_d7e1e9c	473	25.9
pairs_d83badd	462	30.689999999999998
pairs_d8a99fa	474	31.700000000000003
pairs_d99a8bc	479	30.73
pairs_da1a22c	443	29.69
pairs_da7f22a	476	25.78
pairs_dc5f285	446	30.32
pairs_ddd0b72	439	33.79
pairs_de86283	435	33.16
pairs_df19f67	456	30.28
pairs_df95be8	464	33.05
pairs_df9f2b7	476	29.45
pairs_e21c38f	451	25.36
pairs_e26f586	457	28.52
pairs_e3ca229	491	29.15
pairs_e4d1d9b	490	33.41
pairs_e633a79	460	25.6
pairs_e6509f6	440	30.75
pairs_e6f4096	476	31.9
pairs_e6fa4ad	454	28.77
pairs_e76cd0a	463	27.71
pairs_e8b778e	444	33.370000000000005
pairs_e954171	455	32.77
pairs_e96a096	478	26.14
pairs_ea89b95	488	31.16
pairs_ea98d4c	467	28.1
pairs_ebcac4e	471	26.24
pairs_ecd3172	485	33.870000000000005
pairs_edafd66	460	29.509999999999998
pairs_edc1f7f	441	33.2
pairs_edc1f80	474	30.68
pairs_edeb081	445	28.15
pairs_ee0f22b	446	33.43
pairs_eea4901	435	25.56
pairs_f030178	476	28.4
pairs_f1b5c38	474	32.31
pairs_f30bd8d	462	33.95
pairs_f34e2e7	465	33.29
pairs_f37d96a	477	27.580000000000002
pairs_f3ee11a	490	32.269999999999996
pairs_f43bc4f	443	32.85
pairs_f54cc04	478	35.16
pairs_f55f93e	478	32.019999999999996
pairs_f5b9643	455	26.740000000000002
pairs_f60dd82	457	29.549999999999997
pairs_f645800	450	26.74
pairs_f722475	459	31.97
pairs_f851051	490	35.019999999999996
pairs_f89ec4d	456	29.61
pairs_f8dbffc	453	32.36
pairs_f948d4a	492	35.29
pairs_faca1e5	491	32.37
pairs_fcb62b1	459	34.11
pairs_fda6440	484	33.96
pairs_fed108b	438	27.46
pairs_ff45ac9	438	28.58
pairs_ffda812	436	32.2
pairs_0076b25	237	43.550000000000004
pairs_01cca4b	175	10.89
pairs_02fd439	249	13.02
pairs_03371b8	286	53.879999999999995
pairs_035134f	306	29.18
pairs_0513395	145	11.64
pairs_05f5d8e	295	24.439999999999998
pairs_0732a02	183	10.780000000000001
pairs_076d9c3	251	10.92
pairs_089d57d	214	10.360000000000001
pairs_0a7c8d1	255	12.17
pairs_0b70783	313	29.759999999999998
pairs_0cbeecc	228	10.89
pairs_0d51582	265	25.59
pairs_0d8cf32	238	11.34
pairs_0dc4125	273	23.5
pairs_0e8b22f	238	13.25
pairs_0f4acaf	247	14.370000000000001
pairs_0febd87	298	25.32
pairs_1101e1f	139	9.89
pairs_1121963	245	14.57
pairs_12c78b8	284	23.8
pairs_1330f2b	308	27.380000000000003
pairs_1342f66	288	25.7
pairs_14156ff	273	27.19
pairs_149a111	221	13.7
pairs_14fc7e7	313	25.42
pairs_15291fa	239	13.02
pairs_19eb534	307	27.03
pairs_1a45d94	253	11.68
pairs_1aeb55c	310	24.119999999999997
pairs_1b24279	236	12.280000000000001
pairs_1b383bd	266	24.26
pairs_1c033b8	304	24.509999999999998
pairs_1f64d3f	179	12.370000000000001
pairs_206ac14	215	11.059999999999999
pairs_211823a	234	11.64
pairs_2139f86	174	12.88
pairs_251df4b	288	27.23
pairs_268c3a4	308	24.119999999999997
pairs_2a070fd	285	24.25
pairs_2a1ebe0	212	12.84
pairs_2a456c7	230	13.52
pairs_2b07052	289	24.33
pairs_2ccaba2	315	24.04
pairs_2cf10c4	185	11.46
pairs_2debcd3	288	26.35
pairs_2e7b03c	308	25.220000000000002
pairs_2f3e5e8	304	26.82
pairs_2f6ee9b	228	10.68
pairs_30ca565	280	27.75
pairs_314aaf0	282	25.8
pairs_319fa73	261	23.34
pairs_338ad46	269	26.049999999999997
pairs_3414ad8	314	24.14
pairs_343db9f	236	10.94
pairs_34d23ed	303	24.619999999999997
pairs_34da61b	305	27.32
pairs_360db08	246	10.98
pairs_367c0ec	305	27.560000000000002
pairs_377c606	209	10.54
pairs_37b9166	315	26.009999999999998
pairs_37fc590	314	29.28
pairs_3968544	303	26.79
pairs_39b9d9b	286	28.07
pairs_39cec31	312	28.61
pairs_3a9dc9a	284	25.52
pairs_3ca84b0	279	23.75
pairs_3d5596a	294	26.32
pairs_3dc3c9f	259	28.310000000000002
pairs_3f74bc0	252	15.0
pairs_3f8f72b	218	11.790000000000001
pairs_40413f1	162	10.08
pairs_405c6ea	206	11.110000000000001
pairs_41b86d0	305	25.040000000000003
pairs_41bbe4c	205	10.73
pairs_4227c33	290	27.25
pairs_423159f	199	10.4
pairs_42c345e	256	13.620000000000001
pairs_4307864	301	23.97
pairs_43d866b	293	27.15
pairs_43e5146	304	25.240000000000002
pairs_4457376	286	24.01
pairs_44a8bc0	287	25.330000000000002
pairs_44e21bc	283	25.71
pairs_45128dd	261	23.97
pairs_4576af4	300	24.07
pairs_4853462	257	23.36
pairs_486c813	297	28.689999999999998
pairs_4905130	300	26.84
pairs_4a10f99	313	27.740000000000002
pairs_4a2fbf1	267	24.14
pairs_4b7c47d	273	25.34
pairs_4bb55ed	260	25.55
pairs_4c0f26b	291	23.69
pairs_4ca7aa3	304	25.130000000000003
pairs_4d7c588	308	27.75
pairs_4e787cf	202	12.67
pairs_4eb2c2d	214	12.56
pairs_4f2f321	287	27.97
pairs_4f3dbbf	275	26.67
pairs_507daff	315	29.009999999999998
pairs_518905c	288	24.05
pairs_521a30a	261	25.709999999999997
pairs_529a002	276	27.93
pairs_5328a7f	230	14.48
pairs_54100a6	266	26.310000000000002
pairs_5419ea8	252	14.190000000000001
pairs_54bce35	210	13.95
pairs_5561383	273	25.470000000000002
pairs_55c2f88	316	30.08
pairs_55dbae9	269	26.009999999999998
pairs_561fcf1	315	29.759999999999998
pairs_570b42c	275	24.77
pairs_58801c8	307	29.48
pairs_5b1c789	285	26.589999999999996
pairs_5b45034	295	27.69
pairs_5b70716	245	12.08
pairs_5c008d9	246	13.459999999999999
pairs_5dd8086	310	26.44
pairs_5e11557	298	26.31
pairs_6006d2a	240	13.7
pairs_61f7de6	316	29.27
pairs_62a06b7	278	26.02
pairs_62e7873	260	23.869999999999997
pairs_630e521	241	13.24
pairs_652ba2c	284	26.189999999999998
pairs_660b301	168	10.73
pairs_67019ae	300	26.400000000000002
pairs_6710a54	291	28.18
pairs_6794438	238	11.0
pairs_68e7f5a	284	23.41
pairs_694a407	255	10.97
pairs_6a8f986	306	24.0
pairs_6bdf907	214	12.75
pairs_6c07a14	296	28.15
pairs_6c3c378	249	15.030000000000001
pairs_6c55de9	289	27.07
pairs_6cec097	259	24.57
pairs_6f6ea99	164	12.16
pairs_71fccee	224	10.56
pairs_7487f0c	251	13.77
pairs_74cee23	247	10.76
pairs_75c22e2	246	13.21
pairs_75f962d	283	27.48
pairs_775d79d	288	23.55
pairs_7ac082f	208	11.75
pairs_7bdaea8	174	10.4
pairs_7c0047d	178	13.23
pairs_7d02334	310	24.419999999999998
pairs_7db21f9	265	27.85
pairs_7e0a8c1	246	12.99
pairs_7e0e325	292	27.54
pairs_7e6cfd1	302	26.200000000000003
pairs_7e6fc76	251	11.34
pairs_805adef	316	26.19
pairs_81a9cdb	295	28.96
pairs_81cc01e	199	12.370000000000001
pairs_83a1f02	258	23.47
pairs_8499b42	170	11.4
pairs_85eeb18	267	26.67
pairs_8603a15	237	10.72
pairs_8831b23	309	28.849999999999998
pairs_8a67732	234	13.89
pairs_8cd2c6f	297	25.88
pairs_8d833de	299	27.919999999999998
pairs_8e8e77c	283	23.61
pairs_8ea9d05	285	26.96
pairs_8fe4919	294	26.799999999999997
pairs_904029f	308	24.28
pairs_90647c6	212	12.29
pairs_90e45f9	237	12.77
pairs_9202a7d	275	23.91
pairs_95bbbe5	173	10.559999999999999
pairs_9602692	294	29.150000000000002
pairs_977b991	274	26.27
pairs_98dd416	312	26.020000000000003
pairs_997a832	204	11.399999999999999
pairs_9a7f36f	291	27.87
pairs_9ae93d6	287	28.58
pairs_9b2ff39	313	26.39
pairs_9b7651f	187	10.18
pairs_9c0a694	293	25.82
pairs_9cbdc6a	270	26.34
pairs_9cfca34	310	27.990000000000002
pairs_9d77ccf	296	23.849999999999998
pairs_9ec61d8	299	27.22
pairs_9f47141	208	13.370000000000001
pairs_9fb05e4	306	23.93
pairs_9fd7ac4	256	11.44
pairs_a0413b7	269	26.31
pairs_a0765ad	244	12.190000000000001
pairs_a0854b2	303	27.29
pairs_a13344c	210	10.5
pairs_a184a06	314	28.18
pairs_a26820b	302	24.54
pairs_a569a56	172	10.120000000000001
pairs_a73ad3d	194	13.75
pairs_ab1841a	248	15.24
pairs_ab778c0	251	15.39
pairs_ab786d9	292	26.03
pairs_ac7c104	277	28.07
pairs_af51490	286	24.830000000000002
pairs_afd4e8d	219	13.77
pairs_b0c8d17	311	26.18
pairs_b0dc3d3	279	28.46
pairs_b0e6075	281	26.959999999999997
pairs_b11f187	258	26.62
pairs_b120851	183	13.0
pairs_b16a45e	312	26.9
pairs_b1714c3	277	25.97
pairs_b301d5e	243	13.89
pairs_b3763c3	187	12.73
pairs_b522591	244	14.200000000000001
pairs_b53e137	252	13.21
pairs_b5cf896	274	24.01
pairs_b61c130	275	26.31
pairs_b666f58	295	27.93
pairs_b6c1b83	284	26.02
pairs_b8321f8	277	23.62
pairs_b8912ac	291	24.58
pairs_b8a523b	226	14.530000000000001
pairs_ba33d08	244	12.02
pairs_ba98499	299	23.76
pairs_bae4b37	304	28.509999999999998
pairs_bb4add2	245	11.330000000000002
pairs_bc14969	259	23.66
pairs_bc267d3	257	23.85
pairs_bc35ea0	285	28.5
pairs_bca6d43	283	28.14
pairs_bcd060e	147	10.149999999999999
pairs_bdc1178	260	26.92
pairs_bdf3cfa	114	9.79
pairs_bee1681	290	26.15
pairs_bf11eb4	285	23.77
pairs_c25e3f3	293	27.209999999999997
pairs_c2a4e57	279	26.89
pairs_c3f416e	264	23.62
pairs_c3f897c	316	24.88
pairs_c405cdb	213	10.77
pairs_c416617	248	11.39
pairs_c4340af	311	27.85
pairs_c5140e2	306	26.08
pairs_c528271	273	24.06
pairs_c589ab7	239	15.079999999999998
pairs_c592f37	294	28.53
pairs_c5a282b	314	23.75
pairs_c652349	216	11.120000000000001
pairs_c71d7ef	257	26.78
pairs_cc7cf40	314	24.71
pairs_cca2a86	248	15.25
pairs_cd3225e	276	23.6
pairs_ce2ee75	281	23.7
pairs_ce4696b	251	14.04
pairs_d054c1f	255	14.05
pairs_d13f3ab	288	25.9
pairs_d22abcc	253	13.25
pairs_d237feb	298	29.200000000000003
pairs_d24641c	298	24.15
pairs_d3994b5	212	13.5
pairs_d3a7523	314	24.6
pairs_d41e696	99	9.96
pairs_d5ab192	237	13.31
pairs_d6776d7	297	25.61
pairs_d753776	278	28.28
pairs_d832355	315	28.09
pairs_d9f77c1	280	25.82
pairs_da37298	263	27.22
pairs_da3ee64	244	11.39
pairs_daa900a	223	12.77
pairs_dbbeffb	177	10.14
pairs_dc2981c	243	11.510000000000002
pairs_dc93926	247	11.110000000000001
pairs_dc93af8	184	10.59
pairs_dcba59e	233	11.27
pairs_ddfbd21	275	25.759999999999998
pairs_de84b45	277	24.080000000000002
pairs_df1d660	203	12.879999999999999
pairs_df7024b	137	10.14
pairs_dfa644f	284	24.52
pairs_dfa7852	313	27.21
pairs_e098d32	306	24.51
pairs_e09eef7	316	25.18
pairs_e15dd58	274	25.19
pairs_e1fdaef	284	26.72
pairs_e29a05a	218	12.92
pairs_e2dc72a	143	10.809999999999999
pairs_e335d53	275	23.79
pairs_e389621	242	11.530000000000001
pairs_e49ea9e	240	10.91
pairs_e4c9f17	250	14.17
pairs_e594b4d	298	23.619999999999997
pairs_e5b0b6f	247	13.22
pairs_e641eb6	254	14.71
pairs_e690f6d	243	15.370000000000001
pairs_e6abdb4	285	26.32
pairs_e810e3a	291	28.93
pairs_e9af51f	139	12.19
pairs_ead8a8d	235	11.7
pairs_eb02049	275	26.009999999999998
pairs_ec23b93	262	23.53
pairs_ecf024a	250	12.64
pairs_eda585e	313	27.13
pairs_eea68e3	227	12.3
pairs_ef93c88	304	27.07
pairs_f15c1e8	188	10.68
pairs_f19c804	215	10.969999999999999
pairs_f1c95cc	265	23.39
pairs_f2a1eed	278	25.77
pairs_f40b312	297	27.63
pairs_f415d55	229	11.360000000000001
pairs_f54fbf1	165	10.59
pairs_f556531	287	23.65
pairs_f6be51b	273	24.63
pairs_f72263a	301	28.439999999999998
pairs_f79b2ed	278	23.549999999999997
pairs_f906d79	296	23.7
pairs_f92fa47	200	10.96
pairs_f989893	213	10.55
pairs_f9f6cb1	198	10.52
pairs_fbaf0cb	303	29.13
pairs_fc41477	208	12.67
pairs_fd1d4ce	301	25.630000000000003
pairs_fd5dd0a	270	23.64
pairs_fe88dff	256	13.82
pairs_ffdfb20	190	10.559999999999999
pools_4k_057146f	4085	1744.68
pools_4k_4242ea6	4085	1673.06
pools_4k_4b090c1	4085	1705.21
pools_4k_787cea2	4085	1701.12
pools_4k_928d13b	4085	1691.31
pools_4k_db89907	4084	1692.77
pools_4k_0de8a01	4074	1717.53
pools_4k_248ec45	4071	1692.07
pools_4k_4c5cdae	4075	1689.06
pools_4k_67b5c71	4072	1703.04
pools_4k_921f833	4073	1686.38
pools_4k_bd906c4	4073	1686.89
pairs_36f4f16	2019	366.85
pairs_8166e66	2018	328.26
pairs_b1ccc51	2021	355.6
pairs_dad3d87	2019	325.25
pairs_f269259	2020	321.95000000000005
pools_2k_3b479b7	2017	336.18999999999994
pools_2k_40dc6b3	2021	336.34000000000003
pools_2k_461c961	2020	365.52
pools_2k_49c2efe	2018	357.98
pools_2k_519194b	2020	335.38
pools_2k_5910f28	2017	334.21
pools_2k_6501558	2018	353.46999999999997
pools_2k_73de8fd	2017	363.24
pools_2k_78644b3	2020	347.37
pools_2k_8b1ae36	2021	345.90999999999997
pools_2k_b383ffa	2017	360.94000000000005
pools_2k_b3fdd0f	2019	356.57
pools_2k_b5627aa	2022	339.26
pools_2k_bb11d2f	2017	344.96000000000004
pools_2k_ca51f0f	2022	328.31
pools_2k_d3a455f	2018	331.98
pools_2k_d53aa0b	2021	353.37
pools_2k_d5500fc	2022	365.51
pools_2k_dbb2f3d	2018	350.39
pools_2k_dfee848	2020	357.0
pools_2k_f381f60	2017	323.49
pools_2k_f83c7a3	2019	345.37
pools_3k_0e273ee	3085	1208.45
pools_3k_131c30b	3085	1206.81
pools_3k_275ea11	3084	1189.01
pools_3k_2a77597	3085	1189.38
pools_3k_445e8c6	3085	1179.94
pools_3k_6d542fe	3084	1196.71
pools_3k_7a711dd	3085	1185.59
pools_3k_c2610e6	3086	1176.1799999999998
pools_3k_d06876a	3085	1201.73
pools_3k_eeb5552	3086	1179.31
pools_5k_8d83e1c	5097	3058.23
pools_5k_e81b97c	5099	3035.6800000000003
pools_5k_ff9a54a	5097	3009.62
pairs_009874f	972	106.92
pairs_018e5aa	976	79.14999999999999
pairs_030e025	947	93.48
pairs_0429cf6	987	93.97
pairs_04e2df9	956	92.78999999999999
pairs_0924c4c	949	91.24000000000001
pairs_0a0f050	945	76.63999999999999
pairs_0a484ae	962	82.97
pairs_0a86dd9	945	91.88
pairs_0c45281	992	81.89
pairs_0f372d6	977	85.32
pairs_1009a22	982	95.02
pairs_12f7653	987	91.57000000000001
pairs_153dfb6	986	87.86
pairs_168e11b	983	87.94
pairs_176b3be	942	81.36
pairs_177e147	942	75.57000000000001
pairs_1e5943d	953	85.63999999999999
pairs_21b2ef4	985	79.21
pairs_250e527	970	90.8
pairs_25983f3	986	76.59
pairs_25b3a64	972	76.84
pairs_26ea567	955	86.99
pairs_2717892	988	95.47
pairs_27ed4ae	982	86.7
pairs_2801454	993	93.19
pairs_2c5191c	970	94.11
pairs_2cd1236	956	95.5
pairs_2d94d6c	967	88.94999999999999
pairs_2f51966	957	89.62
pairs_2f62491	961	88.14
pairs_30a81b5	957	91.46
pairs_310b0cf	973	94.81
pairs_316086f	976	95.46000000000001
pairs_318e5e6	941	87.77000000000001
pairs_31ff903	963	94.06
pairs_32b1ff3	950	92.88
pairs_3478759	952	93.43
pairs_3bbe9a8	944	91.74
pairs_3c4c6b0	980	84.59
pairs_3da9c1c	948	92.14999999999999
pairs_3e1b91a	945	76.32
pairs_3e8a16f	957	94.62
pairs_3e8ff12	956	89.9
pairs_3ea2412	989	91.82
pairs_4100228	958	94.99
pairs_41801db	950	95.22999999999999
pairs_4580cd1	994	82.98
pairs_4705230	974	84.74000000000001
pairs_491f47b	959	89.61
pairs_4dcb2be	940	91.88000000000001
pairs_4e4def2	968	91.66
pairs_4f2fa4d	943	89.14
pairs_50e8fdd	944	76.16
pairs_531d83f	956	83.6
pairs_5412d39	994	92.25
pairs_5596d8a	973	92.17
pairs_581e8c8	991	97.81
pairs_588f584	973	77.47
pairs_5a7065d	942	89.17
pairs_5aed392	954	88.02
pairs_5aee3af	958	91.58
pairs_5ece386	953	89.33
pairs_618712e	946	91.66
pairs_62be425	971	76.99
pairs_6320534	974	94.12
pairs_649f961	980	85.87
pairs_652860f	960	82.66999999999999
pairs_65b1c8d	956	93.2
pairs_668e15a	948	89.56
pairs_67837e3	966	90.5
pairs_67b6da5	974	95.64000000000001
pairs_6dcde33	992	80.74000000000001
pairs_6ee3116	957	83.85000000000001
pairs_71fd8a3	989	93.04
pairs_72cfbee	963	85.66
pairs_7b31fd5	958	93.78999999999999
pairs_7c1b2db	986	92.67999999999999
pairs_7c6c25a	943	95.19
pairs_7c8bf79	967	90.72999999999999
pairs_80e8fce	981	93.56
pairs_82131ac	974	94.72
pairs_8357304	966	91.52000000000001
pairs_8467019	964	89.50999999999999
pairs_85a10bc	977	90.49000000000001
pairs_888caff	951	78.47
pairs_896d651	951	94.39
pairs_8bac8c9	959	94.41999999999999
pairs_8e843d6	972	94.87
pairs_8fcbf33	958	87.25
pairs_9435bdf	944	91.08
pairs_94e85a8	945	77.96
pairs_96efe9b	984	89.55
pairs_98e2bd9	983	96.02000000000001
pairs_9920846	950	87.91
pairs_9c7f29e	960	85.16999999999999
pairs_9cbba55	989	88.96000000000001
pairs_9d21766	963	77.17
pairs_9dedcc7	978	95.99
pairs_a29039d	943	92.9
pairs_a43d981	948	80.22
pairs_a4de429	943	78.07000000000001
pairs_a6f8ad5	980	94.31
pairs_a7fc9bd	984	94.91
pairs_a87f2c0	961	89.13
pairs_aa585bd	974	94.73
pairs_abbe828	992	95.14
pairs_adecd2a	941	80.55
pairs_ae6ceab	986	77.52
pairs_b624b3d	968	95.37
pairs_b661d0d	960	75.89
pairs_b8f143e	991	82.35
pairs_beb16b4	941	77.1
pairs_c3d568c	990	76.78
pairs_c46fafe	961	75.89
pairs_c6863c6	967	75.73
pairs_c6d3e28	971	95.02
pairs_c75c53b	985	90.7
pairs_ca5fe99	985	76.42
pairs_ca7133e	982	76.8
pairs_cc47f06	987	76.41000000000001
pairs_ce4a0c4	994	93.85
pairs_cf1d4f8	994	94.21000000000001
pairs_cf6c2b6	973	83.81
pairs_d609649	962	86.12
pairs_da78d5f	979	93.13
pairs_dd7b8b9	981	79.77
pairs_dffe0f2	973	82.29
pairs_e24933d	992	96.37
pairs_e40ec6c	984	89.08
pairs_e4b0e39	951	94.08000000000001
pairs_e68a582	972	92.06
pairs_e7851a9	956	94.01
pairs_e80415f	981	91.78
pairs_ed5a0fb	962	94.88000000000001
pairs_ef7d5a2	982	93.82
pairs_f128c4a	993	88.9
pairs_f1e1b35	957	93.78
pairs_f2eeefb	954	88.64
pairs_f3d31e5	990	93.83
pairs_f624394	947	92.33
pairs_f78896b	981	90.42999999999999
pairs_f7c9a73	965	94.12
pairs_fd3d183	956	93.50999999999999
pools_5k_8705466	5034	3042.21
pools_5k_c8aab5e	5034	2989.84
pools_5k_f40fe2a	5033	2997.79
pools_4k_1f32eb5	4042	1807.9499999999998
pools_4k_47eaa82	4043	1766.05
pools_4k_4d1cfc1	4042	1747.8200000000002
pools_4k_6a54b6a	4041	1746.42
pools_4k_f4065f1	4043	1763.51
pools_4k_f95a938	4043	1758.9199999999998
pools_5k_4bd15cd	5065	3143.57
pools_5k_9221464	5063	3086.87
pools_5k_92497cf	5064	3088.0499999999997
pools_5k_03752e2	5074	3124.51
pools_5k_76f3394	5074	3106.7599999999998
pools_5k_9160600	5074	3087.3399999999997
pools_5k_bbbce85	5075	3104.0
pools_3k_2b7ad49	3099	1249.4399999999998
pools_3k_506ee56	3099	1220.1299999999999
pools_3k_55374ae	3098	1218.79
pools_3k_6479d1b	3098	1208.5
pools_3k_72c7f06	3099	1222.9
pools_3k_8c7ed4d	3099	1226.8400000000001
pools_3k_94198c8	3098	1222.94
pools_3k_a5871e0	3098	1221.18
pools_3k_b67a3e0	3099	1214.63
pools_3k_c7476d9	3099	1217.3100000000002
pools_4k_255aeeb	4066	1731.71
pools_4k_26bca97	4067	1697.86
pools_4k_2f1459e	4065	1708.8
pools_4k_4662bbb	4066	1682.7
pools_4k_b8eef54	4067	1688.26
pools_4k_fc031cf	4066	1709.02
pools_4k_1ca4962	4039	1753.4099999999999
pools_4k_49b90eb	4040	1696.11
pools_4k_8c3b80a	4041	1727.01
pools_4k_c7cac9c	4040	1742.5
pools_4k_d280e93	4040	1728.98
pools_3k_08c9c5c	3070	866.81
pools_3k_08fb2e8	3070	831.75
pools_3k_1de7392	3068	838.4000000000001
pools_3k_4152039	3067	821.96
pools_3k_4416511	3067	813.6899999999999
pools_3k_833db6c	3068	823.98
pools_3k_ad67117	3069	814.47
pools_3k_b193cca	3066	838.29
pools_3k_d21ae91	3069	834.8
pools_3k_e0c3079	3067	847.48
pools_5k_09ebe90	5078	3030.1899999999996
pools_5k_223b242	5077	2985.63
pools_5k_6eee748	5078	3001.8199999999997
pools_5k_3818e32	5065	3045.51
pools_5k_695ef2e	5066	3018.6
pools_5k_ac8381e	5066	3033.57
pools_5k_d46a383	5066	3004.13
pools_4k_261f03d	4096	1713.05
pools_4k_43072b5	4096	1687.6299999999999
pools_4k_4553b5e	4098	2271.21
pools_4k_7fd2875	4098	2247.36
pools_4k_8f2809e	4096	1660.5
pools_4k_d9293d2	4096	1693.55
pools_5k_0dca0b7	5072	3010.87
pools_5k_a73c42c	5073	2976.2700000000004
pools_5k_fcb9a7c	5072	2991.48
pairs_0061302	722	88.88
pairs_01a0581	716	53.22
pairs_04378d4	725	48.239999999999995
pairs_05e36fe	732	59.62
pairs_071ef82	725	56.97
pairs_08539e7	695	60.47
pairs_09c5741	719	60.61
pairs_0ad6472	728	59.22
pairs_0cae1a6	701	58.71
pairs_0cc3dac	721	61.24
pairs_0d476ba	687	50.24
pairs_0d4fd21	723	61.74
pairs_0d5bab1	723	48.22
pairs_0d8e629	710	49.56
pairs_0d91cc9	694	47.879999999999995
pairs_0def9b3	731	58.58
pairs_0e348cd	715	61.78
pairs_0ecf31d	691	59.99
pairs_105fdcb	695	61.42
pairs_1170eb0	716	53.82
pairs_11ba60b	689	59.68000000000001
pairs_11cdfa1	721	59.83
pairs_12ee3c7	685	47.57000000000001
pairs_12f325f	697	55.42
pairs_13f4c53	719	55.41
pairs_1473f62	706	48.99
pairs_159ab48	689	52.04
pairs_17905b1	707	59.56
pairs_17978c5	727	57.81
pairs_17c3442	728	53.370000000000005
pairs_194f90a	713	52.959999999999994
pairs_1bf49e7	691	61.089999999999996
pairs_1ca4d7b	685	57.040000000000006
pairs_1e1fe28	692	49.370000000000005
pairs_1ed6106	691	61.16
pairs_1f648bd	692	59.3
pairs_209e364	716	55.36
pairs_2229d4d	731	53.4
pairs_22f52be	706	57.74
pairs_23d30ce	716	61.14
pairs_25d2fe1	707	47.209999999999994
pairs_263c795	693	61.12
pairs_26f1785	726	47.87
pairs_2782493	687	58.489999999999995
pairs_293cdf1	697	49.57
pairs_29a2ab7	730	47.440000000000005
pairs_2b5d5c3	704	57.82
pairs_2ba69d1	709	57.52
pairs_2eb3325	685	52.71
pairs_2f60d80	697	58.76
pairs_2fbef71	695	58.92
pairs_3063ad9	731	58.65
pairs_31297f0	729	50.02
pairs_31516b0	698	57.36
pairs_3226918	689	60.11
pairs_32bc916	687	60.489999999999995
pairs_33762e3	702	58.52
pairs_3428e5e	732	51.65
pairs_355855e	696	53.78
pairs_3590404	706	54.95
pairs_397b53d	720	58.32000000000001
pairs_3a627cf	729	59.82
pairs_3a7fc26	725	59.7
pairs_3b09b11	713	51.43
pairs_3ce2386	685	59.13
pairs_3ce6412	693	47.580000000000005
pairs_3eec69e	726	47.7
pairs_3f0d3ac	705	58.160000000000004
pairs_3f94e64	723	61.29
pairs_423ee7b	731	49.910000000000004
pairs_4382fcc	687	57.87
pairs_440a505	721	56.66
pairs_44da379	714	48.0
pairs_459d612	719	52.02
pairs_4676a48	697	47.550000000000004
pairs_46a4053	710	58.86
pairs_46d8173	707	60.64
pairs_4725404	725	60.41
pairs_4955f59	720	55.13
pairs_4b6334c	719	55.2
pairs_4bbae51	692	57.78
pairs_4c4ab99	702	49.35
pairs_4cadae7	694	59.629999999999995
pairs_4ed499b	708	58.019999999999996
pairs_4f7a0ed	684	57.79
pairs_4fd9cd9	688	52.69
pairs_5000e9d	687	60.06
pairs_5061ad5	690	47.53
pairs_51514f0	693	47.24
pairs_5192f3f	690	58.7
pairs_529d316	726	54.86
pairs_5342206	703	59.61
pairs_58807fb	720	58.209999999999994
pairs_59a9270	691	47.39
pairs_5a6452e	727	60.3
pairs_5cb9f67	695	47.53
pairs_5e8be44	709	61.26
pairs_5f1fe81	693	48.15
pairs_5f9500c	714	59.62
pairs_5fa1f21	701	56.519999999999996
pairs_606b78b	721	60.71000000000001
pairs_6436e89	696	59.08
pairs_65a0f59	703	60.54
pairs_664a6c9	702	54.64
pairs_691dc1b	700	60.42
pairs_6a22b20	687	54.67
pairs_6b47344	703	57.5
pairs_6b9795a	712	58.44
pairs_6c6b630	704	60.06
pairs_6d097da	723	50.129999999999995
pairs_6d86877	721	59.39
pairs_6eeb05b	705	60.83
pairs_72560b5	707	61.7
pairs_72566ff	698	61.09
pairs_73f4200	691	49.44
pairs_75658dc	706	59.18
pairs_7713ccf	696	61.129999999999995
pairs_7724014	708	58.26
pairs_787365d	723	61.3
pairs_7da75f9	727	57.29
pairs_7f6bf95	725	60.97
pairs_7fd8f85	730	53.1
pairs_828b4fb	724	54.0
pairs_833e308	690	59.47
pairs_8447ad9	731	57.1
pairs_8583aaf	712	57.699999999999996
pairs_8616cd6	717	53.830000000000005
pairs_87225c1	725	61.4
pairs_89aa82d	690	57.239999999999995
pairs_8a342eb	701	48.03
pairs_8b629b0	698	53.13
pairs_8c512a8	715	58.68000000000001
pairs_8c8f3bf	698	55.18
pairs_8e319e7	731	61.67
pairs_8e8dab7	720	59.35
pairs_8e992d9	714	50.97
pairs_8ea2b34	720	52.76
pairs_909a8d3	713	59.76
pairs_90ce767	703	53.97
pairs_90fcafc	726	61.620000000000005
pairs_9148a5b	727	51.23
pairs_9189153	701	60.66
pairs_9197260	684	47.239999999999995
pairs_91cba31	714	58.9
pairs_9341b1e	726	58.55
pairs_953546a	722	53.760000000000005
pairs_960eff6	722	59.72
pairs_9828e2a	717	52.739999999999995
pairs_98f8625	724	47.53
pairs_99ef87d	696	60.92
pairs_9a0ad68	700	49.540000000000006
pairs_9ad0a39	720	47.71
pairs_9d53430	692	47.01
pairs_9ea8844	694	60.690000000000005
pairs_9ee0ea0	715	60.37
pairs_9fdf25c	689	59.33
pairs_a01bfba	724	60.879999999999995
pairs_a246ed2	722	50.97
pairs_a4474c2	711	58.09
pairs_a4e8de8	688	51.660000000000004
pairs_a59a715	700	57.28
pairs_a5dd08a	717	59.760000000000005
pairs_a6490a9	726	59.620000000000005
pairs_a6be70b	698	49.04
pairs_a74a899	727	61.260000000000005
pairs_a9a47e0	702	60.79
pairs_aa05186	719	58.05
pairs_ab35151	689	59.48
pairs_aca270b	697	60.400000000000006
pairs_ae0c7c8	731	53.45
pairs_aee2b0f	715	59.09
pairs_af945d8	716	47.7
pairs_b036e17	717	59.45
pairs_b4ff926	695	56.379999999999995
pairs_b54adb1	712	47.260000000000005
pairs_b60b9da	703	47.03
pairs_b612a29	686	58.45
pairs_b873e05	716	61.260000000000005
pairs_baf43f4	706	59.79
pairs_bc20780	700	56.39
pairs_bcb3a15	687	60.78
pairs_bd4f721	688	59.84
pairs_bea68f1	720	53.31
pairs_bf55704	728	51.91
pairs_bffe0c8	697	56.400000000000006
pairs_c177075	688	59.07
pairs_c226a76	726	56.9
pairs_c2503f7	688	60.17
pairs_c28332f	691	49.15
pairs_c42892d	688	47.6
pairs_c521e02	722	61.14
pairs_c52faea	724	60.89
pairs_c661b75	723	59.959999999999994
pairs_c88b858	719	59.35
pairs_c9875ba	727	58.06999999999999
pairs_cb52d95	705	54.81
pairs_cc49583	713	57.14
pairs_cf79f01	723	59.36
pairs_d1472aa	708	47.28
pairs_d1b1765	724	60.629999999999995
pairs_d3b49bc	730	61.42
pairs_d45eca5	687	46.73
pairs_d5a8bcc	728	48.94
pairs_d605013	707	56.67
pairs_d81696e	696	47.95
pairs_d87eb5d	720	56.61
pairs_d8dcad8	726	61.67
pairs_d9430ae	719	56.69
pairs_da1a432	685	49.18
pairs_da33132	714	61.5
pairs_db608f6	692	58.709999999999994
pairs_dbb11b5	704	55.96
pairs_dbfdac4	717	57.769999999999996
pairs_dcb8307	697	51.61
pairs_ddb7fc4	694	46.96
pairs_ddff560	726	48.53
pairs_de2270f	693	59.74
pairs_de6e94f	708	61.08
pairs_de867fc	718	54.87
pairs_e04a8e1	726	59.06999999999999
pairs_e6cb950	693	51.33
pairs_e78f976	730	47.839999999999996
pairs_e7c25b0	689	58.989999999999995
pairs_e7f3fac	685	52.67
pairs_e85f57e	707	49.17
pairs_e9ac775	728	58.129999999999995
pairs_eaf928d	710	58.370000000000005
pairs_ed203fd	728	48.440000000000005
pairs_eec1e51	713	59.03
pairs_f0ae9c5	699	59.21
pairs_f1307da	686	58.2
pairs_f34af0b	713	53.120000000000005
pairs_f3fcfde	727	56.120000000000005
pairs_f4da9a0	704	56.27
pairs_f63f59d	691	59.3
pairs_f689f8c	727	60.56
pairs_f6ab630	701	60.42
pairs_f723b6a	697	59.67
pairs_f78f49b	705	50.65
pairs_f7cfaae	693	49.07
pairs_f7e2993	701	58.56
pairs_f836aff	701	47.32
pairs_f9805e8	698	47.949999999999996
pairs_fa823ee	726	60.15
pairs_fa876a2	696	59.67
pairs_faa44a8	726	61.28
pairs_faf6305	694	50.19
pairs_fb60ffc	706	58.099999999999994
pools_5k_5006dd3	5044	3035.83
pools_5k_5e24cd9	5045	3021.7799999999997
pools_5k_69f3390	5044	3054.0099999999998
pools_2k_0687935	2117	582.0600000000001
pools_2k_0e6b137	2118	548.3
pools_2k_13615af	2118	553.25
pools_2k_177a7d7	2118	567.9399999999999
pools_2k_1a1e6f6	2118	563.89
pools_2k_20cc800	2118	559.8399999999999
pools_2k_2d11e6e	2119	551.48
pools_2k_41b1dad	2119	555.6800000000001
pools_2k_46f3e05	2118	556.34
pools_2k_47c2267	2116	540.76
pools_2k_4fcab93	2119	566.6
pools_2k_55c0567	2118	536.67
pools_2k_65934e6	2117	537.11
pools_2k_79ae042	2117	550.98
pools_2k_860753b	2116	537.55
pools_2k_88513f7	2117	556.11
pools_2k_8f894d0	2116	562.21
pools_2k_90bd620	2119	554.35
pools_2k_91bb385	2117	538.0699999999999
pools_2k_a4deaf3	2118	549.1
pools_2k_abe116e	2117	562.29
pools_2k_c6fb202	2118	545.86
pools_2k_e3c90ae	2119	567.93
pools_3k_968c005	2119	567.2
pairs_164a265	2053	549.7
pools_2k_030220d	2055	543.73
pools_2k_09c08e7	2051	546.79
pools_2k_1dd4181	2051	543.72
pools_2k_1ea0883	2054	528.2
pools_2k_1eafd38	2054	509.81
pools_2k_20f066e	2054	542.78
pools_2k_3363855	2051	515.96
pools_2k_3500a86	2053	538.81
pools_2k_37da4e4	2054	537.3299999999999
pools_2k_48b3819	2051	528.76
pools_2k_4a33863	2055	536.78
pools_2k_511b1dd	2052	545.28
pools_2k_5a5d059	2054	537.73
pools_2k_7613bf0	2050	547.63
pools_2k_7bec313	2054	533.87
pools_2k_8f80726	2050	527.97
pools_2k_a0ddd67	2053	550.14
pools_2k_a971afa	2051	551.6800000000001
pools_2k_b585412	2050	549.1700000000001
pools_2k_c1599df	2049	533.39
pools_2k_cb89383	2051	534.27
pools_2k_d5cfaf8	2051	542.6800000000001
pools_2k_ec8134e	2053	539.39
pools_2k_f19d34b	2055	545.79
pairs_7916dd2	2947	834.73
pools_3k_3c73883	2985	825.31
pools_3k_3d4f0ea	2980	855.63
pools_3k_4ab79f5	2948	849.61
pools_3k_772a28b	2975	850.39
pools_3k_b3cf4e8	2990	862.4699999999999
pools_3k_bf8ef26	2985	853.63
pools_3k_c4721bc	2977	821.0400000000001
pools_3k_c5aa5cf	2996	852.0
pools_3k_e9174b5	2977	858.31
pools_4k_1bb3312	2952	834.35
pairs_bbf46e7	2918	856.28
pools_3k_055aa8c	2867	843.81
pools_3k_06e10f9	2876	861.52
pools_3k_14bc6da	2868	862.01
pools_3k_3a43c54	2777	851.54
pools_3k_4c8a9ee	2830	853.18
pools_3k_86ede7d	2842	845.36
pools_3k_8786133	2946	836.19
pools_3k_c707667	2841	867.52
pools_3k_cb22dc7	2902	838.3000000000001
pools_3k_dbb6fd1	2838	848.97
pairs_4df4b94	2048	352.01
pairs_947239c	2047	324.96
pairs_d3b4c94	2045	335.76
pools_2k_03f840a	2049	566.13
pools_2k_13b9b90	2049	538.12
pools_2k_2dec8f0	2046	326.94
pools_2k_2e4973c	2049	550.06
pools_2k_517c43a	2049	534.13
pools_2k_534a344	2048	332.4
pools_2k_639a9b1	2045	339.69
pools_2k_6b250cc	2043	335.70000000000005
pools_2k_6d27b13	2045	326.14
pools_2k_7b0ff1a	2049	546.4
pools_2k_94652ad	2044	331.33
pools_2k_9c2dc56	2048	352.74
pools_2k_a974b27	2044	339.87
pools_2k_b3bb645	2045	339.4
pools_2k_b9c2127	2047	340.03
pools_2k_bac2a17	2048	344.46
pools_2k_bb7af02	2048	354.46
pools_2k_bdf0e73	2045	330.68
pools_2k_be414ce	2044	316.08000000000004
pools_2k_c65932c	2048	329.45000000000005
pools_2k_cac99c8	2044	339.09000000000003
pools_2k_e79c4f8	2045	348.26
pools_2k_eb47ae5	2046	336.88
pairs_313a1b7	2027	346.79
pairs_4aeda65	2027	323.26
pairs_50fc7b3	2024	323.53
pools_2k_106c466	2023	341.43
pools_2k_12cfe17	2024	332.16999999999996
pools_2k_13db759	2026	351.47999999999996
pools_2k_168e074	2026	347.66
pools_2k_359bc99	2027	337.62
pools_2k_37ea5d4	2024	334.69
pools_2k_4004746	2025	344.01
pools_2k_4a82b90	2023	355.81
pools_2k_5b57d2b	2027	347.89
pools_2k_5f432bd	2027	354.72999999999996
pools_2k_7262751	2023	346.28000000000003
pools_2k_7e4ce59	2026	329.13
pools_2k_a84e658	2023	343.12
pools_2k_ab034ef	2026	338.29
pools_2k_afe9e12	2022	345.37
pools_2k_b55e15c	2022	335.84
pools_2k_bac936a	2027	354.63
pools_2k_c4a3565	2027	356.69
pools_2k_c4a9297	2024	356.78999999999996
pools_2k_e04eab9	2024	352.62
pools_2k_e16aed3	2025	323.26
pools_2k_e4c3551	2023	353.41
pools_2k_e8ab6a4	2022	347.5
pools_2k_e9f554f	2025	336.87
pools_5k_51e2da7	5078	3178.9500000000003
pools_5k_556b10a	5081	3136.2000000000003
pools_5k_ca7073b	5081	3121.69
pools_5k_e6e96d9	5080	3134.8399999999997
pools_4k_12107d4	4043	1714.69
pools_4k_16d0478	4045	1712.17
pools_4k_9612b6f	4044	1696.56
pools_4k_a5d47a6	4044	1706.68
pools_4k_d6de23e	4045	1702.2
pools_5k_227a6e1	5031	3016.91
pools_5k_5338d4c	5032	3007.94
pools_5k_5d5e4ba	5031	2983.74
pools_5k_bf1dcf9	5032	2973.46
pools_3k_1278486	3051	919.16
pools_3k_23e6d8f	3054	874.83
pools_3k_490313b	3051	845.1999999999999
pools_3k_4d14b65	3050	872.12
pools_3k_51b0607	3050	885.8299999999999
pools_3k_8771463	3050	867.1400000000001
pools_3k_9131b5f	3050	862.0500000000001
pools_3k_9455f56	3052	858.27
pools_3k_9aaa209	3050	823.8599999999999
pools_3k_a5f15f4	3050	868.53
pools_3k_bb556d7	3049	853.85
pools_4k_024dab7	4084	1696.2399999999998
pools_4k_5426b7c	4083	1690.3000000000002
pools_4k_aa1f5a2	4083	1658.79
pools_4k_b290030	4083	1664.83
pools_4k_cba7654	4082	1680.5500000000002
pools_4k_2cd1f86	4021	1712.0
pools_4k_39674bb	4020	1671.04
pools_4k_864abfd	4021	1672.31
pools_4k_a76dee3	4022	1672.93
pools_4k_af64ae1	4020	1677.12
pools_4k_b625e60	4020	1690.54
pools_4k_039f98d	4117	2281.44
pools_4k_197d6a1	4117	2256.31
pools_4k_342f028	4117	2290.6800000000003
pools_4k_e1f5007	4118	2291.13
pools_4k_e713ff6	4117	2280.14
pairs_093dfa0	2166	557.93
pairs_0f421ff	2166	516.13
pairs_1262769	2235	529.76
pairs_3564445	2205	534.97
pairs_50bdcb0	2216	517.73
pairs_51ee95d	2201	530.65
pairs_63f4e0b	2209	518.13
pairs_69dc13d	2226	537.01
pairs_7be17ba	2251	525.33
pairs_7c46013	2249	524.8299999999999
pairs_7d7f25e	2236	517.47
pairs_9fcde3e	2205	529.91
pairs_ae71c09	2185	522.14
pairs_af8f5c5	2229	529.3
pairs_bd088e1	2170	516.38
pairs_e77ff1c	2239	530.48
pairs_ec5a814	2251	529.94
pairs_ed0624f	2172	513.37
pools_2k_2d8d1fb	2169	529.72
pools_2k_6deb3f2	2236	534.3199999999999
pools_3k_f6eefc9	2161	551.5
pools_5k_473116b	5093	3028.64
pools_5k_b6138b6	5093	3011.0699999999997
pools_5k_cc8ad13	5093	2993.25
pools_4k_22a54e6	4016	1735.32
pools_4k_2d07f3a	4011	1695.75
pools_4k_3f83997	4010	1693.17
pools_4k_6aae9dd	4008	1718.89
pools_4k_7e06e14	4007	1727.77
pools_4k_d8c3036	4008	1725.36
pairs_02eccc9	1115	146.35999999999999
pairs_0434fcc	1122	129.27
pairs_061d4fd	1098	134.7
pairs_0a7c82b	1127	123.0
pairs_0d09671	1116	136.56
pairs_0f7ba52	1104	129.2
pairs_119545a	1103	136.12
pairs_1347a34	1121	133.72
pairs_156dd80	1109	133.23000000000002
pairs_1c5de16	1097	134.71
pairs_1f19afc	1098	132.2
pairs_1fa35c8	1101	126.75
pairs_244a440	1110	122.21000000000001
pairs_24816a3	1093	131.82999999999998
pairs_26acba2	1113	120.53999999999999
pairs_2beaacd	1105	136.3
pairs_2cd08d0	1097	136.38
pairs_2d90f94	1104	121.93
pairs_2fa046e	1134	134.17000000000002
pairs_30ac474	1096	132.28
pairs_32bdb0d	1115	135.06
pairs_33f6e74	1124	131.99
pairs_3611fbc	1108	129.15
pairs_3641231	1105	132.61
pairs_37032bc	1131	135.10999999999999
pairs_3c79927	1138	115.73
pairs_45ce764	1128	133.12
pairs_4632d1e	1119	134.03
pairs_4744809	1135	115.75
pairs_48a6386	1110	124.97999999999999
pairs_4a659da	1106	129.64
pairs_4ab7ac6	1094	115.12
pairs_4af8047	1118	130.11
pairs_4dacc6c	1106	135.81
pairs_513e78a	1127	129.29
pairs_519fd2c	1130	125.88
pairs_53dff0a	1131	137.7
pairs_56adf39	1101	134.17000000000002
pairs_5acebce	1134	135.85999999999999
pairs_5b56858	1109	133.54000000000002
pairs_5c0a3fc	1103	133.89
pairs_5c0ed13	1095	133.83
pairs_5f58a6f	1110	133.6
pairs_611c981	1093	133.78
pairs_6229eba	1101	136.23000000000002
pairs_64da1c1	1104	125.51
pairs_6c57abe	1133	129.9
pairs_6d413f3	1093	127.83000000000001
pairs_77dd2aa	1097	133.71
pairs_79454a3	1109	132.8
pairs_7b61ec6	1091	133.99
pairs_7bef5d5	1136	114.97
pairs_7e5a362	1118	136.32999999999998
pairs_821f0ea	1105	128.0
pairs_869770e	1135	127.99
pairs_86c2bed	1093	131.98
pairs_87bd2b7	1111	124.25999999999999
pairs_8c81a6f	1127	133.57
pairs_8c8214d	1126	133.20000000000002
pairs_90a77d8	1104	133.07999999999998
pairs_9229dbe	1119	134.26999999999998
pairs_93707a6	1128	127.91
pairs_94eb34d	1131	136.45
pairs_9669b72	1137	137.98000000000002
pairs_96af0e5	1135	136.48000000000002
pairs_97cd92a	1114	133.49
pairs_9861b4a	1091	123.56
pairs_9b3efd1	1132	129.45999999999998
pairs_9d4d9f7	1135	137.22
pairs_a281bdd	1092	132.82999999999998
pairs_a294884	1105	135.37
pairs_a2b724e	1122	136.45
pairs_a58e478	1117	134.10000000000002
pairs_a67b3f3	1106	136.67000000000002
pairs_a6a7cdd	1117	135.42000000000002
pairs_ad570e3	1108	136.19
pairs_b09b301	1130	129.44
pairs_b36b2f6	1118	136.04
pairs_b3de873	1091	114.7
pairs_b409998	1102	135.85
pairs_b44140f	1138	137.38
pairs_b7ab7f7	1122	117.29
pairs_c0ad808	1125	122.22999999999999
pairs_c6a0f7c	1108	115.78
pairs_cc0544c	1108	120.85
pairs_cc05f6c	1125	136.99
pairs_ce08929	1103	118.21
pairs_d1e6380	1131	134.48000000000002
pairs_d680b91	1103	134.73
pairs_d858734	1103	127.75
pairs_d9e8c74	1116	129.18
pairs_e05179a	1103	127.71000000000001
pairs_e1c409a	1126	133.57999999999998
pairs_e3c444a	1116	117.27
pairs_e3edc35	1115	133.65
pairs_e75ce85	1112	119.84
pairs_eca1109	1092	119.9
pairs_eceb672	1109	137.07
pairs_f05905b	1122	134.9
pairs_f1454e1	1130	129.32
pairs_f2404b8	1132	127.1
pairs_f63f91b	1095	120.43
pairs_f810a32	1125	129.84
pairs_f84d38a	1132	115.39999999999999
pairs_f91cc99	1119	134.88
pairs_fa8b25b	1106	126.32
pools_2k_5ca07ad	1090	114.49000000000001
pools_5k_1db16df	5026	2980.02
pools_5k_206e787	5026	2966.61
pools_5k_ec497a9	5027	2967.83
pairs_0519482	1157	148.07999999999998
pairs_0558563	1188	130.99
pairs_055e233	1154	136.3
pairs_05db9aa	1184	122.29
pairs_072caaf	1144	134.08
pairs_0d6941b	1163	121.21
pairs_0db13cf	1171	134.66
pairs_0e7747b	1192	130.01
pairs_104c1b0	1160	139.7
pairs_11cd29c	1176	115.95
pairs_1621fd2	1141	128.85
pairs_192bc33	1162	131.16
pairs_1f0c807	1168	135.8
pairs_20be033	1179	136.33
pairs_21351b3	1176	135.54000000000002
pairs_25f1df8	1156	136.94
pairs_28020de	1152	138.82999999999998
pairs_282a12a	1158	136.71
pairs_2a6fe9b	1139	139.79
pairs_2af1856	1151	135.88
pairs_2c65308	1187	141.51999999999998
pairs_2cecfc6	1143	137.72
pairs_3b11e69	1146	135.85
pairs_3c235c2	1160	138.37
pairs_3d7fbbc	1149	135.97
pairs_3e7ecd4	1185	137.57999999999998
pairs_4cc9c78	1198	142.09
pairs_4e2abe4	1143	139.85
pairs_4ea02ae	1183	142.28
pairs_5101481	1139	134.6
pairs_5185964	1165	137.24
pairs_5392e8f	1163	138.98000000000002
pairs_55b0f3b	1166	140.75
pairs_56cbb04	1188	137.93
pairs_57435fb	1151	139.05
pairs_5884f65	1138	138.53
pairs_5cdc854	1150	130.67000000000002
pairs_5e27b83	1188	132.56
pairs_60ed039	1172	142.13
pairs_72fac9e	1196	134.68
pairs_73d0f64	1176	138.01
pairs_7544c8c	1161	138.92
pairs_7a869f2	1189	135.29
pairs_7b34164	1143	139.56
pairs_7bed2f9	1158	138.05
pairs_8398714	1192	137.28
pairs_865f1e4	1151	126.26
pairs_8708579	1176	128.17000000000002
pairs_8748c26	1169	142.01999999999998
pairs_8bab91d	1164	141.76
pairs_8c3f220	1196	125.54
pairs_8ce3070	1147	134.2
pairs_90e328c	1155	137.84
pairs_914c7a1	1144	121.63
pairs_925a725	1189	125.49
pairs_97f5c2c	1171	129.85
pairs_982c4b7	1155	139.86
pairs_9abc78b	1146	129.84
pairs_9b1f48e	1175	129.3
pairs_a0929db	1154	134.91
pairs_a7cf347	1180	116.25
pairs_a9e82db	1186	139.59
pairs_ab66923	1177	138.81
pairs_b42d838	1161	140.59
pairs_b58eba5	1192	136.73
pairs_b593742	1195	135.87
pairs_b6be7bf	1181	131.81
pairs_b7b280f	1185	133.89
pairs_b833385	1200	139.17
pairs_bb9e209	1150	138.2
pairs_bbca271	1180	141.75
pairs_bed953b	1174	141.78
pairs_bfe6eb9	1200	134.48
pairs_c04cc39	1172	125.63
pairs_c1ca72e	1152	141.15
pairs_c326412	1173	141.62
pairs_c756548	1190	128.07
pairs_c85be4c	1145	128.68
pairs_d0abc77	1160	138.92
pairs_da1362f	1171	140.03
pairs_dc87131	1189	125.82
pairs_dda75e5	1143	138.74
pairs_e86e13f	1154	125.52000000000001
pairs_e94b840	1142	136.54
pairs_eadeaa4	1148	127.14
pairs_eb70f72	1164	136.31
pairs_ecdffd1	1170	128.64
pairs_ee33987	1182	137.4
pairs_f0dbba7	1168	136.23000000000002
pairs_f41e6ea	1185	130.06
pairs_f552238	1175	128.2
pairs_f69b9be	1140	121.68
pairs_f881d82	1175	130.45000000000002
pairs_fe3e99d	1175	135.82
pools_3k_be122ec	1193	129.26
pools_5k_2f0eaa5	5101	3063.13
pools_5k_3cc131f	5100	3019.31
pools_5k_963628d	5100	3017.72
pools_5k_b396f98	5100	3017.06
pairs_00f5def	755	97.41
pairs_011a1e6	742	55.41
pairs_01e071d	741	64.43
pairs_0279dba	758	55.099999999999994
pairs_0465a8e	774	121.06
pairs_052c2ca	766	62.31
pairs_057d72f	744	64.14999999999999
pairs_05a8a9a	761	66.03
pairs_0611fcc	776	92.08000000000001
pairs_0702997	748	57.47
pairs_07d6668	766	52.51
pairs_0baade3	742	54.370000000000005
pairs_0c3027f	755	65.11
pairs_0e72cc4	770	77.51
pairs_111eb38	779	78.45
pairs_16655bd	769	83.88
pairs_175da4b	753	65.49
pairs_17a622b	739	64.46000000000001
pairs_17fbf74	762	66.12
pairs_1817f3d	770	74.75999999999999
pairs_1942c1e	775	89.66
pairs_19f14f3	742	66.29
pairs_1a888ad	743	65.11
pairs_1b19125	746	61.91
pairs_1b3290a	764	50.31999999999999
pairs_1c27bd3	739	64.16
pairs_1ce0a0b	764	49.47
pairs_1d48452	765	65.14
pairs_1eb4a5e	744	55.95
pairs_1f798fc	778	91.51
pairs_21ca297	768	61.980000000000004
pairs_220ab89	753	61.540000000000006
pairs_2289301	744	58.86
pairs_24d4a61	776	91.60999999999999
pairs_24d7bec	769	90.35000000000001
pairs_25690ed	755	64.81
pairs_25d3f05	748	62.42999999999999
pairs_27ac20e	733	49.089999999999996
pairs_27ec1cd	756	62.489999999999995
pairs_296540a	740	56.099999999999994
pairs_29ddc14	774	89.5
pairs_2a9b3c7	770	75.7
pairs_2bfe1f8	743	59.5
pairs_2cb0a0b	764	61.0
pairs_2d09ab7	738	61.0
pairs_2dbdee8	776	88.03
pairs_2e3c0d1	744	49.77
pairs_2f4adc8	768	50.19
pairs_33013f3	733	61.48
pairs_353910c	770	87.85
pairs_36ae004	739	52.400000000000006
pairs_3886bdb	739	54.21
pairs_3969d1c	762	62.14
pairs_3b26db0	767	49.919999999999995
pairs_3c7b7de	771	75.50999999999999
pairs_3ca079c	733	59.6
pairs_3d195d1	761	65.89
pairs_40be483	747	62.290000000000006
pairs_428ee61	739	52.830000000000005
pairs_4327f39	774	88.91
pairs_45f7897	768	60.17
pairs_461f5d1	763	65.06
pairs_464f934	735	65.17
pairs_46d03df	752	62.95
pairs_48d97ea	763	62.519999999999996
pairs_4955a43	745	52.74
pairs_4a84230	780	85.28999999999999
pairs_4bfb4e2	765	62.599999999999994
pairs_4dc9e71	766	53.769999999999996
pairs_4e66e96	741	57.25
pairs_4eabe3b	772	89.79
pairs_4f238d0	735	65.21000000000001
pairs_4f6873c	747	50.080000000000005
pairs_529f300	748	54.730000000000004
pairs_52b22b9	734	62.91
pairs_52d3896	763	61.17
pairs_532efa1	742	59.730000000000004
pairs_55cf969	751	56.519999999999996
pairs_56669a3	758	58.45
pairs_56f4654	770	76.28
pairs_5797f5f	769	91.36999999999999
pairs_5802e63	735	64.08
pairs_58c4ac6	781	90.03
pairs_5a8b6e9	746	58.92
pairs_5ab531e	773	91.2
pairs_5bee58f	777	87.98
pairs_5cecbd2	748	62.739999999999995
pairs_6007c5d	743	56.49
pairs_60eefaf	758	62.660000000000004
pairs_6208d86	780	89.78
pairs_6344200	761	52.900000000000006
pairs_6383a60	758	62.480000000000004
pairs_646ee13	769	90.08000000000001
pairs_687c702	752	49.58
pairs_68b3a9e	772	87.87
pairs_6a7bf43	732	65.13
pairs_6a9b433	744	65.3
pairs_6b50eee	773	90.28
pairs_6b8605e	738	64.87
pairs_6e9b6ea	756	63.769999999999996
pairs_6ea28cc	739	60.4
pairs_6ffa112	766	61.92
pairs_701bf3f	748	50.010000000000005
pairs_732c6f4	744	61.769999999999996
pairs_73418d7	780	89.00999999999999
pairs_7527dc3	760	65.9
pairs_766f410	751	49.800000000000004
pairs_7719345	754	65.92
pairs_7797853	780	81.6
pairs_7bcadd0	774	83.71000000000001
pairs_7ccba80	746	65.76
pairs_7da823b	734	49.01
pairs_7f28e0c	757	63.56
pairs_7f8db80	756	64.75999999999999
pairs_80eb557	756	49.92
pairs_822c4f2	739	65.22
pairs_83400b8	764	54.33
pairs_8487e11	767	60.06999999999999
pairs_850e7e4	761	65.56
pairs_867f415	758	51.959999999999994
pairs_8697fe6	778	75.25
pairs_8871861	761	66.0
pairs_88f288b	765	58.269999999999996
pairs_890f740	767	53.57
pairs_8936566	733	61.349999999999994
pairs_89f3553	738	64.26
pairs_8ba80c0	763	57.21
pairs_8ca00fa	757	59.56
pairs_8cc0906	781	91.99
pairs_8d04f7e	740	51.65
pairs_8d69988	749	52.89
pairs_8da11e2	769	75.36
pairs_915006b	746	60.44
pairs_91cf15f	733	64.8
pairs_91ef4ab	735	49.08
pairs_9a5bffc	780	75.5
pairs_9d94fc0	753	63.4
pairs_9dc4abd	772	87.52
pairs_9f1fadd	774	75.6
pairs_9fd35ae	754	50.019999999999996
pairs_a06eaa3	750	61.89
pairs_a2e3e7b	778	91.47
pairs_a39d720	735	64.32
pairs_a62fcb5	740	62.510000000000005
pairs_a68eda1	734	64.02000000000001
pairs_a75d313	776	75.28
pairs_a794100	741	49.47
pairs_a7f57dc	766	57.59
pairs_a874bd7	764	65.28
pairs_a8e9ef3	736	63.839999999999996
pairs_aac90ca	775	74.93
pairs_ac5377c	769	78.07
pairs_ac5fc60	753	62.34
pairs_ad8c8b9	766	56.1
pairs_af286ce	762	62.510000000000005
pairs_afadabc	763	60.65
pairs_b12cd0f	752	50.89
pairs_b37a244	752	51.83
pairs_b47f485	772	76.94
pairs_b78316e	758	66.37
pairs_b90e456	770	80.82000000000001
pairs_b975998	758	50.5
pairs_bba08c1	736	62.33
pairs_bc25c6c	756	65.44
pairs_bd41ee5	782	91.9
pairs_becc38b	769	84.92
pairs_bf12005	752	63.69
pairs_bffdbbc	743	57.629999999999995
pairs_c1068b7	765	65.28999999999999
pairs_c126c12	734	55.290000000000006
pairs_c2c5e53	761	52.22
pairs_c30042f	760	65.96
pairs_c38f5f9	747	57.629999999999995
pairs_c4d2077	767	65.53
pairs_c5fec92	764	62.22
pairs_c6088d1	774	87.84
pairs_c6467a4	760	65.35
pairs_c7b2397	754	50.08
pairs_c8d493d	764	66.92999999999999
pairs_c9476a4	741	56.18
pairs_c947f73	738	49.11
pairs_cb35ce4	756	58.86
pairs_cc4f2c8	765	58.379999999999995
pairs_cd0c678	734	61.24
pairs_ce030df	767	63.269999999999996
pairs_ce1e7ca	780	87.25
pairs_cf6cffd	763	52.3
pairs_d328d2e	743	65.73
pairs_d66fbbf	734	61.11
pairs_d6a3cca	759	53.27
pairs_d6ce858	778	92.09
pairs_da4405a	752	57.150000000000006
pairs_db195d4	782	88.93
pairs_db1a34b	773	79.91
pairs_db8b6ab	756	49.53
pairs_dc4d1c3	771	88.86
pairs_dd06726	757	65.25999999999999
pairs_defdd84	734	54.71
pairs_e3c6206	743	60.69
pairs_e54c8cb	783	83.14
pairs_e550c74	769	90.91
pairs_e771bfe	769	87.85000000000001
pairs_e84fab9	749	55.23
pairs_e9b9a7a	755	52.34
pairs_ea6049c	771	75.75
pairs_eb02fa8	736	61.59
pairs_eb03883	782	87.89
pairs_ebd8784	776	91.07
pools_5k_41ff086	5013	3015.0699999999997
pools_5k_536de2e	5013	2984.5499999999997
pools_5k_b77b968	5013	2993.7400000000002
pools_3k_1b885e2	3072	907.98
pools_3k_22913f2	3073	1266.22
pools_3k_44b747f	3073	1229.42
pools_3k_575bb6e	3073	1239.3300000000002
pools_3k_889d52c	3073	1228.19
pools_3k_aa83fe9	3073	1238.02
pools_3k_e2e9f16	3071	861.2700000000001
pools_3k_ee43f05	3072	861.06
pools_3k_efbdc7d	3071	872.8000000000001
pools_3k_f77ee0a	3072	866.24
pools_4k_1fda782	4062	1736.68
pools_4k_29d7313	4061	1687.21
pools_4k_8199331	4061	1702.11
pools_4k_83c56e9	4060	1698.49
pools_4k_d6f4437	4061	1703.76
pools_4k_ece2602	4062	1682.47
pairs_041efce	1230	167.76
pairs_055b542	1254	133.38
pairs_066c7cd	1247	141.16
pairs_06f0073	1250	138.2
pairs_079d284	1265	138.72
pairs_0d24994	1245	139.37
pairs_0f51372	1253	140.3
pairs_13e87be	1205	139.85999999999999
pairs_159eebe	1244	141.35
pairs_193ef6f	1260	129.25
pairs_1ab3ec4	1246	117.48
pairs_2673e86	1260	136.62
pairs_2aac0ad	1208	139.39
pairs_2e7c96b	1265	141.57
pairs_2f542af	1273	131.55
pairs_311958b	1253	130.3
pairs_33038d6	1225	138.7
pairs_3aa4850	1209	129.58
pairs_3ac4c8a	1202	137.46
pairs_3bb114d	1236	125.99000000000001
pairs_3db271a	1205	130.31
pairs_3f2ca29	1248	141.92000000000002
pairs_40922b6	1221	132.1
pairs_417c875	1264	129.98000000000002
pairs_43ed01c	1249	135.98000000000002
pairs_44b656c	1259	127.64
pairs_46b30c1	1277	130.6
pairs_4982038	1204	139.34
pairs_4a22951	1272	140.93
pairs_4e5afa0	1200	117.25999999999999
pairs_4f56bae	1211	140.15
pairs_5068134	1259	133.41
pairs_5188fdd	1219	130.89000000000001
pairs_5aa34d6	1279	131.77
pairs_5c89b9f	1234	138.05
pairs_5fba2cf	1214	128.94
pairs_6a33a85	1270	134.22
pairs_6b5939e	1252	140.5
pairs_6be8cd9	1230	131.58
pairs_6c11dca	1232	142.1
pairs_6d03c64	1241	129.02
pairs_704f4a9	1239	117.43
pairs_71e26cd	1252	140.06
pairs_773b447	1279	125.14
pairs_7abfd0b	1250	133.75
pairs_7c12e58	1230	139.75
pairs_7eb69f2	1239	134.66
pairs_7f7df56	1217	135.54999999999998
pairs_80c827e	1230	130.64000000000001
pairs_8430569	1250	128.54
pairs_8431190	1263	133.32
pairs_8827bcb	1223	141.54
pairs_8900996	1255	133.61
pairs_8d40ff0	1217	138.85
pairs_905a1dd	1223	131.04
pairs_91b5011	1228	139.42000000000002
pairs_922eb55	1228	139.56
pairs_957b491	1226	141.21
pairs_98b6250	1205	130.44
pairs_a12c774	1252	133.32
pairs_a1bd82a	1239	130.0
pairs_a5e471f	1217	130.43
pairs_acff646	1227	140.41
pairs_b176b3c	1278	135.35999999999999
pairs_b42e041	1215	132.26999999999998
pairs_b43e484	1210	130.83
pairs_b46b2a3	1251	132.29
pairs_bbf2223	1264	142.68
pairs_be988db	1262	139.97
pairs_c34f715	1227	139.32
pairs_c47e5c6	1233	124.39999999999999
pairs_c4b89cd	1249	142.26999999999998
pairs_c8e681a	1278	142.29000000000002
pairs_cc43e30	1204	140.64000000000001
pairs_d5e16f9	1236	137.43
pairs_d6fd7ff	1249	128.9
pairs_dc8cac3	1270	132.51
pairs_e2dd75f	1215	130.34
pairs_f2ac9c0	1209	140.84
pairs_f754db3	1228	140.61
pairs_f76816c	1249	129.95
pairs_f7eee7c	1220	116.36
pairs_fcfe876	1269	139.46
pairs_fe62437	1213	128.64
pools_4k_6181f7f	4064	1709.72
pools_4k_9b92c0a	4064	1678.92
pools_4k_a5ebead	4065	1682.18
pools_4k_b7395c9	4063	1675.4899999999998
pools_4k_f542fe4	4064	1676.05
pools_3k_2de32fd	3034	892.49
pools_3k_5c8dc1e	3035	837.25
pools_3k_79422ed	3033	862.22
pools_3k_a06eb60	3034	875.3299999999999
pools_3k_a6079ca	3035	870.7
pools_3k_a84027f	3037	861.0699999999999
pools_3k_c0eb55a	3036	854.8
pools_3k_de0288c	3033	867.9200000000001
pools_3k_e989b7d	3036	837.97
pools_3k_f5b8ff3	3033	845.9100000000001
pools_3k_fdd0226	3036	840.49
pools_4k_8d48056	4120	2368.19
pools_4k_9c91cd5	4120	2321.76
pools_5k_2f4ebb0	5000	3119.86
pools_5k_b830a41	5000	3055.7000000000003
pools_4k_2c51a34	4108	2304.7
pools_4k_65300f5	4109	2284.8
pools_4k_72b2d1e	4109	2293.1800000000003
pools_4k_76cefc4	4108	2285.21
pools_4k_bad24b2	4110	2295.41
pools_4k_fdff45b	4110	2271.2599999999998
pools_5k_0f490df	5113	3023.56
pools_5k_adba490	5114	3001.52
pools_5k_af33b0f	5114	3017.88
pools_4k_0322186	4100	2326.3
pools_4k_4d07034	4100	2287.79
pools_4k_a81885e	4102	2279.22
pools_4k_a87db34	4102	2285.76
pools_4k_d0cb8b0	4101	2278.77
pools_4k_f8d096d	4102	2277.1000000000004
pools_3k_0e09912	3017	863.28
pools_3k_0e9395b	3017	813.87
pools_3k_2cb8d10	3016	836.04
pools_3k_3826ccf	3016	826.61
pools_3k_5d484c3	3015	818.5899999999999
pools_3k_742ed54	3014	828.8900000000001
pools_3k_759f2a6	3016	830.03
pools_3k_78606bb	3014	824.6
pools_3k_81584d9	3013	835.81
pools_3k_d9a7c91	3015	814.22
pools_3k_f2e5828	3016	803.62
pairs_28ea2c1	2136	546.4
pairs_2cdbf25	2128	521.76
pairs_4466522	2133	515.63
pairs_7c7eb3c	2127	510.99
pairs_83011cd	2142	525.09
pairs_8ccb8cc	2159	526.37
pairs_a6a9b78	2137	532.63
pairs_c2bbd37	2132	513.22
pools_2k_22fab2b	2120	542.53
pools_2k_2de4372	2129	558.1800000000001
pools_2k_350ab46	2120	542.8
pools_2k_3a11311	2145	514.72
pools_2k_4f5a1c1	2119	544.36
pools_2k_7d5d7d6	2146	534.26
pools_2k_7f79ed5	2119	546.16
pools_2k_80c46f8	2120	542.27
pools_2k_8614172	2120	543.46
pools_2k_8b20c0c	2132	531.68
pools_2k_9d79cd2	2119	527.1
pools_2k_a331c86	2120	549.07
pools_2k_aa724af	2120	540.49
pools_2k_b850dc7	2119	552.1
pools_2k_baaa64b	2119	544.81
pools_2k_d23965e	2120	529.54
pools_5k_073c718	5037	3098.2599999999998
pools_5k_99ba03f	5036	3103.28
pools_5k_fd16d98	5036	3064.53
pools_4k_024d7b6	4080	1723.6200000000001
pools_4k_0d0507c	4079	1697.3100000000002
pools_4k_1339730	4080	1703.3100000000002
pools_4k_bf149fb	4078	1706.42
pools_4k_c8f956d	4078	1714.43
pools_5k_28fab1c	5039	3012.3900000000003
pools_5k_40c46b9	5039	2959.6299999999997
pools_5k_58858cb	5039	2977.15
pools_5k_30570d1	5036	3130.5499999999997
pools_5k_7048e72	5036	3092.51
pools_5k_d5aca5d	5034	3128.85
pools_5k_d92a11e	5034	3103.42
pools_5k_3f8d6c8	5093	3020.3900000000003
pools_5k_40f9a97	5092	3010.94
pools_5k_f09fdce	5092	3031.8399999999997
pairs_00b1df7	424	60.730000000000004
pairs_015c367	431	29.35
pairs_0197d04	393	28.57
pairs_037553c	414	24.86
pairs_0407255	396	30.759999999999998
pairs_040b61b	385	26.98
pairs_0466a4e	407	24.740000000000002
pairs_04c9507	415	31.43
pairs_05c0763	391	26.409999999999997
pairs_06b032e	385	30.96
pairs_06d338c	397	24.619999999999997
pairs_0705c9f	403	27.47
pairs_070df12	422	25.47
pairs_079cb92	401	27.39
pairs_083b813	407	30.229999999999997
pairs_08c8377	431	27.73
pairs_09247f2	411	29.189999999999998
pairs_0c7c907	385	29.380000000000003
pairs_0cdfeae	421	28.31
pairs_0df1e71	396	24.92
pairs_0f03b45	381	26.330000000000002
pairs_0f21453	392	25.5
pairs_10a350b	423	26.86
pairs_111e421	395	29.659999999999997
pairs_114a3d5	398	26.799999999999997
pairs_11fb801	382	25.060000000000002
pairs_127fb62	429	30.64
pairs_12897e9	389	26.73
pairs_129dfaf	406	25.439999999999998
pairs_12e4815	384	24.729999999999997
pairs_12fbc37	413	27.98
pairs_1385307	417	31.79
pairs_138cb99	388	28.39
pairs_13a1b81	385	28.52
pairs_13b21f5	415	24.91
pairs_14c3e01	399	32.18
pairs_1592464	429	29.630000000000003
pairs_15f7c51	394	25.18
pairs_16ae31f	383	31.529999999999998
pairs_17e6f16	387	29.45
pairs_1b6feef	391	25.29
pairs_1c31fe4	416	31.21
pairs_1d32cfd	399	27.04
pairs_1eec546	406	28.549999999999997
pairs_1f0e34f	418	32.15
pairs_1f78d7a	429	28.310000000000002
pairs_2067409	420	29.259999999999998
pairs_2101d02	395	30.799999999999997
pairs_2116b9c	434	24.830000000000002
pairs_21d7b03	399	28.62
pairs_22becac	391	29.869999999999997
pairs_2503da3	430	25.15
pairs_25924ce	384	28.589999999999996
pairs_25f1239	403	32.06
pairs_26ac7dc	411	32.41
pairs_26b10b5	426	27.41
pairs_2704041	434	26.869999999999997
pairs_27c1b04	398	31.57
pairs_27c2194	415	27.44
pairs_288b27a	388	29.990000000000002
pairs_28a8f76	434	26.939999999999998
pairs_295d191	419	27.549999999999997
pairs_29a2e9e	432	27.48
pairs_29f11c1	417	25.4
pairs_2a661a8	407	28.54
pairs_2a8d6b9	381	29.36
pairs_2b796c6	420	25.14
pairs_2b7a09d	407	27.64
pairs_2d55093	381	28.07
pairs_2d565d1	415	26.790000000000003
pairs_2da1ad4	421	31.79
pairs_2e585ae	423	31.92
pairs_2eed649	411	28.43
pairs_2f0f623	395	28.58
pairs_2f4f6b1	405	30.509999999999998
pairs_2f75012	433	29.45
pairs_303b6d5	406	30.75
pairs_322dcef	393	30.189999999999998
pairs_32953c5	386	30.89
pairs_32dc224	417	26.74
pairs_34909c9	431	32.79
pairs_34d3598	419	27.1
pairs_35eaa9a	390	28.549999999999997
pairs_37e65b3	391	24.89
pairs_38fc046	386	25.15
pairs_396b93c	421	27.38
pairs_39929a1	415	32.24
pairs_39ec866	426	27.1
pairs_3ab0a93	394	28.419999999999998
pairs_3adfcb6	430	31.340000000000003
pairs_3b08d66	424	29.25
pairs_3c86bf3	430	26.0
pairs_3ede9b1	418	25.32
pairs_3f7cf80	392	30.97
pairs_3f9377d	422	25.07
pairs_3fb8b15	394	26.93
pairs_3fd4e40	405	32.35
pairs_40a5f81	417	26.81
pairs_4102435	390	24.509999999999998
pairs_4121d3a	406	30.63
pairs_4321132	428	25.400000000000002
pairs_4373649	432	31.93
pairs_43f3ae3	381	25.74
pairs_44eb126	396	28.57
pairs_4501f31	413	29.200000000000003
pairs_45f9025	385	30.619999999999997
pairs_468a106	429	30.020000000000003
pairs_4711842	424	25.0
pairs_48deb71	426	29.0
pairs_4a07322	418	32.05
pairs_4a7e24a	414	29.2
pairs_4ace058	424	30.2
pairs_4aee270	384	30.47
pairs_4b31e94	428	30.85
pairs_4b5380b	422	25.29
pairs_4bca848	422	30.1
pairs_4c4676f	387	28.56
pairs_4c54932	397	24.630000000000003
pairs_4e0ff3f	403	25.200000000000003
pairs_4f51a9a	389	27.43
pairs_50c985d	401	25.03
pairs_514a198	405	29.740000000000002
pairs_514fe50	390	27.77
pairs_518c534	391	31.78
pairs_51aae62	412	31.07
pairs_52513c2	417	24.669999999999998
pairs_530fe6b	430	31.33
pairs_5349faa	409	27.29
pairs_53a470c	386	24.63
pairs_5467ba5	425	32.78
pairs_54ae33e	404	24.86
pairs_551cbe1	402	30.71
pairs_5632374	391	27.02
pairs_567cae0	427	31.73
pairs_583900b	412	25.14
pairs_58bd39e	415	30.12
pairs_59723ee	405	28.46
pairs_59d7fd1	389	28.29
pairs_5a00d67	416	31.86
pairs_5b05d1b	409	24.94
pairs_5b89f8e	428	29.91
pairs_5b8fc23	421	27.27
pairs_5ba8da9	418	24.96
pairs_5c92f64	409	29.299999999999997
pairs_5d10d35	414	29.29
pairs_5d49a08	391	27.57
pairs_5e27326	398	31.11
pairs_5eeff31	414	31.810000000000002
pairs_5f38c74	412	29.589999999999996
pairs_602fdac	419	31.84
pairs_60849e0	383	24.55
pairs_60c5659	402	30.519999999999996
pairs_60e53b9	430	28.49
pairs_62d6526	425	29.619999999999997
pairs_62f3e91	422	24.64
pairs_63a0cae	411	28.439999999999998
pairs_64e8e9e	400	31.8
pairs_6561a77	420	25.509999999999998
pairs_65a6ed0	419	27.86
pairs_666bfdf	428	29.0
pairs_66b5b85	392	24.54
pairs_6832c5c	420	29.72
pairs_69c8a51	404	27.270000000000003
pairs_69f3ff0	433	28.35
pairs_6b10ffe	401	24.93
pairs_6b55b6d	414	29.549999999999997
pairs_6ddcbf9	408	27.05
pairs_6e6239f	411	28.63
pairs_700dfa3	398	28.779999999999998
pairs_715ca9c	420	30.11
pairs_726784f	389	29.18
pairs_728ce30	416	30.14
pairs_72ce56c	430	30.83
pairs_735701e	389	30.65
pairs_737a61e	417	31.939999999999998
pairs_75b1784	383	26.84
pairs_763dc55	412	27.68
pairs_7664b71	380	31.599999999999998
pairs_766ed82	414	31.67
pairs_768448e	430	26.810000000000002
pairs_77cd599	414	32.25
pairs_77e90a3	383	25.82
pairs_7815c1e	414	26.15
pairs_78b34ec	433	29.68
pairs_78e47f6	408	28.55
pairs_79ae61f	399	24.46
pairs_7aa340b	425	30.09
pairs_7aaca34	415	29.36
pairs_7b712be	427	29.61
pairs_7d07f46	414	30.26
pairs_7d3b433	424	31.549999999999997
pairs_7dd25df	416	30.62
pairs_7dfbb58	389	27.919999999999998
pairs_7eeb1f2	404	28.54
pairs_7f2938d	427	25.24
pairs_8018233	423	27.77
pairs_807b582	387	25.869999999999997
pairs_80a0485	401	27.67
pairs_81867c0	400	31.59
pairs_820d919	427	25.560000000000002
pairs_82c0a67	402	25.15
pairs_8313384	432	26.68
pairs_834b3ad	390	28.64
pairs_83a4946	382	30.96
pairs_84474a6	420	30.43
pairs_84a9b9b	410	32.22
pairs_84ecbe7	409	30.01
pairs_8507e54	419	27.09
pairs_8565938	407	30.910000000000004
pairs_869b96d	383	29.9
pairs_8782830	398	30.21
pairs_87866ab	403	26.939999999999998
pairs_8957928	427	25.05
pairs_8a06fe6	424	29.33
pairs_8a268e8	394	32.07
pairs_8a3fb5a	433	24.94
pairs_8a7106d	418	29.64
pairs_8a72b3a	405	28.529999999999998
pairs_8a81730	400	31.66
pairs_8ab5739	424	25.18
pairs_8c07bab	432	25.400000000000002
pairs_8d58383	406	26.87
pairs_8dca598	418	31.15
pairs_8e8ca11	406	29.97
pairs_8eb207b	425	27.12
pairs_8f2df55	385	27.73
pairs_903e894	418	29.87
pairs_9076f2a	393	26.880000000000003
pairs_90f2510	421	28.669999999999998
pairs_91ed472	389	28.32
pairs_91f368f	424	27.15
pairs_939d972	399	31.29
pairs_95463e4	416	24.89
pairs_958ad7b	395	28.18
pairs_95fa86e	415	27.41
pairs_983443b	415	30.080000000000002
pairs_9964174	428	29.270000000000003
pairs_9b35716	394	31.06
pairs_9c4b26f	387	27.659999999999997
pairs_9c5bb80	432	25.2
pairs_9c7cf6e	409	30.41
pairs_9caf0e6	400	25.3
pairs_9cfb9c9	403	31.47
pairs_9db29db	404	27.57
pairs_9f42548	387	26.3
pairs_9fb8bcb	389	31.1
pairs_a0f1563	417	27.87
pairs_a107cc5	393	29.46
pairs_a1398c2	382	26.86
pairs_a35e559	386	29.759999999999998
pairs_a3a7994	419	28.33
pairs_a3cc0f7	392	26.86
pairs_a4ac583	421	25.939999999999998
pairs_a4bcfce	397	30.119999999999997
pairs_a559e8c	383	29.14
pairs_a761167	432	32.06
pairs_a90a793	389	25.099999999999998
pairs_a932ba3	405	25.82
pairs_a9ab5c7	409	30.409999999999997
pairs_a9b70ff	410	29.27
pairs_acba995	428	29.18
pairs_ad8716e	420	30.8
pairs_ae59ef8	410	29.15
pairs_ae5f5e0	407	27.28
pairs_aeef6f9	427	27.310000000000002
pairs_af4cd49	426	31.900000000000002
pairs_aff66c0	393	29.189999999999998
pairs_b0954ca	394	31.38
pairs_b0d1628	393	27.61
pairs_b163726	384	30.8
pairs_b3541b9	428	32.08
pairs_b380b62	414	27.29
pairs_b40a0a5	410	30.28
pairs_b442122	395	28.11
pairs_b49f3f9	405	30.09
pairs_b54bb61	389	28.72
pairs_b62ab68	386	25.14
pairs_b956892	411	25.41
pairs_b97c81c	432	26.89
pairs_b9bb178	382	27.92
pairs_ba51657	384	27.479999999999997
pairs_bb04db6	413	27.439999999999998
pairs_bbfc40b	399	27.16
pairs_bc714c2	410	24.849999999999998
pairs_bdc1dcd	432	24.99
pairs_bdfc270	426	33.01
pairs_be028ae	386	28.130000000000003
pairs_c02d9b4	408	24.93
pairs_c1e79ef	389	31.54
pairs_c1e93d6	400	27.75
pairs_c1f812f	401	30.68
pairs_c208524	419	30.82
pairs_c438b3b	420	24.93
pairs_c5c50e4	431	25.02
pairs_c6f1848	422	29.310000000000002
pairs_c6faee8	425	28.25
pairs_c74212e	402	24.84
pairs_c7b96ed	388	25.7
pairs_c7eac1b	425	31.049999999999997
pairs_ca5625a	400	30.880000000000003
pairs_cae0e2f	386	30.98
pairs_cb680b5	392	28.92
pairs_cbda5ab	427	31.15
pairs_cdc4e6b	388	29.8
pairs_ce14fc4	408	24.86
pairs_d00d8c7	411	28.46
pairs_d1b4ef5	390	25.130000000000003
pairs_d22dc92	391	28.61
pairs_d298fc2	411	27.78
pairs_d379e18	403	27.24
pairs_d3d5a6b	433	33.629999999999995
pairs_d5a90bb	394	27.9
pairs_d7e5d1b	386	29.59
pairs_d9aa6c5	405	25.150000000000002
pairs_da1e9b2	398	31.07
pairs_db011ac	410	24.830000000000002
pairs_dbd3f92	397	28.310000000000002
pairs_dc3aec9	406	32.22
pairs_e0ebc10	398	31.21
pairs_e1830aa	415	27.77
pairs_e1e6cff	431	27.53
pairs_e25060f	427	31.63
pairs_e54c871	429	32.8
pairs_e56c3d4	388	31.36
pairs_e6202d9	415	32.18
pairs_e66652e	405	27.299999999999997
pairs_e7cf8c8	381	28.92
pairs_e872cef	419	32.54
pairs_e878e04	424	26.54
pairs_e8b5c0d	409	26.89
pairs_ea40c3c	433	25.08
pairs_eb83871	423	26.740000000000002
pairs_ec19132	431	32.61
pairs_ec80e27	397	27.27
pairs_ed38569	417	32.24
pairs_ed7ba7a	397	30.67
pairs_eefa58f	421	27.66
pairs_f0bf5d4	381	24.95
pairs_f0d97ed	397	27.779999999999998
pairs_f1e6d8d	396	27.41
pairs_f2582c6	432	31.869999999999997
pairs_f2adf3e	407	31.96
pairs_f2bbc6e	429	27.46
pairs_f4732ed	382	28.549999999999997
pairs_f47ec28	406	30.26
pairs_f500ea3	434	31.93
pairs_f707c8b	427	29.22
pairs_f7c95a8	410	26.810000000000002
pairs_f838d91	430	28.64
pairs_f9e9175	418	26.72
pairs_fa63555	392	30.27
pairs_faab576	397	26.36
pairs_fae75f3	407	28.25
pairs_fb050d9	403	26.66
pairs_fbebbcf	423	32.23
pairs_fc13c87	425	25.16
pairs_fccfa79	404	31.68
pairs_fd8c559	407	30.490000000000002
pairs_fe6948d	428	26.73
pairs_fe9959e	419	25.04
pairs_ff08dda	397	29.990000000000002
pairs_ff27523	398	25.25
pairs_ff30870	408	27.86
pairs_ffa9937	382	29.919999999999998
pools_5k_363e879	5101	3062.35
pools_5k_a0067bf	5102	3045.76
pools_5k_a3176b3	5102	3014.85
pools_4k_74f65a6	4114	2381.05
pools_4k_8083dcd	4116	2337.38
pools_4k_8092e21	4115	2316.37
pools_4k_c6ac904	4117	2335.45
pools_4k_d4e66d1	4115	2346.37
pools_5k_8e81e37	5004	3052.16
pools_5k_d4d660f	5002	3009.93
pools_5k_e82ff4c	5005	3026.96
pools_5k_1069ab0	5088	3059.7400000000002
pools_5k_438a91e	5087	3030.9399999999996
pools_5k_c76e806	5088	3041.95
pools_5k_307d234	5117	3109.2400000000002
pools_5k_3511e4c	5118	3061.94
pools_5k_e60b88e	5118	3084.73
pools_5k_2ad33ee	5049	3092.79
pools_5k_3cb2e82	5049	3053.7400000000002
pools_5k_8c04eec	5050	3059.6299999999997
pools_5k_37820d1	5037	3069.75
pools_5k_724fb92	5038	3015.5299999999997
pools_5k_a52a8b9	5037	3030.97
pools_5k_aedefd9	5038	3031.75
pairs_055e355	1907	347.77000000000004
pairs_2062201	1920	324.7
pairs_22e5427	1905	311.58
pairs_32ef51b	1897	311.33
pairs_440dccd	1908	320.48
pairs_45deaf8	1916	327.63
pairs_5ec008c	1913	310.15999999999997
pairs_8a735ca	1919	340.84000000000003
pairs_9045ab4	1913	312.76
pairs_a522868	1915	311.39
pairs_aceecc6	1894	339.55
pairs_b9d19c4	1903	310.56
pairs_d25e152	1896	308.68
pairs_ea6f4fe	1911	312.26
pairs_f6e4034	1900	317.28999999999996
pools_2k_07d5212	1915	349.64
pools_2k_204f3ed	1904	339.64
pools_2k_573566c	1914	332.13
pools_2k_5c5d2f1	1911	331.08000000000004
pools_2k_641127a	1898	329.01
pools_2k_7501fe6	1911	335.67
pools_2k_8757696	1910	342.72
pools_2k_8ffd56f	1901	342.64
pools_2k_9115ab1	1898	344.78999999999996
pools_2k_9ebdd75	1898	327.16999999999996
pools_2k_a60e3ba	1909	350.17
pools_2k_b831fd1	1898	346.96000000000004
pools_2k_ba301c4	1903	325.05
pools_2k_f33ae88	1919	336.59000000000003
pools_2k_f767912	1899	315.01
pools_5k_42adbf9	5019	3058.78
pools_5k_8b8ceaf	5019	3053.42
pools_5k_ab51509	5019	3060.83
pools_5k_c73d4a8	5019	3079.37
pools_5k_33418ec	5060	3016.4700000000003
pools_5k_b0c8d4f	5060	2984.82
pools_5k_edef8f3	5059	3003.79
pools_4k_0398b12	4054	1756.24
pools_4k_75c0a5c	4056	1718.06
pools_4k_9033c46	4058	1718.61
pools_4k_a65cfca	4055	1688.71
pools_4k_bdc06e2	4055	1715.8799999999999
pairs_1cf5b59	2114	569.4
pools_2k_036e5be	2116	550.62
pools_2k_0d4ebc1	2115	553.8
pools_2k_0dfb8b9	2114	563.25
pools_2k_2463552	2115	543.97
pools_2k_3d1fae3	2116	565.04
pools_2k_3dc79dc	2116	551.2
pools_2k_4f32e57	2113	541.21
pools_2k_5018e95	2114	557.44
pools_2k_508716e	2114	549.71
pools_2k_5e9845a	2116	557.81
pools_2k_71e0ea6	2115	555.93
pools_2k_8239e1c	2114	557.02
pools_2k_84456d5	2113	555.41
pools_2k_91e751f	2114	567.74
pools_2k_a857a09	2115	551.01
pools_2k_b0f5677	2114	553.46
pools_2k_c0e2499	2116	562.45
pools_2k_d515402	2112	553.0
pools_2k_d81c448	2115	541.5699999999999
pools_2k_e47fa2f	2114	560.63
pools_2k_e7f10c0	2113	542.05
pools_2k_ec507bc	2113	538.94
pools_2k_ecae651	2114	547.0799999999999
pools_4k_15cf9b3	4006	1793.18
pools_4k_4f49668	4001	1743.53
pools_4k_9679392	4006	1759.87
pools_4k_9ff3b50	4005	1759.0300000000002
pools_4k_c689ea7	4003	1758.15
pools_4k_ee57692	4002	1747.98
pairs_3afd918	1990	359.52
pairs_51a1e1f	1987	345.15000000000003
pairs_809e6c6	1989	319.33
pairs_80fd940	1983	317.09
pairs_d48b618	1981	313.12
pairs_e565886	1980	320.1
pools_2k_1aaccde	1987	326.31
pools_2k_22b6eed	1980	335.34
pools_2k_375a642	1984	346.78
pools_2k_40f3b3b	1993	325.03000000000003
pools_2k_4d27146	1981	352.25
pools_2k_50c5cc1	1980	329.97
pools_2k_55867da	1988	353.31
pools_2k_58ba56c	1984	350.78999999999996
pools_2k_6ddccf4	1989	331.21000000000004
pools_2k_7a78410	1994	352.77
pools_2k_88de846	1986	349.46999999999997
pools_2k_8d50d59	1993	340.7
pools_2k_94129cb	1993	339.53
pools_2k_97cdb8f	1987	338.81
pools_2k_a9d9404	1989	344.79
pools_2k_c080115	1994	325.23
pools_2k_cff929d	1986	348.11
pools_2k_da8d5cf	1985	345.45
pools_2k_e55f824	1983	340.46999999999997
pools_2k_e5a8a89	1990	349.12
pools_2k_f277780	1984	352.45
pools_2k_fb68905	1987	327.52
pools_5k_622c84b	5094	3013.13
pools_5k_7d5db03	5094	2984.8100000000004
pools_5k_de00515	5095	2997.5
pools_5k_e78a2f4	5096	2963.21
pools_4k_0f76f89	4088	1732.35
pools_4k_3df0a0d	4090	1720.77
pools_4k_5812359	4089	1682.79
pools_4k_76afa1e	4089	1727.93
pools_4k_ab746f8	4089	1704.83
pools_4k_bcf81cb	4089	1692.03
pools_5k_4a79789	5111	3140.5400000000004
pools_5k_eb361b7	5111	3139.56
pools_5k_fbe639b	5111	3122.11
pools_3k_00cb27f	3078	1234.89
pools_3k_1800055	3078	1204.7399999999998
pools_3k_2b2c3e5	3078	1210.88
pools_3k_393409f	3078	1217.6699999999998
pools_3k_46caba1	3077	1205.71
pools_3k_56b94ac	3078	1189.08
pools_3k_83829ea	3077	1189.37
pools_3k_8faf14e	3078	1213.76
pools_3k_bf69e52	3078	1223.9199999999998
pools_3k_fe01f6d	3077	1192.8899999999999
pools_4k_68c4aae	4046	1728.24
pools_4k_aba04eb	4047	1666.75
pools_4k_b4d1fc0	4046	1664.67
pools_4k_d570bba	4046	1658.43
pools_4k_d744916	4047	1679.6000000000001
pools_4k_fa26d97	4047	1669.33
pairs_01e0272	1698	376.84999999999997
pairs_03885a6	1633	335.71000000000004
pairs_09f0925	1640	322.95000000000005
pairs_0f6ac13	1618	315.6
pairs_18c7f8a	1663	340.93
pairs_207b706	1668	324.47
pairs_3309987	1653	314.04
pairs_41dcda1	1608	321.56
pairs_4668cbb	1629	326.51
pairs_4d5b9f4	1701	350.42
pairs_4f8cb35	1676	351.76
pairs_5064f04	1680	349.02
pairs_5e48308	1689	347.25
pairs_5f8cdd8	1702	342.68
pairs_67e9f72	1641	328.84999999999997
pairs_6d7b6bf	1693	313.47999999999996
pairs_7137f97	1678	312.97999999999996
pairs_7ae59d4	1600	320.84
pairs_840f2b1	1655	348.17
pairs_84dedf7	1625	338.45
pairs_872cf95	1628	313.11
pairs_87a7643	1623	321.55
pairs_98c6bf9	1682	337.95
pairs_9b00f33	1622	344.64000000000004
pairs_a305c61	1653	313.01
pairs_a8db747	1659	318.77
pairs_b95163a	1609	318.89
pairs_c84d777	1696	314.29
pairs_ca12822	1612	314.44
pairs_d45d0b7	1616	328.06
pairs_e46ffe5	1611	312.47
pairs_e968974	1609	347.57
pairs_ebe7684	1669	327.94
pairs_f11a364	1685	324.54
pairs_f897bd7	1604	312.93
pools_2k_256e003	1698	338.88
pools_2k_26cd19b	1706	319.43
pools_2k_3dbc900	1628	343.14
pools_2k_5beb2e2	1641	343.78
pools_2k_7109d13	1654	331.53
pools_2k_92ab815	1669	344.71
pools_2k_a544bd5	1637	332.13
pools_5k_0a17f38	5059	3029.63
pools_5k_1158234	5058	2973.2
pools_5k_3c0df03	5058	2973.1200000000003
pools_5k_7174ea0	5058	2991.3599999999997
pairs_068248a	1823	341.97999999999996
pairs_2b26fb7	1802	309.7
pairs_416117a	1800	310.8
pairs_4260d37	1775	315.86
pairs_575020c	1827	338.25
pairs_6b15a8a	1805	311.69
pairs_6e2f734	1777	320.59000000000003
pairs_8ce5327	1835	309.0
pairs_8e18ebe	1814	309.28
pairs_92eadcb	1791	314.5
pairs_9b21d0c	1815	323.18
pairs_9c2cec6	1827	312.73
pairs_a1af7ce	1782	342.71
pairs_a58e536	1793	332.61
pairs_a6e0c1c	1830	316.10999999999996
pairs_aaf7d04	1824	309.75
pairs_ab1cd68	1809	311.24
pairs_b2aa0a6	1777	316.09999999999997
pairs_b603ee6	1816	308.04999999999995
pairs_bf97a28	1830	308.12
pairs_c93187f	1777	321.95
pairs_d24f974	1797	324.26
pairs_d97abe9	1783	308.83
pairs_d9ca122	1794	307.73
pairs_e177223	1812	308.39
pairs_efe5342	1803	344.24
pairs_f33cd06	1829	312.7
pairs_f7d6682	1805	309.56
pairs_f8174ee	1778	320.26
pools_2k_2361c95	1836	332.19
pools_2k_566d0ad	1816	335.96000000000004
pools_2k_ae88597	1778	337.42
pools_2k_b7ccd8e	1813	321.51
pools_2k_c8bc29c	1809	321.59999999999997
pools_2k_fb35c0c	1818	336.25
pools_2k_013aa58	2105	576.27
pools_2k_03e5968	2107	556.87
pools_2k_09b1680	2108	547.36
pools_2k_2663ffd	2107	546.4
pools_2k_2749219	2106	560.5
pools_2k_2e96b05	2108	548.89
pools_2k_4027aa8	2108	563.8000000000001
pools_2k_406ffc2	2106	565.4
pools_2k_567bb9d	2106	558.5
pools_2k_5f1171e	2106	563.77
pools_2k_629fefe	2105	562.65
pools_2k_6cb6289	2107	565.99
pools_2k_717582d	2107	546.96
pools_2k_a20e8ba	2108	561.79
pools_2k_aee13fb	2107	554.48
pools_2k_bc9915c	2107	548.9
pools_2k_cbcbbfd	2108	543.09
pools_2k_cc4232b	2105	544.47
pools_2k_ceaac95	2105	554.49
pools_2k_d50377d	2107	554.26
pools_2k_e27b61b	2108	551.04
pools_2k_e453543	2105	549.25
pools_2k_ebff054	2107	545.71
pools_2k_f513e3f	2108	564.9200000000001
pools_5k_15074b4	5091	3041.1499999999996
pools_5k_7ebf4a1	5091	3011.92
pools_5k_f972a40	5091	3017.06
pools_4k_474a9e7	4113	2274.8199999999997
pools_4k_50d5791	4113	2234.56
pools_4k_5b4f02b	4113	2225.88
pools_4k_8f6e003	4114	2236.42
pools_4k_b438a24	4113	2231.43
pools_4k_fb9ac14	4114	2217.79
pools_3k_00ec21b	3082	1223.27
pools_3k_1cc64ba	3081	1190.53
pools_3k_44eb654	3080	1210.7700000000002
pools_3k_4ec48b8	3080	1204.39
pools_3k_593cdf2	3078	1205.33
pools_3k_5dbecfd	3078	1207.06
pools_3k_6908cd3	3080	1208.48
pools_3k_aba3e37	3080	1207.81
pools_3k_acfeab5	3081	1200.91
pools_3k_ed76711	3079	1198.06
pairs_00c6199	820	104.19999999999999
pairs_01ebe72	783	81.25
pairs_034df12	786	84.96
pairs_04a64f8	818	85.43
pairs_05ff5c0	793	89.61000000000001
pairs_08a12de	816	83.88
pairs_09f466b	789	83.55
pairs_0b269ad	821	87.47
pairs_0b4d54b	796	73.55
pairs_0b66127	784	88.96
pairs_0b85132	793	86.38
pairs_0c9e4b4	790	83.13
pairs_0cd976e	817	86.97
pairs_0e43f5f	827	83.81
pairs_128fc73	819	86.63
pairs_12c3171	811	83.57
pairs_14b2111	786	86.47
pairs_1584526	817	79.97
pairs_159c225	793	77.88999999999999
pairs_174f2e2	800	89.97999999999999
pairs_18cb47e	805	89.69
pairs_1b4023a	783	88.91
pairs_1e2b83f	798	79.30000000000001
pairs_1e644d6	800	79.66000000000001
pairs_2033eeb	804	90.02
pairs_206351a	794	88.12
pairs_24d64f6	785	84.72
pairs_26c278f	787	86.75
pairs_2849620	833	78.56
pairs_292cf44	827	90.26
pairs_2b2cf23	799	85.86
pairs_2b345f9	813	86.8
pairs_2c051ef	808	89.02
pairs_2db24cb	798	85.79
pairs_2f1d821	800	89.53
pairs_2fc6b69	816	78.44
pairs_307742b	813	77.25
pairs_313daaa	812	89.21
pairs_3272294	834	90.82000000000001
pairs_32f6c57	816	90.91999999999999
pairs_33cfaef	803	86.3
pairs_34a1159	809	77.33000000000001
pairs_3528e7b	793	86.67
pairs_35b6b67	826	88.55000000000001
pairs_3621df1	831	77.94999999999999
pairs_37724ce	789	73.49000000000001
pairs_3858b41	810	74.02
pairs_3920e77	795	76.3
pairs_39856f6	795	87.74
pairs_399e2ce	825	82.4
pairs_3a8cdec	816	73.98
pairs_3b66713	821	87.67
pairs_3e4c8c1	791	81.80999999999999
pairs_3e72814	831	88.05000000000001
pairs_4359be8	791	89.02000000000001
pairs_44c88f6	824	88.9
pairs_44ce600	823	86.28
pairs_451c60a	804	77.64999999999999
pairs_45222cf	817	87.59
pairs_459dfe3	826	87.31
pairs_46d961f	825	80.06
pairs_473ff8f	793	73.46
pairs_47bfb71	789	85.72
pairs_4868744	796	89.74000000000001
pairs_49f70a5	792	88.64
pairs_4a01405	811	86.64
pairs_4d38638	809	89.39999999999999
pairs_4e78924	802	74.45
pairs_4f3113b	796	88.53999999999999
pairs_4f60539	809	80.33
pairs_517e4a1	790	89.25
pairs_54e9976	808	81.53999999999999
pairs_5742180	797	75.33000000000001
pairs_574a8e9	803	88.58
pairs_5787bb2	802	88.66
pairs_58e9c43	784	75.99
pairs_5be6819	833	90.23
pairs_5decbca	796	73.83999999999999
pairs_5f0d7a6	820	89.33
pairs_6167986	788	81.66
pairs_6595ccf	798	88.36
pairs_669512e	823	83.62
pairs_6885b15	811	74.12
pairs_6919e5c	811	82.06
pairs_6976fd5	827	86.83000000000001
pairs_6b71ecb	789	86.50999999999999
pairs_6beacf0	828	83.51
pairs_6c76ebb	800	73.94
pairs_6c9d2dc	831	83.41
pairs_6ed6aa2	796	89.16
pairs_7340062	783	86.58999999999999
pairs_749ba05	830	86.79
pairs_7646fb0	807	86.35999999999999
pairs_7882031	818	88.82
pairs_7a6afeb	798	89.86
pairs_7b64776	796	87.44
pairs_7b969b8	792	75.42
pairs_7d7871e	817	87.05
pairs_7e59911	818	89.82000000000001
pairs_818fd48	797	86.78
pairs_82331c5	810	89.02000000000001
pairs_827343a	804	86.14999999999999
pairs_839fd38	803	90.21
pairs_847898c	788	83.76
pairs_85d903b	812	90.39999999999999
pairs_87c7914	800	89.04
pairs_8a3097c	826	89.13999999999999
pairs_8a97ec7	828	74.24000000000001
pairs_8aaa1d9	812	83.32000000000001
pairs_8b0bc73	802	80.27000000000001
pairs_8bcb088	827	77.21
pairs_8cfa2cc	801	73.9
pairs_8d3b4b8	828	91.13
pairs_8e7fd70	829	74.03999999999999
pairs_8e9bd60	794	79.06
pairs_8fa8100	810	88.44
pairs_8fc6316	799	90.32000000000001
pairs_90de3bc	825	87.83
pairs_913fe3c	821	90.14
pairs_91e7333	788	84.21000000000001
pairs_9232484	812	88.17999999999999
pairs_9273ac2	831	90.35999999999999
pairs_92a5ddc	822	89.99
pairs_966701d	815	74.1
pairs_996702f	832	88.85
pairs_9b85953	831	75.2
pairs_9ca8062	833	90.53999999999999
pairs_9cf37ca	826	86.58
pairs_9d87cb3	786	86.47999999999999
pairs_9f42845	816	90.36999999999999
pairs_a459bd8	792	85.28
pairs_a9db9cd	825	79.09
pairs_a9e2bfd	827	90.35
pairs_aa2983a	813	73.77000000000001
pairs_aadf147	830	86.07
pairs_abcd5e6	798	74.02
pairs_ae5ab17	824	76.7
pairs_afe2c97	805	76.33
pairs_b07463c	819	90.1
pairs_b118ce1	828	82.86
pairs_b34121b	801	82.71000000000001
pairs_b52c408	804	85.96
pairs_b64e0d8	808	80.42999999999999
pairs_b6f30d4	808	89.23
pairs_b8d5ee0	798	87.53999999999999
pairs_b9e77ad	810	76.22
pairs_baac267	799	86.3
pairs_bb0b0fb	830	89.96
pairs_bc707d8	821	90.68
pairs_be604f7	829	86.66
pairs_bf92882	814	75.75
pairs_c1baf6c	808	86.37
pairs_c26671d	812	86.26
pairs_c3733e4	806	84.4
pairs_c3e1c11	820	90.19999999999999
pairs_c78eb14	783	87.77
pairs_c899605	789	88.36
pairs_ca6dca4	787	87.18
pairs_ca7f793	815	74.0
pairs_cb1a677	832	89.79
pairs_cd32d81	792	84.42
pairs_ce15842	792	74.03
pairs_d02b476	807	89.33
pairs_d2087b0	793	88.54
pairs_d38ba08	808	83.22999999999999
pools_5k_7259565	5006	3109.61
pools_5k_a824d15	5006	3093.3500000000004
pools_5k_eeaac3a	5005	3081.19
pools_5k_ef03e93	5007	3114.9700000000003
pools_5k_5ebc761	5009	3120.53
pools_5k_89904bf	5012	3102.2200000000003
pools_5k_a9ed0f9	5011	3104.15
pools_5k_fd184bc	5011	3084.44
pools_5k_43eaa2c	5091	3155.12
pools_5k_bb85b88	5091	3120.21
pools_5k_e3eac98	5090	3095.85
pairs_03d52f3	1743	354.93
pairs_0759807	1754	309.06
pairs_10b39b2	1742	309.58000000000004
pairs_180c460	1744	308.71
pairs_1ce2973	1757	312.41
pairs_289329b	1709	328.09999999999997
pairs_2bf630d	1714	340.11
pairs_345996d	1718	313.19
pairs_3aa05cf	1733	321.4
pairs_3b5ac24	1726	308.05
pairs_3f84098	1730	329.75
pairs_423530a	1722	308.65
pairs_580b87f	1732	335.31
pairs_66023d4	1716	309.19000000000005
pairs_75c5b32	1772	338.54
pairs_7e1bcae	1767	308.58000000000004
pairs_81d23bf	1752	308.44
pairs_88c0f1c	1755	321.14
pairs_99542f0	1735	309.62
pairs_9fb9c37	1763	308.58
pairs_b6c2634	1724	309.37
pairs_b786fc8	1753	310.93
pairs_cbe8680	1753	308.11
pairs_ebdc802	1762	314.69
pairs_f112bbd	1766	312.17
pairs_f2dd352	1769	346.34
pairs_f3a65b2	1773	315.26
pools_2k_023daa1	1713	315.18
pools_2k_0d04d10	1760	332.02
pools_2k_0d0a3bf	1745	327.22
pools_2k_51bc054	1745	340.84
pools_2k_526a8bb	1726	314.52
pools_2k_6ac053d	1775	340.48
pools_2k_8fa94f5	1759	311.08000000000004
pools_2k_ca0f91c	1760	328.59
pools_2k_e249dd1	1762	308.53999999999996
pools_5k_acc5b31	1742	310.33
pools_4k_48b774e	4049	1728.48
pools_4k_61f8947	4049	1680.1100000000001
pools_4k_9d2c6df	4051	1659.35
pools_4k_b6d4717	4051	1704.8799999999999
pools_4k_ba8ae9a	4050	1709.42
pools_5k_17dcd88	5046	3024.43
pools_5k_5503075	5048	2990.8999999999996
pools_5k_5761f58	5049	2971.09
pools_5k_77aa0c7	5048	2971.73
pairs_05ca090	1944	344.87
pairs_14dc85a	1950	325.53999999999996
pairs_34fd144	1951	314.95
pairs_3df7102	1952	311.57
pairs_5d92cca	1946	314.60999999999996
pairs_6ed9ee4	1953	319.93
pairs_744d9f8	1956	312.0
pairs_a7fe28f	1943	312.97
pairs_bdb04dd	1942	311.45
pairs_c48b85b	1955	315.41
pairs_c5d05a4	1948	323.59000000000003
pairs_d55e016	1951	311.05
pools_2k_063d404	1951	342.83
pools_2k_0ef6b3f	1951	332.11
pools_2k_116eed7	1959	343.20000000000005
pools_2k_20b1cae	1958	326.56
pools_2k_278caa9	1961	331.96999999999997
pools_2k_32e786b	1943	329.95
pools_2k_42b95a0	1959	322.77000000000004
pools_2k_448ad12	1948	350.45
pools_2k_63af901	1960	335.03999999999996
pools_2k_691f39f	1943	334.02000000000004
pools_2k_794638e	1951	342.07000000000005
pools_2k_848935e	1942	342.21000000000004
pools_2k_c0da2d5	1945	330.94
pools_2k_def5b9e	1951	327.29
pools_2k_ee7b8ae	1951	316.58
pools_2k_eed07c6	1956	345.11
pools_2k_fe03108	1950	326.33
pools_5k_285669a	5092	3139.39
pools_5k_3fef6bc	5092	3109.1699999999996
pools_5k_527e5e0	5092	3084.6099999999997
pools_5k_9fa31a7	5092	3101.2599999999998
pools_5k_38b999f	5072	3003.6400000000003
pools_5k_66bd9c1	5072	2992.5
pools_5k_6ef4129	5072	2998.04
pools_3k_0f072a0	3027	877.76
pools_3k_2f35bc6	3022	820.16
pools_3k_442cd1f	3024	843.43
pools_3k_461dea4	3028	854.52
pools_3k_5bfe7f4	3025	859.17
pools_3k_7bb98f5	3029	849.0600000000001
pools_3k_814096e	3026	845.66
pools_3k_87ce772	3027	855.31
pools_3k_998c6dd	3025	842.87
pools_3k_c7be3a1	3026	841.05
pools_3k_e9b73e9	3028	839.25
pools_5k_54d29a1	5119	3023.64
pools_5k_77e5f15	5119	3003.5600000000004
pools_5k_9988d4c	5120	2994.9700000000003
pools_3k_29dee01	3012	858.5
pools_3k_2a51346	3012	833.1700000000001
pools_3k_420bc6e	3010	808.6800000000001
pools_3k_4264865	3012	818.86
pools_3k_4d5331d	3010	833.27
pools_3k_5a06094	3010	817.3100000000001
pools_3k_5ca916b	3012	843.29
pools_3k_6472f2d	3013	826.02
pools_3k_746192e	3009	820.0600000000001
pools_3k_775a7bb	3008	813.67
pools_3k_bc65552	3011	840.84
pools_5k_c8050fc	5008	3150.4700000000003
pools_5k_cff4570	5008	3109.07
pools_5k_d4953e6	5008	3106.33
pools_4k_15b87d7	4060	1711.93
pools_4k_233753a	4060	1676.3300000000002
pools_4k_3d63294	4059	1671.82
pools_4k_5b8aaea	4058	1676.26
pools_4k_63983e0	4060	1661.07
pools_4k_f592017	4059	1649.81
pairs_901f97f	2073	549.38
pools_2k_0d948af	2072	541.1
pools_2k_1f7b918	2070	540.05
pools_2k_240e6e0	2072	537.67
pools_2k_243fb95	2069	546.03
pools_2k_3672f69	2070	551.63
pools_2k_415df0a	2072	547.23
pools_2k_41c0746	2069	537.54
pools_2k_5b4bb67	2072	552.1
pools_2k_69cdf8c	2072	547.6800000000001
pools_2k_6fc7b79	2073	536.14
pools_2k_7aca315	2070	546.23
pools_2k_9d1e16d	2070	539.61
pools_2k_a5b8124	2070	537.54
pools_2k_a5bc87c	2070	531.29
pools_2k_a8a35e1	2069	545.4300000000001
pools_2k_b08f2e9	2072	540.5699999999999
pools_2k_b70c57a	2073	550.52
pools_2k_ba9d798	2069	539.75
pools_2k_c1c16d1	2071	521.5600000000001
pools_2k_d779eec	2069	541.94
pools_2k_de181ba	2073	532.63
pools_2k_f2ba643	2071	534.49
pools_2k_f6dd206	2070	540.77
pools_2k_f98ad8a	2069	550.83
pools_2k_feb0722	2071	541.75
pools_2k_0717495	2103	580.38
pools_2k_098dabc	2102	539.04
pools_2k_170932d	2102	547.5799999999999
pools_2k_181e3d8	2102	523.49
pools_2k_35cb6f6	2103	553.48
pools_2k_40dacd7	2103	556.88
pools_2k_41ed572	2104	548.64
pools_2k_4cf62c2	2104	520.9300000000001
pools_2k_5accd13	2102	544.6899999999999
pools_2k_5aceb6e	2103	546.2
pools_2k_5d0ff9f	2104	551.25
pools_2k_5d24f8f	2105	548.32
pools_2k_600806d	2102	548.28
pools_2k_723dda2	2102	541.28
pools_2k_76c87ac	2104	551.58
pools_2k_904e621	2103	535.74
pools_2k_9b7b4e2	2103	544.03
pools_2k_a583c41	2103	537.28
pools_2k_b44ec4c	2103	519.84
pools_2k_b80f9e4	2105	536.75
pools_2k_bd3c1a7	2103	538.64
pools_2k_c0497eb	2104	529.07
pools_2k_c5209cf	2103	530.2900000000001
pools_2k_d1fa4eb	2104	544.25
pools_2k_d57c316	2104	549.18
pairs_621665d	3421	1202.73
pairs_9e3cf01	3136	1165.67
pools_3k_08f5637	3120	1184.1599999999999
pools_3k_4a030aa	3173	1190.6
pools_3k_4cb65ae	3234	1195.25
pools_3k_73ce31e	3119	1214.35
pools_3k_8335d4c	3120	1197.83
pools_3k_ab04b5e	3120	1216.58
pools_3k_dfb8972	3120	1198.69
pools_4k_5130810	3551	1250.81
pools_4k_0f6fc5b	4031	1750.0100000000002
pools_4k_46c5e53	4031	1705.6399999999999
pools_4k_803c110	4032	1696.25
pools_4k_90c1df8	4029	1701.24
pools_4k_f4159c6	4031	1688.6100000000001
pairs_3c5c3d1	1994	350.63
pairs_44ed2f2	2001	318.51
pairs_b790984	1998	323.12
pairs_fa6b2e1	1995	318.99
pools_2k_0bf3995	2001	347.09999999999997
pools_2k_2461672	2001	340.87
pools_2k_3b23b85	1995	352.0
pools_2k_43c2cfc	1999	355.4
pools_2k_4479860	1995	334.45
pools_2k_54e87a6	2000	335.03000000000003
pools_2k_60d1308	2000	345.39
pools_2k_7f66057	2001	348.64
pools_2k_895ba97	1994	344.65
pools_2k_8a60c70	2002	341.34
pools_2k_91af9ed	2001	320.96000000000004
pools_2k_a75ab6d	1995	344.45
pools_2k_b7152d5	1995	347.16
pools_2k_b9b1886	2002	343.08000000000004
pools_2k_c305095	2002	346.69
pools_2k_c7607d8	2000	339.8
pools_2k_dbcf2d7	2000	334.91999999999996
pools_2k_dc82ff9	1995	347.27000000000004
pools_2k_eaaf90d	2000	337.90000000000003
pools_2k_ed05d74	2001	350.2
pools_2k_f2c72d1	1994	334.13
pools_2k_f46d1cd	2000	345.39
pools_2k_f9249b5	2001	355.02
pools_5k_15b6f8f	5029	3053.95
pools_5k_4d9e2f2	5030	3005.92
pools_5k_8791c88	5028	3027.59
pairs_04f639a	1554	366.62
pairs_0697494	1588	331.23
pairs_0a5774b	1545	304.94
pairs_19d0567	1579	312.75
pairs_27c04cf	1559	325.08000000000004
pairs_33296b6	1554	307.89000000000004
pairs_34de92f	1555	305.12
pairs_406e0c1	1545	311.71000000000004
pairs_465973a	1538	307.62
pairs_547c249	1559	329.08000000000004
pairs_584e04f	1574	309.27000000000004
pairs_6006d0c	1528	209.93
pairs_63fd511	1575	334.86
pairs_64470e3	1527	168.71
pairs_6cddc40	1597	329.27000000000004
pairs_7645d9b	1550	305.69
pairs_7727ca4	1588	337.46
pairs_78513a9	1524	171.75
pairs_7af4070	1579	329.33000000000004
pairs_7cbae82	1559	327.23
pairs_89f80f0	1567	309.56
pairs_9245112	1560	329.27
pairs_97466da	1585	308.76
pairs_9dc62f2	1554	334.81
pairs_a1729b0	1599	310.91999999999996
pairs_ae2ace9	1572	322.24
pairs_b18369b	1538	326.35
pairs_b205094	1524	181.39000000000001
pairs_b30facc	1557	328.92
pairs_b3fc28c	1549	324.95
pairs_b829e7f	1587	337.34
pairs_bbd3a24	1527	196.9
pairs_be19d91	1531	170.25
pairs_c390a4a	1553	308.09999999999997
pairs_c5000e0	1567	337.45
pairs_d05c76f	1573	316.07
pairs_d10d8df	1588	313.04
pairs_d7075cc	1591	316.26
pairs_d79e62e	1539	307.46
pairs_d91e156	1544	309.75
pairs_e141b68	1529	170.70000000000002
pairs_e565e2b	1542	310.91
pairs_e5a4048	1587	323.57
pairs_e5b2f67	1537	329.02
pairs_fd04603	1533	199.56
pairs_fe94763	1584	320.36
pools_2k_42f9395	1525	198.35
pools_4k_12a535d	4099	2294.89
pools_4k_1e283e5	4100	2256.46
pools_4k_92f4854	4099	2263.7400000000002
pools_4k_96d594c	4099	2278.06
pools_4k_b2f6f90	4098	2259.92
pools_5k_82429a7	5062	3033.9700000000003
pools_5k_b238bfd	5062	2998.6899999999996
pools_5k_e2d6ec4	5060	3016.9900000000002
pools_4k_7498651	4107	2312.6600000000003
pools_4k_8f94f4e	4106	2278.48
pools_4k_bc369fb	4106	2269.82
pools_4k_d7b2ead	4105	2260.7200000000003
pools_4k_debd2a8	4107	2278.06
pools_5k_3d3ee9c	5112	3088.0
pools_5k_8b4ea3d	5111	3063.72
pools_5k_dddbbad	5112	3052.18
pools_5k_eb2fa3c	5112	3050.47
pools_3k_00c6ac9	3119	1234.03
pools_3k_01d6799	3118	1219.8600000000001
pools_3k_383f957	3117	1211.06
pools_3k_4631161	3119	1174.4199999999998
pools_3k_4bbec04	3118	1194.5
pools_3k_592f3ed	3118	1183.0700000000002
pools_3k_9ccf944	3119	1207.59
pools_3k_cb2ad07	3119	1204.08
pools_3k_d8f1a8f	3118	1212.8100000000002
pools_3k_f598d85	3119	1200.03
pools_3k_1665408	3107	1245.73
pools_3k_2e14736	3107	1209.99
pools_3k_42bbc95	3107	1222.96
pools_3k_6bd7033	3108	1222.5
pools_3k_6c3af72	3107	1207.6100000000001
pools_3k_7a358b4	3107	1211.85
pools_3k_bf7ff17	3108	1188.5900000000001
pools_3k_c0645f6	3106	1194.1899999999998
pools_3k_c702ab9	3106	1198.4099999999999
pools_3k_d0b899f	3104	1206.83
pools_4k_084705a	4081	1734.8500000000001
pools_4k_2a190dc	4081	1679.65
pools_4k_966f454	4080	1674.2099999999998
pools_4k_d3678fb	4081	1677.56
pools_4k_e8fba21	4082	1683.98
pools_4k_fb83f4c	4080	1692.69
pools_3k_100c810	3065	863.72
pools_3k_3134e94	3066	841.72
pools_3k_43bda07	3064	855.46
pools_3k_46a1a3c	3064	871.5200000000001
pools_3k_4b20fad	3065	830.98
pools_3k_740a417	3066	848.19
pools_3k_8a72f98	3066	850.81
pools_3k_ac08ce2	3063	852.49
pools_3k_b3cfaca	3065	851.3399999999999
pools_3k_da68cfb	3063	859.5
pools_3k_f3220de	3065	857.62
pools_4k_038580a	4070	1773.8700000000001
pools_4k_2e5e10c	4070	1768.8799999999999
pools_4k_7bec61b	4071	1759.85
pools_4k_984c4f0	4071	1768.77
pools_4k_d967c7d	4070	1766.99
pools_3k_04e7a0e	3101	1237.37
pools_3k_0b74fe2	3101	1206.0600000000002
pools_3k_0f2cf71	3101	1172.4599999999998
pools_3k_1141ac1	3100	1176.05
pools_3k_3b6f2f7	3104	1197.03
pools_3k_3dc13aa	3102	1197.94
pools_3k_426ce75	3103	1202.77
pools_3k_9ac3210	3100	1193.4
pools_3k_afed19d	3100	1196.83
pools_3k_cb66adc	3104	1196.4499999999998
pools_3k_0b1f251	3045	869.45
pools_3k_277b81b	3046	840.77
pools_3k_468d1f6	3045	818.47
pools_3k_5814d70	3041	832.41
pools_3k_898bbdd	3044	827.33
pools_3k_a4b98fa	3045	833.72
pools_3k_dab1139	3041	831.3399999999999
pools_3k_ebb5a83	3045	837.1999999999999
pools_3k_eca679c	3045	828.53
pools_3k_f14f2e7	3041	830.0799999999999
pools_3k_f7907b4	3044	829.8000000000001
pools_4k_39a6e23	4091	1755.77
pools_4k_4cb1c02	4090	1724.6699999999998
pools_4k_c1806c4	4091	1736.21
pools_4k_d53168b	4091	1724.03
pools_4k_f4c5635	4091	1728.62
pools_5k_6c9b2b2	5107	3182.45
pools_5k_74e407e	5107	3128.86
pools_5k_e452cb1	5107	3134.31
pools_5k_8791c88	5028	3133.67
pools_5k_e85a716	5028	3108.68
pools_5k_438a91e	5087	3093.06
pools_5k_62c5cbc	5086	3042.9
pairs_01ea412	1493	226.11
pairs_042175d	1494	184.62
pairs_0debcd8	1493	199.04000000000002
pairs_164dd11	1486	194.60999999999999
pairs_3491fd3	1478	170.67999999999998
pairs_34ea327	1480	198.74
pairs_510f619	1498	170.11
pairs_5c90e5b	1484	199.5
pairs_6006d0c	1528	184.23999999999998
pairs_64470e3	1527	170.70000000000002
pairs_6a63f82	1488	175.38
pairs_6adfd6b	1506	172.98000000000002
pairs_6bcdaa9	1520	199.63
pairs_6db7054	1494	189.48000000000002
pairs_7004463	1515	175.09
pairs_78513a9	1524	173.49
pairs_9560c2f	1497	198.56
pairs_9e3baa3	1481	170.85999999999999
pairs_a3d6e9b	1509	170.75
pairs_b205094	1524	182.0
pairs_b73916b	1517	182.04000000000002
pairs_b80c832	1495	198.86
pairs_bbd3a24	1527	198.27
pairs_be19d91	1531	170.8
pairs_df1094b	1482	169.58
pairs_e141b68	1529	171.06
pairs_e489718	1520	176.59
pairs_eae262e	1499	170.49
pairs_ef3686c	1514	200.53
pairs_f49fa72	1515	189.59
pairs_fb775c6	1515	179.76
pools_2k_42f9395	1525	199.83
pools_4k_18fccf4	4095	1785.15
pools_4k_881f9b3	4095	1741.6499999999999
pools_4k_a38d76b	4096	1775.3400000000001
pools_3k_2ef2634	3021	884.42
pools_3k_2f35bc6	3022	819.3900000000001
pools_3k_442cd1f	3024	843.98
pools_3k_5bfe7f4	3025	861.73
pools_3k_9541057	3021	853.81
pools_3k_998c6dd	3025	840.31
pools_3k_c7be3a1	3026	844.56
pools_3k_14cf835	3109	1229.09
pools_3k_2e14736	3107	1186.66
pools_3k_42bbc95	3107	1195.66
pools_3k_6bd7033	3108	1194.5700000000002
pools_3k_6c3af72	3107	1184.83
pools_3k_b96e6b4	3109	1163.44
pools_3k_bf7ff17	3108	1171.16
pools_5k_307d234	5117	3140.98
pools_5k_c7f9c7f	5117	3115.06
pools_4k_3df0a0d	4090	1721.3500000000001
pools_4k_4cb1c02	4090	1683.72
pools_4k_ab746f8	4089	1675.53
pools_4k_bcf81cb	4089	1661.26
pools_5k_76f3394	5074	3021.33
pools_5k_9160600	5074	2977.3199999999997
pairs_03d52f3	1743	358.03000000000003
pairs_10b39b2	1742	313.66
pairs_180c460	1744	311.78000000000003
pairs_289329b	1709	332.95000000000005
pairs_2bf630d	1714	343.16
pairs_345996d	1718	315.39
pairs_3aa05cf	1733	324.85999999999996
pairs_3b5ac24	1726	312.23
pairs_3f84098	1730	334.58
pairs_423530a	1722	310.3
pairs_580b87f	1732	339.33
pairs_5f8cdd8	1702	339.40000000000003
pairs_66023d4	1716	311.73
pairs_81d23bf	1752	312.58
pairs_99542f0	1735	312.92
pairs_b6c2634	1724	312.04
pairs_cbe8680	1753	311.99
pools_2k_023daa1	1713	319.48
pools_2k_0d0a3bf	1745	332.51
pools_2k_26cd19b	1706	318.49
pools_2k_51bc054	1745	348.23
pools_2k_526a8bb	1726	320.64
pools_5k_acc5b31	1742	314.15999999999997
pools_5k_7259565	5006	3090.21
pools_5k_ef03e93	5007	3082.27
pools_4k_0f6fc5b	4031	1723.17
pools_4k_5e16e48	4026	1673.68
pools_4k_90c1df8	4029	1682.69
pools_4k_e760c5c	4026	1708.4299999999998
pools_4k_15b87d7	4060	1795.24
pools_4k_3d63294	4059	1753.23
pools_4k_63983e0	4060	1742.07
pools_4k_f592017	4059	1727.71
pairs_dd930b8	2016	349.56
pools_2k_1192215	2014	321.3
pools_2k_164e6b4	2014	337.46
pools_2k_3b479b7	2017	323.68
pools_2k_5910f28	2017	324.16
pools_2k_6004693	2015	341.91999999999996
pools_2k_73de8fd	2017	350.31
pools_2k_8ea399e	2015	338.6
pools_2k_9b2588f	2015	332.16999999999996
pools_2k_9dae90d	2015	332.12
pools_2k_9f74ca9	2016	327.15
pools_2k_b383ffa	2017	348.15000000000003
pools_2k_b696c3f	2016	345.01
pools_2k_bb11d2f	2017	332.22
pools_2k_c719fa4	2015	339.74
pools_2k_dda4a96	2014	344.33
pools_2k_f381f60	2017	313.45000000000005
pools_5k_4a79789	5111	2997.39
pools_5k_eb361b7	5111	2984.13
pairs_04f639a	1554	368.0
pairs_0a5774b	1545	309.29
pairs_27c04cf	1559	329.2
pairs_33296b6	1554	311.5
pairs_34de92f	1555	309.12
pairs_406e0c1	1545	316.82000000000005
pairs_465973a	1538	312.15
pairs_547c249	1559	329.92
pairs_584e04f	1574	311.79
pairs_63fd511	1575	337.57
pairs_7645d9b	1550	308.12
pairs_7af4070	1579	332.63
pairs_7cbae82	1559	330.89
pairs_89f80f0	1567	311.20000000000005
pairs_9245112	1560	331.03
pairs_9dc62f2	1554	335.75
pairs_ae2ace9	1572	323.7
pairs_b18369b	1538	326.53999999999996
pairs_b30facc	1557	329.01
pairs_b3fc28c	1549	326.44
pairs_c390a4a	1553	309.45
pairs_c5000e0	1567	337.5
pairs_d05c76f	1573	317.28
pairs_d79e62e	1539	308.51000000000005
pairs_d91e156	1544	309.88
pairs_e565e2b	1542	311.85
pairs_e5b2f67	1537	330.3
pairs_fd04603	1533	226.83999999999997
pools_2k_76e9a91	1577	307.66
pairs_1ec0b21	2008	377.5
pairs_c66a0df	2005	319.85
pools_2k_0558283	2008	340.31
pools_2k_083eba9	2009	341.84999999999997
pools_2k_3000284	2009	351.04
pools_2k_30adac0	2006	339.07000000000005
pools_2k_39b3561	2010	352.06
pools_2k_4059154	2008	336.19
pools_2k_4e4fa19	2005	349.74
pools_2k_6666210	2003	348.23
pools_2k_8a1747a	2005	347.31
pools_2k_8b9b020	2009	355.96
pools_2k_97bcc35	2007	351.38
pools_2k_c34421e	2010	350.43
pools_2k_d2e7c16	2005	340.73
pools_2k_fa0398d	2009	353.59000000000003
pools_2k_fb23f7a	2006	347.40999999999997
pools_4k_1e35977	4092	1715.62
pools_4k_434f71d	4093	1681.57
pools_4k_5085f5f	4093	1698.21
pools_4k_8f3aa49	4093	1758.63
pools_4k_50d5791	4113	2362.1000000000004
pools_4k_5b4f02b	4113	2325.04
pools_4k_8f6e003	4114	2339.78
pools_4k_b438a24	4113	2328.56
pools_4k_0b9cdf1	4068	1731.89
pools_4k_105e36e	4068	1675.81
pools_4k_adcab30	4068	1709.99
pairs_3a2d871	1972	344.75
pairs_b0bf3c8	1970	323.40999999999997
pools_2k_032715c	1968	313.96999999999997
pools_2k_0a0e51d	1970	337.15
pools_2k_10c01e9	1975	344.95
pools_2k_246bf62	1967	342.51
pools_2k_4f2908f	1972	330.51
pools_2k_57d5a9c	1975	325.17
pools_2k_61d7e73	1967	350.34000000000003
pools_2k_63ee21d	1967	350.72
pools_2k_764110c	1976	347.7
pools_2k_8c68dbd	1973	336.12
pools_2k_8e65a01	1977	352.42
pools_2k_9dad8ce	1970	344.65
pools_2k_a4d0877	1977	351.57
pools_2k_d3444d3	1977	345.99
pools_2k_dd4cd5f	1969	337.95
pools_3k_00ec21b	3082	1263.84
pools_3k_1cc64ba	3081	1226.47
pools_3k_44eb654	3080	1246.61
pools_3k_89bc688	3082	1231.9399999999998
pools_3k_aba3e37	3080	1245.85
pools_3k_acfeab5	3081	1240.02
pools_3k_c745031	3082	1233.77
pools_5k_a824d15	5006	3006.1
pools_5k_e82ff4c	5005	2988.4700000000003
pools_5k_eeaac3a	5005	2960.19
pools_4k_48b774e	4049	1764.21
pools_4k_61f8947	4049	1718.69
pools_4k_d744916	4047	1741.88
pools_4k_fa26d97	4047	1756.7
pools_5k_0b2072a	5063	3149.54
pools_5k_185d188	5063	3115.12
pools_4k_74f65a6	4114	2311.97
pools_4k_8092e21	4115	2254.83
pools_4k_d4e66d1	4115	2283.5
pools_4k_fb9ac14	4114	2254.95
pairs_73b1411	2092	560.52
pools_2k_37e3ce7	2090	542.5
pools_2k_3df8507	2091	560.28
pools_2k_6d31d6b	2092	566.34
pools_2k_7188f0d	2091	554.55
pools_2k_75f4cb7	2091	535.32
pools_2k_7905c7c	2090	548.3199999999999
pools_2k_90af57a	2092	552.66
pools_2k_a9370a8	2092	550.24
pools_2k_ae3e35d	2092	541.4
pools_2k_bf74df0	2092	554.22
pools_2k_c085735	2092	559.55
pools_2k_c1924d9	2092	566.35
pools_2k_d7a2c9b	2091	548.84
pools_2k_eb5004f	2090	554.85
pools_2k_fadbbf8	2092	554.75
pools_5k_1b9072d	5108	3086.75
pools_5k_c0435c9	5109	3077.0
pools_3k_08c9c5c	3070	873.64
pools_3k_08fb2e8	3070	835.45
pools_3k_833db6c	3068	830.11
pools_3k_ad67117	3069	824.4399999999999
pools_3k_d21ae91	3069	839.45
pools_3k_e2e9f16	3071	840.45
pools_3k_efbdc7d	3071	853.4000000000001
pairs_03d2b7e	614	88.33000000000001
pairs_05d0e98	622	57.94
pairs_06f058d	622	55.26
pairs_06fa54a	603	58.08
pairs_07e2970	631	53.900000000000006
pairs_085e45b	605	55.31
pairs_0a1409c	622	46.769999999999996
pairs_0f336c4	630	46.55
pairs_114057b	612	49.27
pairs_11ac9d5	626	53.78
pairs_11cf082	602	46.81
pairs_1330230	616	46.33
pairs_1525acb	612	57.9
pairs_1580f13	602	57.72
pairs_15feb43	621	57.27
pairs_1646532	625	46.17
pairs_16a7ef5	627	54.14
pairs_19c7bed	607	51.39
pairs_1c9efb2	632	58.78
pairs_1ec2a55	608	46.17
pairs_1fa061e	611	49.78
pairs_216a77a	602	46.66
pairs_228fcad	603	58.650000000000006
pairs_2334740	622	49.67
pairs_2538f96	631	57.89
pairs_27110be	608	57.43
pairs_29c84f7	619	46.559999999999995
pairs_2a47803	620	52.14
pairs_2ad57bc	617	48.669999999999995
pairs_2b46905	617	58.269999999999996
pairs_2c397eb	610	53.2
pairs_2e44d51	617	48.68
pairs_34bf333	624	55.54
pairs_355e0f7	623	59.370000000000005
pairs_35ea5f0	621	46.85
pairs_36d113d	618	46.6
pairs_3a1454b	622	56.49
pairs_3a6aa33	610	46.78
pairs_3ad07a2	620	55.349999999999994
pairs_3d564d2	622	56.63
pairs_3e8894c	611	57.9
pairs_3eed0b4	606	55.46
pairs_4390da6	604	57.910000000000004
pairs_4481c74	623	46.339999999999996
pairs_45116c5	615	50.21
pairs_46e0b7c	612	56.48
pairs_47361fe	621	56.05
pairs_4896e0d	627	49.18
pairs_4b8fae5	619	46.29
pairs_4e03fa6	624	47.53
pairs_5151b1b	609	46.97
pairs_53276d1	624	55.73
pairs_535720a	619	46.769999999999996
pairs_54ee561	608	53.940000000000005
pairs_562c778	615	53.19
pairs_584b948	604	49.3
pairs_594c2b8	613	56.08
pairs_5a4ed58	608	50.06999999999999
pairs_5f40297	625	58.85
pairs_63cfb1c	611	54.199999999999996
pairs_64be61f	616	57.74
pairs_655c6c4	632	55.300000000000004
pairs_659f82a	622	55.12
pairs_667405e	609	47.68
pairs_697eb54	617	56.58
pairs_6c25f57	621	58.629999999999995
pairs_6c8d5b6	612	57.050000000000004
pairs_6dc7a39	615	58.540000000000006
pairs_70c0230	611	46.73
pairs_71a635b	628	54.53
pairs_728a704	603	57.0
pairs_72f6f5d	626	46.33
pairs_7581408	606	55.45
pairs_7690909	629	58.67
pairs_78cd5ad	618	55.41
pairs_79f173e	612	57.769999999999996
pairs_7acce28	620	50.16
pairs_7acff05	631	51.0
pairs_7b7c6ce	611	46.56
pairs_853fbd1	631	58.16
pairs_8568834	619	56.39
pairs_85a3037	618	46.31999999999999
pairs_85eb3d0	630	52.15
pairs_867de3b	604	56.58
pairs_8a49d3f	625	55.06
pairs_8f6feec	612	46.46
pairs_8f9a042	614	56.68000000000001
pairs_923f55e	613	50.269999999999996
pairs_93c0177	628	50.510000000000005
pairs_97cb2a1	627	57.910000000000004
pairs_9ebf700	611	48.76
pairs_9f80a61	612	46.96
pairs_a06d92f	603	47.61
pairs_a1d2324	617	53.45
pairs_a375470	618	49.300000000000004
pairs_a41b54f	613	55.11
pairs_aaa47e6	608	48.54
pairs_ab36810	631	51.83
pairs_adbfd7d	622	57.449999999999996
pairs_aea9793	621	48.489999999999995
pairs_b05e436	618	57.67
pairs_b1ad301	631	56.959999999999994
pairs_b1c025e	628	46.49
pairs_b227e5a	626	46.209999999999994
pairs_b2e0824	623	58.650000000000006
pairs_b3af518	608	49.64
pairs_b6bb41d	622	52.809999999999995
pairs_b78df68	607	46.339999999999996
pairs_b932f9d	624	49.0
pairs_babd23d	626	58.91
pairs_bc2e5d2	603	55.88
pairs_bc56958	624	49.739999999999995
pairs_bcab503	602	45.67
pairs_c2b9b02	618	49.010000000000005
pairs_c3062ed	605	56.16
pairs_c4ac434	618	46.370000000000005
pairs_c92717f	624	53.82
pairs_c978408	606	51.31
pairs_cac2f19	630	57.870000000000005
pairs_cc0cb46	630	58.75
pairs_ccbefab	621	56.94
pairs_cd91312	602	56.11
pairs_ce51daa	625	50.339999999999996
pairs_cf02241	614	57.94
pairs_d30e233	613	56.04
pairs_d3fc7a0	631	57.519999999999996
pairs_d5a2f28	620	56.75
pairs_d766714	613	58.4
pairs_d8a66b2	615	50.04
pairs_d9d60bf	614	55.83
pairs_da4c70d	628	56.02
pairs_daf6a33	609	46.51
pairs_dc3ab2b	604	46.17
pairs_dc437ec	606	57.99
pairs_dec1e04	633	56.44
pairs_dfce9fd	620	56.3
pairs_e05b9e0	625	51.050000000000004
pairs_e23589f	625	46.7
pairs_e23798f	622	46.449999999999996
pairs_e520b8e	618	51.42
pairs_e60ce07	625	50.95
pairs_e6791fa	607	58.120000000000005
pairs_e70dc61	622	50.26
pairs_e719781	609	53.42
pairs_e837896	602	55.09
pairs_e9cb288	620	58.66
pairs_f0182af	614	52.75
pairs_f7d39c0	622	57.52
pairs_fe4b2a3	630	56.92
pairs_fe725c5	624	55.26
pairs_fea8c7f	607	46.37
pools_4k_4f49668	4001	1764.6000000000001
pools_4k_9ff3b50	4005	1747.3200000000002
pools_4k_c689ea7	4003	1731.99
pools_4k_ee57692	4002	1716.1299999999999
pools_5k_4cb16fd	5081	3013.12
pools_5k_556b10a	5081	2974.4300000000003
pools_4k_a81885e	4102	2379.48
pools_4k_a87db34	4102	2355.09
pools_4k_d0cb8b0	4101	2345.1099999999997
pools_4k_f8d096d	4102	2340.01
pools_3k_34e9a5c	3115	1256.2
pools_3k_417a12f	3115	1207.1000000000001
pools_3k_5bc365d	3114	1227.93
pools_3k_6f2379b	3115	1222.08
pools_3k_bab1028	3115	1246.77
pools_3k_cd9914b	3115	1233.1
pools_3k_db4fdaf	3115	1208.16
pools_5k_2ad33ee	5049	3106.3399999999997
pools_5k_3cb2e82	5049	3069.73
pools_5k_5761f58	5049	3084.33
pools_4k_1fda782	4062	1775.07
pools_4k_8199331	4061	1730.2900000000002
pools_4k_d6f4437	4061	1729.99
pools_4k_ece2602	4062	1709.6799999999998
pools_2k_12aa322	2096	567.26
pools_2k_1a22903	2095	540.29
pools_2k_2c9e1b6	2097	532.05
pools_2k_347d888	2096	539.22
pools_2k_467966e	2094	536.38
pools_2k_53bde58	2095	528.8
pools_2k_6ceabe4	2096	534.8299999999999
pools_2k_8024d12	2095	535.28
pools_2k_9b5f515	2096	552.2
pools_2k_a29172c	2095	536.54
pools_2k_a6d7566	2095	526.54
pools_2k_bd6c929	2097	550.01
pools_2k_ce148df	2097	544.62
pools_2k_d38a851	2096	527.89
pools_2k_d4bda2a	2097	542.9399999999999
pools_5k_3991a11	5044	3100.83
pools_5k_5006dd3	5044	3091.2000000000003
pairs_0429cf6	987	123.65
pairs_04357ea	1002	95.69
pairs_070c971	1005	96.07000000000001
pairs_0a9b4e8	1002	86.33
pairs_0aaa9c0	995	95.73
pairs_0b5895c	996	96.62
pairs_0c45281	992	81.54
pairs_11dd602	1004	92.28999999999999
pairs_128b5e0	996	96.22
pairs_12f7653	987	92.50999999999999
pairs_153dfb6	986	88.14
pairs_168e11b	983	87.28999999999999
pairs_1c546c6	997	96.97999999999999
pairs_21b2ef4	985	78.53
pairs_25983f3	986	75.89
pairs_2620a61	1006	90.08000000000001
pairs_264fada	1002	90.22
pairs_2717892	988	93.56
pairs_2801454	993	93.24
pairs_36b3951	1000	87.11000000000001
pairs_38ae639	1001	95.81
pairs_3ea2412	989	91.85
pairs_436debc	996	95.15
pairs_4580cd1	994	82.41
pairs_48122cb	1004	94.60000000000001
pairs_4fbbaf7	995	95.16999999999999
pairs_5412d39	994	91.39
pairs_581e8c8	991	95.52000000000001
pairs_5c4e1c7	1001	93.08
pairs_60ece54	1000	89.05
pairs_64b9038	1003	85.67999999999999
pairs_65f413a	1002	83.37
pairs_6dcde33	992	80.71000000000001
pairs_71fd8a3	989	93.11
pairs_780b327	997	97.45
pairs_7c1b2db	986	94.77000000000001
pairs_7f7bba4	1008	91.14999999999999
pairs_907b63c	995	93.36
pairs_9138a71	1002	78.01
pairs_959067d	996	89.08000000000001
pairs_96efe9b	984	90.75
pairs_98e2bd9	983	96.64
pairs_9cbba55	989	90.28
pairs_9fc1045	1000	89.83000000000001
pairs_a3d126f	1001	84.19
pairs_a72a25c	1003	90.10000000000001
pairs_a7e508d	1004	92.53
pairs_a7fc9bd	984	93.99000000000001
pairs_a8ecbed	996	96.05999999999999
pairs_abbe828	992	96.03999999999999
pairs_ad1b394	1002	84.9
pairs_ae6ceab	986	76.81
pairs_b671079	999	94.61
pairs_b8f143e	991	81.69
pairs_c3d568c	990	76.31
pairs_c66590d	995	89.97999999999999
pairs_c751f67	1008	91.6
pairs_c75c53b	985	91.46000000000001
pairs_ca5fe99	985	76.17
pairs_cc47f06	987	76.55
pairs_cd496e6	1009	97.35
pairs_ce4a0c4	994	95.11
pairs_cf1d4f8	994	94.44999999999999
pairs_de02a55	995	96.33000000000001
pairs_e24933d	992	96.42
pairs_e40ec6c	984	89.22
pairs_e8e9c95	1003	96.77
pairs_ea94ad2	1000	84.31
pairs_eef432e	1006	96.53
pairs_ef7d5a2	982	94.14999999999999
pairs_f0fd7e6	1005	90.92
pairs_f128c4a	993	90.08
pairs_f3d31e5	990	94.69
pools_5k_3f8d6c8	5093	3065.23
pools_5k_40f9a97	5092	3053.22
pools_5k_f09fdce	5092	3041.27
pools_5k_4efef7e	5028	3102.2000000000003
pools_5k_8c1bda5	5027	3068.3500000000004
pools_5k_b183026	5028	3078.6299999999997
pools_5k_0f12395	5112	3147.6000000000004
pools_5k_92f5d91	5113	3115.04
pools_3k_59e8609	3091	1236.46
pools_3k_62f46b8	3090	1192.8700000000001
pools_3k_675923a	3093	1195.1699999999998
pools_3k_6c339d9	3093	1212.6299999999999
pools_3k_6f193cb	3091	1199.93
pools_3k_e824853	3094	1209.76
pools_3k_fd5ea3a	3092	1212.42
pairs_02eccc9	1115	149.75
pairs_0434fcc	1122	130.86
pairs_0a7c82b	1127	124.64999999999999
pairs_0d09671	1116	138.12
pairs_1347a34	1121	135.53
pairs_244a440	1110	124.13
pairs_26acba2	1113	122.67999999999999
pairs_2fa046e	1134	136.35
pairs_32bdb0d	1115	137.67
pairs_33f6e74	1124	133.21
pairs_37032bc	1131	137.22
pairs_3c79927	1138	118.62
pairs_45ce764	1128	134.86
pairs_4632d1e	1119	135.93
pairs_4744809	1135	117.13
pairs_48a6386	1110	126.44
pairs_4af8047	1118	133.79000000000002
pairs_513e78a	1127	131.89
pairs_519fd2c	1130	128.44
pairs_53dff0a	1131	138.4
pairs_5acebce	1134	139.07
pairs_5f58a6f	1110	137.28
pairs_6c57abe	1133	133.09
pairs_7bef5d5	1136	117.59
pairs_7e5a362	1118	138.82999999999998
pairs_869770e	1135	131.99
pairs_87bd2b7	1111	127.43
pairs_8c81a6f	1127	136.1
pairs_8c8214d	1126	135.38
pairs_9229dbe	1119	137.47
pairs_93707a6	1128	130.89000000000001
pairs_94eb34d	1131	140.98000000000002
pairs_9669b72	1137	139.98
pairs_96af0e5	1135	138.56
pairs_97cd92a	1114	136.22
pairs_9b3efd1	1132	132.33
pairs_9d4d9f7	1135	140.28
pairs_a2b724e	1122	140.28
pairs_a58e478	1117	137.04
pairs_a6a7cdd	1117	139.95
pairs_b09b301	1130	132.4
pairs_b36b2f6	1118	138.36
pairs_b7ab7f7	1122	119.52000000000001
pairs_c0ad808	1125	124.8
pairs_cc05f6c	1125	141.19
pairs_d1e6380	1131	138.04000000000002
pairs_d9e8c74	1116	131.69
pairs_e1c409a	1126	135.49
pairs_e3c444a	1116	120.00999999999999
pairs_e3edc35	1115	137.93
pairs_e75ce85	1112	122.82
pairs_f05905b	1122	137.02
pairs_f1454e1	1130	131.28
pairs_f2404b8	1132	128.52
pairs_f810a32	1125	132.28
pairs_f84d38a	1132	118.21000000000001
pairs_f91cc99	1119	136.6
pools_3k_02b7118	3095	1203.5900000000001
pools_3k_1577669	3094	1184.52
pools_3k_910966f	3094	1186.3899999999999
pools_3k_991b14e	3096	1203.14
pools_3k_d8ba741	3096	1192.3500000000001
pools_3k_e9db4b5	3096	1178.72
pairs_1cf5b59	2114	564.4399999999999
pairs_9189bb3	2112	540.6899999999999
pools_2k_0af5b02	2112	541.79
pools_2k_4f32e57	2113	537.28
pools_2k_508716e	2114	546.73
pools_2k_84456d5	2113	552.4499999999999
pools_2k_8cd1196	2112	557.58
pools_2k_91e751f	2114	564.77
pools_2k_98659cc	2112	552.87
pools_2k_d515402	2112	550.22
pools_2k_d6dd281	2112	532.0600000000001
pools_2k_d8d4ad2	2111	522.85
pools_2k_e16d0e3	2111	557.22
pools_2k_e7f10c0	2113	537.64
pools_2k_ec507bc	2113	534.29
pools_2k_ecae651	2114	542.1
pools_4k_201ac92	4094	1780.73
pools_4k_32edf0b	4095	1752.64
pools_4k_4231d3d	4094	1730.52
pools_4k_6c76261	4095	1747.47
pools_4k_497fa64	4118	2326.31
pools_4k_a6abca3	4119	2272.68
pools_4k_d695816	4119	2285.4700000000003
pools_4k_dbcea46	4118	2277.88
pools_5k_41ff086	5013	3005.94
pools_5k_89904bf	5012	2966.25
pools_5k_a9ed0f9	5011	2969.92
pools_5k_77a47a7	5063	3096.2000000000003
pools_5k_9221464	5063	3026.0099999999998
pools_5k_92497cf	5064	3025.8799999999997
pools_4k_46c5e53	4031	1716.5700000000002
pools_4k_803c110	4032	1677.01
pools_4k_b57ee5a	4032	1687.33
pools_4k_f4159c6	4031	1674.83
pools_3k_5814d70	3041	885.16
pools_3k_5f72fdf	3041	855.1899999999999
pools_3k_898bbdd	3044	846.52
pools_3k_afcbb90	3041	837.1899999999999
pools_3k_dab1139	3041	845.28
pools_3k_f14f2e7	3041	849.2
pools_3k_f7907b4	3044	847.1099999999999
pools_3k_04e7a0e	3101	1250.2900000000002
pools_3k_0b74fe2	3101	1220.59
pools_3k_0f2cf71	3101	1187.91
pools_3k_3dc13aa	3102	1213.39
pools_3k_426ce75	3103	1218.28
pools_3k_afed19d	3100	1210.72
pairs_014a33a	2611	829.8
pairs_4304540	2700	811.24
pairs_432bfd2	2713	803.98
pairs_7dafab8	2679	813.5699999999999
pairs_9f075aa	2640	787.69
pairs_b832cee	2586	803.8299999999999
pools_2k_b7f9020	2562	813.9499999999999
pools_2k_dc31f5d	2714	791.17
pools_3k_8b2356b	2694	810.87
pools_3k_ea85f7b	2548	551.02
pairs_015e756	471	59.43000000000001
pairs_01f19de	490	27.64
pairs_04c9be4	487	31.01
pairs_05ee778	483	27.82
pairs_0a8497e	476	26.33
pairs_0b9d907	472	27.21
pairs_0fbb8b1	471	33.17
pairs_11cae0c	469	32.79
pairs_1541dd6	479	31.47
pairs_180a4fd	485	28.24
pairs_19caaf9	483	32.589999999999996
pairs_1a61cc0	482	33.05
pairs_1bb81ea	492	28.81
pairs_1d89f30	497	26.43
pairs_1f457e3	491	35.120000000000005
pairs_202682f	488	32.58
pairs_207deca	495	26.51
pairs_20dc938	469	26.05
pairs_22b5cc1	496	31.47
pairs_24be534	488	31.92
pairs_2568c91	472	28.23
pairs_2645b82	485	34.34
pairs_26b6994	484	29.490000000000002
pairs_2a7e39a	473	32.69
pairs_2c285b0	495	31.38
pairs_2caa949	478	32.26
pairs_2cd7c6d	482	28.46
pairs_2e886e7	471	26.42
pairs_3005333	482	29.880000000000003
pairs_320c61d	497	30.75
pairs_33a1c18	484	33.519999999999996
pairs_34487ba	477	31.409999999999997
pairs_34653d1	477	30.049999999999997
pairs_34a62a0	485	33.42
pairs_34d621b	481	33.150000000000006
pairs_35c5fc3	487	28.41
pairs_35c9a97	481	34.74
pairs_36ff935	492	32.019999999999996
pairs_37e3e51	479	29.78
pairs_391afb0	468	26.099999999999998
pairs_397cdbb	482	33.8
pairs_39b10a0	471	33.3
pairs_3b4e511	473	26.27
pairs_3c08658	491	32.93
pairs_3cc69b3	475	31.86
pairs_3ded1e7	493	26.23
pairs_3e64fd2	475	25.96
pairs_3eef7ee	492	33.5
pairs_4059755	476	32.379999999999995
pairs_40b3b4a	473	25.56
pairs_40ee7c7	485	34.76
pairs_416c415	486	30.919999999999998
pairs_42ac331	489	35.06
pairs_42f11f8	469	25.630000000000003
pairs_446f743	499	30.51
pairs_46bf701	482	33.15
pairs_4bc5280	494	25.96
pairs_4e8b64d	473	32.17
pairs_4f0877e	473	30.189999999999998
pairs_4f26192	474	29.59
pairs_4fce892	473	27.11
pairs_50e9699	494	31.16
pairs_52b4b91	468	27.759999999999998
pairs_542f4a0	493	31.93
pairs_54a3ffa	471	34.22
pairs_5ae5c16	481	31.869999999999997
pairs_5b9ccdc	491	34.2
pairs_5e472df	484	34.68
pairs_60bb6af	491	34.76
pairs_63db5fa	483	34.04
pairs_6516b16	478	26.48
pairs_6537aee	486	28.57
pairs_674f9c3	474	34.269999999999996
pairs_67e1eb1	474	32.68
pairs_6927934	495	27.82
pairs_69a0586	478	30.630000000000003
pairs_7099d41	479	32.96
pairs_711609b	484	30.12
pairs_7381392	491	33.98
pairs_73b0337	475	29.64
pairs_74163a3	487	30.630000000000003
pairs_742d5ca	488	25.93
pairs_75083b6	481	27.82
pairs_755cfe7	470	32.84
pairs_757b53a	492	31.95
pairs_773c3a1	492	30.56
pairs_79a7c28	481	28.07
pairs_7a1b582	471	29.51
pairs_7ac434f	480	25.94
pairs_7c030b7	487	34.230000000000004
pairs_7c23b26	487	26.08
pairs_801883e	494	30.39
pairs_802eed4	483	34.650000000000006
pairs_81c0745	475	25.72
pairs_8269088	479	28.09
pairs_873d26d	479	29.2
pairs_874bb4e	486	28.880000000000003
pairs_8ad9949	481	26.11
pairs_8aea83d	498	34.989999999999995
pairs_904bcf4	496	30.35
pairs_9284af2	488	26.02
pairs_983bba2	492	26.13
pairs_990fcce	469	31.200000000000003
pairs_9954802	486	34.45
pairs_9991c5f	497	30.630000000000003
pairs_9adb74e	470	33.800000000000004
pairs_9b6a937	483	35.06
pairs_9de1e73	472	29.93
pairs_9f4ffe1	490	28.869999999999997
pairs_9fd66e5	470	29.689999999999998
pairs_9fe1806	483	34.92
pairs_a08af8e	491	31.48
pairs_a131316	479	29.68
pairs_a2b2705	499	34.89
pairs_a3e6a57	490	33.69
pairs_a5401a5	493	31.86
pairs_a74b547	487	28.68
pairs_a7bc4c8	469	28.77
pairs_a82771c	498	32.04
pairs_a934559	475	31.830000000000002
pairs_a9f5d8f	496	28.82
pairs_ab972cf	491	30.240000000000002
pairs_ac1194b	470	31.659999999999997
pairs_ad2dc8a	476	33.82
pairs_ada5657	499	26.139999999999997
pairs_b03119b	489	26.380000000000003
pairs_b05d4d8	471	34.1
pairs_b51bac6	492	34.17
pairs_b6dcf02	485	30.28
pairs_b7f0d71	468	30.759999999999998
pairs_b7fafe9	495	27.79
pairs_b8fa477	473	25.909999999999997
pairs_b9decfa	484	32.74
pairs_ba0df28	481	25.959999999999997
pairs_bb0f6f5	476	31.54
pairs_bc0d615	480	31.490000000000002
pairs_bf13056	473	28.71
pairs_bf92330	487	27.810000000000002
pairs_c042003	493	26.21
pairs_c0cddf2	488	34.49
pairs_c193c76	496	31.36
pairs_c1a42d1	480	35.7
pairs_c1a9aa1	489	27.9
pairs_c1f72a6	475	32.97
pairs_c26889b	477	31.24
pairs_c2a7dc9	470	31.41
pairs_c3ad1b0	474	33.25
pairs_c4fb480	499	34.53
pairs_c78f89d	480	33.17
pairs_c7dcb5f	497	28.16
pairs_cc77e16	480	28.54
pairs_cda1bad	484	32.21
pairs_d00df05	481	29.93
pairs_d0994d6	495	32.5
pairs_d21fa4a	490	28.65
pairs_d2291fe	483	31.29
pairs_d2b9693	488	31.46
pairs_d4d296d	497	26.17
pairs_d773767	476	33.8
pairs_d7e1e9c	473	26.400000000000002
pairs_d8a99fa	474	31.57
pairs_d99a8bc	479	29.83
pairs_da7f22a	476	25.81
pairs_dbc5dda	494	35.46
pairs_df9f2b7	476	29.66
pairs_e3ca229	491	29.33
pairs_e4d1d9b	490	32.989999999999995
pairs_e6f4096	476	31.87
pairs_e71e4d2	493	28.5
pairs_e96a096	478	26.37
pairs_e973938	493	34.35
pairs_ea89b95	488	31.26
pairs_ebcac4e	471	26.53
pairs_ec50423	495	35.53
pairs_ecd3172	485	33.88
pairs_edc1f80	474	30.54
pairs_f030178	476	28.63
pairs_f1b5c38	474	32.29
pairs_f1d5313	494	30.82
pairs_f1e4197	495	26.15
pairs_f37d96a	477	27.77
pairs_f3ee11a	490	32.32
pairs_f54cc04	478	34.94
pairs_f55f93e	478	32.05
pairs_f851051	490	34.75
pairs_f948d4a	492	35.629999999999995
pairs_faca1e5	491	32.03
pairs_fda6440	484	35.95
pools_3k_3d949fe	3097	1226.72
pools_3k_43d8fa7	3098	1222.15
pools_3k_4ce4ed3	3098	1198.57
pools_3k_54b0f56	3096	1189.71
pools_3k_6247703	3096	1206.92
pools_3k_7c4d1cd	3097	1214.6399999999999
pools_3k_d82fde9	3097	1186.8799999999999
pools_2k_20cc800	2118	574.12
pools_2k_2d11e6e	2119	534.41
pools_2k_41b1dad	2119	538.62
pools_2k_4f5a1c1	2119	538.19
pools_2k_4fcab93	2119	548.1600000000001
pools_2k_7f79ed5	2119	540.55
pools_2k_90bd620	2119	538.71
pools_2k_9d79cd2	2119	521.35
pools_2k_a4deaf3	2118	532.87
pools_2k_b850dc7	2119	543.79
pools_2k_baaa64b	2119	540.41
pools_2k_c6fb202	2118	532.91
pools_2k_d23965e	2120	522.9300000000001
pools_2k_e3c90ae	2119	552.0
pools_3k_968c005	2119	554.16
pairs_52ff884	1938	342.67
pairs_68efdbc	1933	315.98
pools_2k_03ff016	1933	337.41999999999996
pools_2k_212b7f8	1930	320.0
pools_2k_33686cc	1936	349.92999999999995
pools_2k_61586fa	1932	348.44
pools_2k_932ac9c	1933	313.26
pools_2k_93f2ab4	1934	339.53
pools_2k_989dc9e	1927	320.69
pools_2k_9ac882a	1941	325.15999999999997
pools_2k_9de626f	1929	319.63
pools_2k_a755aa8	1938	352.88
pools_2k_a8b5255	1938	346.54999999999995
pools_2k_c181946	1928	316.92
pools_2k_c5d80fb	1934	350.19
pools_2k_d34b066	1934	341.22
pools_2k_e5afb8a	1936	331.44
pools_2k_f7ad530	1937	314.43
pairs_0759b46	1345	214.53
pairs_0a665aa	1375	190.72
pairs_0e17f73	1341	193.13
pairs_1775510	1379	182.71
pairs_1b4c04d	1367	183.18
pairs_1ea4287	1355	186.24
pairs_1ee05a1	1354	192.08999999999997
pairs_2409aa5	1366	189.47
pairs_2c39d75	1354	190.55
pairs_339126b	1348	185.39000000000001
pairs_343536a	1350	190.97
pairs_3437316	1356	192.82999999999998
pairs_35672bb	1347	180.43
pairs_365c3d2	1342	193.39999999999998
pairs_387638c	1355	174.07999999999998
pairs_4f07813	1344	176.95999999999998
pairs_5ea0d04	1370	185.76
pairs_66cca77	1339	190.15
pairs_682b6b5	1373	184.85
pairs_6b6c3a7	1370	194.29
pairs_6bffb60	1358	193.94
pairs_6d57142	1341	193.71
pairs_78a70a4	1349	183.63
pairs_8277860	1355	191.83
pairs_8354936	1378	183.91000000000003
pairs_88cdc21	1362	180.47
pairs_93a093e	1361	195.87
pairs_a93c7d4	1351	167.71
pairs_b578939	1361	188.57999999999998
pairs_b8c8784	1356	184.57999999999998
pairs_bb6991d	1368	168.4
pairs_bc26723	1374	193.35000000000002
pairs_bdb1166	1352	191.76
pairs_c3f580b	1379	195.70000000000002
pairs_c558c3a	1381	184.92
pairs_db6b6b5	1369	187.6
pairs_db88088	1373	194.71
pairs_e356b98	1340	194.19
pairs_e688dc6	1366	193.88
pairs_0076b25	237	41.54
pairs_01cca4b	175	11.02
pairs_02fd439	249	13.2
pairs_03371b8	286	54.24
pairs_0513395	145	11.620000000000001
pairs_0732a02	183	10.95
pairs_076d9c3	251	11.06
pairs_089d57d	214	10.41
pairs_0a7c8d1	255	12.23
pairs_0cbeecc	228	10.959999999999999
pairs_0d51582	265	25.5
pairs_0d8cf32	238	11.34
pairs_0dc4125	273	23.35
pairs_0e8b22f	238	13.219999999999999
pairs_0f4acaf	247	14.41
pairs_1101e1f	139	9.81
pairs_1121963	245	14.56
pairs_12c78b8	284	23.6
pairs_14156ff	273	26.95
pairs_149a111	221	13.66
pairs_15291fa	239	13.080000000000002
pairs_1a45d94	253	11.629999999999999
pairs_1b24279	236	12.399999999999999
pairs_1b383bd	266	23.95
pairs_1f64d3f	179	12.27
pairs_206ac14	215	11.05
pairs_211823a	234	11.57
pairs_2139f86	174	12.739999999999998
pairs_2a070fd	285	23.94
pairs_2a1ebe0	212	12.74
pairs_2a456c7	230	13.19
pairs_2cf10c4	185	11.41
pairs_2f6ee9b	228	10.68
pairs_30ca565	280	27.69
pairs_314aaf0	282	25.79
pairs_319fa73	261	23.41
pairs_338ad46	269	26.11
pairs_343db9f	236	11.0
pairs_360db08	246	11.280000000000001
pairs_377c606	209	10.64
pairs_39b9d9b	286	28.049999999999997
pairs_3a9dc9a	284	25.560000000000002
pairs_3ca84b0	279	23.84
pairs_3dc3c9f	259	28.520000000000003
pairs_3f74bc0	252	15.12
pairs_3f8f72b	218	11.850000000000001
pairs_40413f1	162	10.13
pairs_405c6ea	206	11.14
pairs_41bbe4c	205	10.68
pairs_423159f	199	10.37
pairs_42c345e	256	13.67
pairs_4457376	286	23.9
pairs_44e21bc	283	25.52
pairs_45128dd	261	23.75
pairs_4853462	257	23.14
pairs_4a2fbf1	267	23.95
pairs_4b7c47d	273	25.17
pairs_4bb55ed	260	25.54
pairs_4e787cf	202	12.700000000000001
pairs_4eb2c2d	214	12.53
pairs_4f3dbbf	275	26.380000000000003
pairs_521a30a	261	25.490000000000002
pairs_529a002	276	27.4
pairs_5328a7f	230	14.6
pairs_54100a6	266	26.45
pairs_5419ea8	252	14.36
pairs_54bce35	210	13.82
pairs_5561383	273	25.560000000000002
pairs_55dbae9	269	26.0
pairs_570b42c	275	23.63
pairs_5b1c789	285	26.15
pairs_5b70716	245	12.14
pairs_5c008d9	246	13.649999999999999
pairs_6006d2a	240	13.68
pairs_62a06b7	278	25.67
pairs_62e7873	260	23.7
pairs_630e521	241	13.219999999999999
pairs_652ba2c	284	26.189999999999998
pairs_660b301	168	10.75
pairs_6794438	238	11.01
pairs_68e7f5a	284	23.41
pairs_694a407	255	11.08
pairs_6bdf907	214	12.74
pairs_6c3c378	249	14.93
pairs_6cec097	259	24.4
pairs_6f6ea99	164	12.28
pairs_71fccee	224	10.61
pairs_7487f0c	251	13.780000000000001
pairs_74cee23	247	10.850000000000001
pairs_75c22e2	246	13.34
pairs_75f962d	283	27.78
pairs_7ac082f	208	11.77
pairs_7bdaea8	174	10.46
pairs_7c0047d	178	13.31
pairs_7db21f9	265	27.78
pairs_7e0a8c1	246	13.09
pairs_7e6fc76	251	11.36
pairs_81cc01e	199	12.46
pairs_83a1f02	258	23.41
pairs_8499b42	170	11.389999999999999
pairs_85eeb18	267	26.639999999999997
pairs_8603a15	237	10.690000000000001
pairs_8a67732	234	14.02
pairs_8e8e77c	283	23.57
pairs_8ea9d05	285	27.02
pairs_90647c6	212	12.399999999999999
pairs_90e45f9	237	12.790000000000001
pairs_9202a7d	275	23.85
pairs_95bbbe5	173	10.72
pairs_977b991	274	26.36
pairs_997a832	204	11.45
pairs_9ae93d6	287	28.35
pairs_9b7651f	187	10.23
pairs_9cbdc6a	270	26.28
pairs_9f47141	208	13.2
pairs_9fd7ac4	256	11.73
pairs_a0413b7	269	26.18
pairs_a0765ad	244	12.24
pairs_a13344c	210	10.5
pairs_a569a56	172	10.16
pairs_a73ad3d	194	14.100000000000001
pairs_ab1841a	248	15.34
pairs_ab778c0	251	15.11
pairs_ac7c104	277	27.85
pairs_af51490	286	24.62
pairs_afd4e8d	219	13.95
pairs_b0dc3d3	279	28.310000000000002
pairs_b0e6075	281	26.71
pairs_b11f187	258	26.490000000000002
pairs_b120851	183	13.05
pairs_b1714c3	277	26.08
pairs_b301d5e	243	14.01
pairs_b3763c3	187	13.07
pairs_b522591	244	14.18
pairs_b53e137	252	13.23
pairs_b5cf896	274	23.89
pairs_b61c130	275	26.299999999999997
pairs_b6c1b83	284	25.990000000000002
pairs_b8321f8	277	23.509999999999998
pairs_b8a523b	226	14.669999999999998
pairs_ba33d08	244	12.12
pairs_bb4add2	245	11.34
pairs_bc14969	259	23.689999999999998
pairs_bc267d3	257	24.04
pairs_bc35ea0	285	28.33
pairs_bca6d43	283	28.0
pairs_bcd060e	147	10.18
pairs_bdc1178	260	26.73
pairs_bdf3cfa	114	9.85
pairs_bf11eb4	285	23.57
pairs_c2a4e57	279	26.86
pairs_c3f416e	264	23.6
pairs_c405cdb	213	10.690000000000001
pairs_c416617	248	11.45
pairs_c528271	273	23.599999999999998
pairs_c589ab7	239	15.16
pairs_c652349	216	11.25
pairs_c71d7ef	257	26.47
pairs_cca2a86	248	14.850000000000001
pairs_cd3225e	276	23.45
pairs_ce2ee75	281	23.75
pairs_ce4696b	251	14.22
pairs_d054c1f	255	14.16
pairs_d22abcc	253	12.84
pairs_d3994b5	212	13.92
pairs_d41e696	99	9.81
pairs_d5ab192	237	13.33
pairs_d753776	278	28.25
pairs_d9f77c1	280	25.349999999999998
pairs_da37298	263	27.23
pairs_da3ee64	244	11.43
pairs_daa900a	223	12.79
pairs_dbbeffb	177	10.08
pairs_dc2981c	243	11.39
pairs_dc93926	247	10.86
pairs_dc93af8	184	10.53
pairs_dcba59e	233	11.37
pairs_ddfbd21	275	25.08
pairs_de84b45	277	23.85
pairs_df1d660	203	12.870000000000001
pairs_df7024b	137	10.120000000000001
pairs_dfa644f	284	24.11
pairs_e15dd58	274	25.21
pairs_e1fdaef	284	26.71
pairs_e29a05a	218	13.02
pairs_e2dc72a	143	10.87
pairs_e335d53	275	23.729999999999997
pairs_e389621	242	11.56
pairs_e49ea9e	240	10.940000000000001
pairs_e4c9f17	250	14.280000000000001
pairs_e5b0b6f	247	13.2
pairs_e641eb6	254	14.709999999999999
pairs_e690f6d	243	15.49
pairs_e6abdb4	285	26.23
pairs_e9af51f	139	12.19
pairs_ead8a8d	235	11.76
pairs_eb02049	275	25.83
pairs_ec23b93	262	23.51
pairs_ecf024a	250	12.68
pairs_eea68e3	227	12.35
pairs_f15c1e8	188	10.63
pairs_f19c804	215	11.200000000000001
pairs_f1c95cc	265	23.24
pairs_f2a1eed	278	25.85
pairs_f415d55	229	11.459999999999999
pairs_f54fbf1	165	10.66
pairs_f6be51b	273	24.54
pairs_f79b2ed	278	23.45
pairs_f92fa47	200	10.979999999999999
pairs_f989893	213	10.559999999999999
pairs_f9f6cb1	198	10.549999999999999
pairs_fc41477	208	12.73
pairs_fd5dd0a	270	23.55
pairs_fe88dff	256	13.85
pairs_ffdfb20	190	10.73
pairs_068248a	1823	352.21000000000004
pairs_2b26fb7	1802	318.54999999999995
pairs_416117a	1800	320.37
pairs_6b15a8a	1805	321.09
pairs_8e18ebe	1814	318.02000000000004
pairs_92eadcb	1791	320.01
pairs_9b21d0c	1815	331.32
pairs_a58e536	1793	343.95
pairs_aaf7d04	1824	317.46
pairs_ab1cd68	1809	320.34000000000003
pairs_b603ee6	1816	317.66
pairs_d24f974	1797	331.01
pairs_d97abe9	1783	317.56
pairs_d9ca122	1794	317.53999999999996
pairs_e177223	1812	317.23
pairs_efe5342	1803	354.07
pairs_f7d6682	1805	318.96
pools_2k_566d0ad	1816	345.05
pools_2k_b7ccd8e	1813	332.15000000000003
pools_2k_c8bc29c	1809	331.21000000000004
pools_2k_fb35c0c	1818	347.69000000000005
pools_4k_1e23d33	4077	1759.0
pools_4k_3f6c44f	4077	1708.0400000000002
pools_4k_4760e63	4078	1722.63
pools_4k_82bf93a	4076	1713.47
pools_4k_2bbd479	4119	2390.05
pools_4k_5ba1c3c	4120	2333.77
pools_4k_6297c00	4120	2313.04
pools_4k_d4df8be	4119	2310.23
pairs_a8a01c2	2078	540.8399999999999
pools_2k_1fb1667	2078	528.5600000000001
pools_2k_2721022	2076	544.9300000000001
pools_2k_31b571d	2075	514.99
pools_2k_340b25f	2077	524.1
pools_2k_424e601	2077	537.33
pools_2k_61fa699	2077	522.31
pools_2k_65b9ebf	2076	540.45
pools_2k_a08fa1b	2076	525.2
pools_2k_a613739	2076	544.0
pools_2k_ba4c250	2075	545.87
pools_2k_ca382a2	2078	531.28
pools_2k_e7bdca0	2077	542.83
pools_2k_ed19d5d	2076	524.36
pools_2k_eddd19f	2076	527.06
pools_2k_f2f0a7f	2076	528.4499999999999
pairs_0759807	1754	344.6
pairs_1ce2973	1757	315.46
pairs_4260d37	1775	319.89
pairs_6e2f734	1777	324.19
pairs_75c5b32	1772	340.27
pairs_7e1bcae	1767	309.82
pairs_88c0f1c	1755	322.23
pairs_9fb9c37	1763	309.38000000000005
pairs_a1af7ce	1782	345.43
pairs_b2aa0a6	1777	318.81
pairs_b786fc8	1753	312.53000000000003
pairs_c93187f	1777	321.52000000000004
pairs_ebdc802	1762	310.88
pairs_f112bbd	1766	311.34000000000003
pairs_f2dd352	1769	347.28
pairs_f3a65b2	1773	318.14
pairs_f8174ee	1778	323.88
pools_2k_0d04d10	1760	334.21
pools_2k_6ac053d	1775	344.76
pools_2k_8fa94f5	1759	310.88
pools_2k_ae88597	1778	339.8
pools_2k_ca0f91c	1760	330.35999999999996
pools_2k_e249dd1	1762	309.91
pairs_3b3810a	2059	549.6600000000001
pools_2k_0cf2e63	2059	549.81
pools_2k_1a7d140	2057	542.97
pools_2k_202460f	2059	551.3100000000001
pools_2k_25a0364	2058	519.9399999999999
pools_2k_3b38179	2058	557.67
pools_2k_4875f0d	2057	546.83
pools_2k_5ae0118	2058	518.0699999999999
pools_2k_8d8eeb5	2057	534.39
pools_2k_8ebb68e	2058	526.8000000000001
pools_2k_a0e9fad	2057	532.55
pools_2k_a7bcd83	2057	525.75
pools_2k_b81d607	2058	532.15
pools_2k_d941612	2059	553.01
pools_2k_ec16fae	2056	555.91
pools_2k_f301a1e	2058	548.53
pools_3k_3293f52	3059	873.9
pools_3k_66e0c99	3058	842.4300000000001
pools_3k_7146297	3059	859.38
pools_3k_9b92b44	3058	835.22
pools_3k_9f17067	3059	863.11
pools_3k_cf7cb6d	3059	828.48
pools_3k_da87378	3058	842.32
pools_5k_de00515	5095	3089.1200000000003
pools_5k_e78a2f4	5096	3013.14
pairs_01632be	853	123.52
pairs_022aa72	849	92.64999999999999
pairs_02bce4f	858	94.24000000000001
pairs_05aa105	851	91.9
pairs_068784a	862	94.11999999999999
pairs_0d1e332	856	87.97
pairs_0dede61	843	89.77000000000001
pairs_0fb4368	865	92.08
pairs_11e37fd	848	83.55000000000001
pairs_1489731	846	90.42
pairs_187ccbb	846	93.8
pairs_19c8242	861	91.7
pairs_1a2eb3a	862	77.67999999999999
pairs_1d7026b	864	90.67
pairs_2278782	843	78.26
pairs_22d69dd	843	89.41
pairs_23a0285	849	84.59
pairs_25a59c3	859	91.14
pairs_26295fe	845	92.21000000000001
pairs_26a8323	852	94.11
pairs_2a53452	848	83.55
pairs_2afa260	851	93.97999999999999
pairs_2f3bf4d	866	95.39999999999999
pairs_3009740	855	91.1
pairs_303616d	850	84.6
pairs_323afdf	862	89.78999999999999
pairs_33ea997	868	91.67
pairs_391b1a1	843	90.69999999999999
pairs_397e0c8	857	91.49000000000001
pairs_3c49e78	864	94.13
pairs_41a6877	853	80.33
pairs_5020940	850	86.87
pairs_5144019	851	86.36
pairs_532b6d4	847	88.31
pairs_55dedef	865	82.19000000000001
pairs_571ffa8	843	92.33
pairs_5ad4875	866	94.69
pairs_5afb586	849	94.33
pairs_5c2245b	855	91.0
pairs_5df717f	857	90.61
pairs_5fce1b0	866	93.22
pairs_62d79bf	847	88.6
pairs_65f05ee	867	91.24000000000001
pairs_689ad16	854	94.61999999999999
pairs_6a9efcd	862	83.02
pairs_6b59ac6	853	84.36
pairs_6c53a49	860	77.11999999999999
pairs_6f1c909	848	88.59
pairs_72479b3	870	94.34
pairs_754d263	858	86.46000000000001
pairs_7baa7de	859	94.11
pairs_7dcfbfc	867	94.13999999999999
pairs_81d2edb	863	94.57
pairs_81f660d	857	86.86
pairs_82d810a	857	92.42
pairs_8530f46	857	80.59
pairs_8b4c51b	858	89.62
pairs_8bc57be	870	94.62
pairs_8d6a3fd	860	94.54
pairs_8f85624	848	79.58
pairs_90fd2a7	864	77.24
pairs_92459b1	850	88.29
pairs_97aed0f	870	87.92999999999999
pairs_98a204e	855	90.6
pairs_a2759fa	865	89.7
pairs_a61c182	861	93.87
pairs_a7b284d	843	79.88000000000001
pairs_a9468c5	844	80.92
pairs_aaea5a1	867	95.15
pairs_ad79369	858	86.48
pairs_ae3e33f	868	81.7
pairs_b24ff26	861	92.56
pairs_b3f2206	858	91.23
pairs_b60b5dd	856	78.44
pairs_b76ff07	852	93.01
pairs_b7aa9c2	863	80.94
pairs_b7f5ce7	866	91.36
pairs_b81aa15	855	94.56
pairs_b96f6c1	866	85.0
pairs_bfc1d8d	869	89.88
pairs_c557ce4	843	92.92999999999999
pairs_c5f596d	870	94.57
pairs_c6c951b	868	93.19999999999999
pairs_d801702	857	84.42999999999999
pairs_d813943	848	94.06
pairs_dcd645c	847	91.28
pairs_de83890	853	76.16
pairs_e3f7c93	870	85.33
pairs_ec49fc2	849	87.74
pairs_f164847	862	93.05
pairs_f70e66b	855	83.31
pairs_f919459	844	76.78999999999999
pairs_fa961fc	850	92.0
pairs_ffedcff	869	91.17999999999999
pools_5k_9233153	5107	3128.14
pools_5k_a3c080e	5107	3088.69
pools_5k_b494537	5107	3080.2200000000003
pools_4k_0640a4e	4052	1798.21
pools_4k_6764dfd	4051	1747.8999999999999
pools_4k_ac362c1	4052	1757.92
pools_4k_b0bbbe7	4052	1732.14
pools_5k_8e81e37	5004	3157.31
pools_5k_d4d660f	5002	3059.37
pools_5k_ca7073b	5081	3117.36
pools_5k_e6e96d9	5080	3108.5099999999998
pools_3k_2adc179	3047	860.21
pools_3k_6716772	3046	853.6
pools_3k_78bd9d4	3048	827.6600000000001
pools_3k_a261b64	3047	844.59
pools_3k_a6805fe	3048	816.95
pools_3k_a9a328f	3048	835.51
pools_3k_bd70a29	3047	844.4699999999999
pairs_313a1b7	2027	343.52
pairs_4aeda65	2027	317.65
pairs_d0419da	2028	320.41
pools_2k_080b1c3	2028	341.37
pools_2k_12cfe17	2024	328.77
pools_2k_13db759	2026	347.39000000000004
pools_2k_168e074	2026	345.09000000000003
pools_2k_359bc99	2027	335.82
pools_2k_4004746	2025	338.71000000000004
pools_2k_5b57d2b	2027	346.27
pools_2k_5f432bd	2027	353.51
pools_2k_7e4ce59	2026	326.71000000000004
pools_2k_ab034ef	2026	335.62
pools_2k_bac936a	2027	352.95000000000005
pools_2k_c4a3565	2027	353.71999999999997
pools_2k_e16aed3	2025	318.82000000000005
pools_2k_e9f554f	2025	335.64000000000004
pools_2k_036e5be	2116	583.33
pools_2k_0d4ebc1	2115	554.38
pools_2k_0dfb8b9	2114	561.97
pools_2k_2463552	2115	541.11
pools_2k_3d1fae3	2116	563.13
pools_2k_3dc79dc	2116	548.4
pools_2k_5018e95	2114	554.95
pools_2k_5e9845a	2116	557.07
pools_2k_71e0ea6	2115	554.56
pools_2k_8239e1c	2114	555.98
pools_2k_a857a09	2115	548.8000000000001
pools_2k_b0f5677	2114	551.52
pools_2k_c0e2499	2116	560.7099999999999
pools_2k_d81c448	2115	538.76
pools_2k_e47fa2f	2114	562.0
pools_4k_248ec45	4071	1724.01
pools_4k_67b5c71	4072	1700.21
pools_4k_bd906c4	4073	1683.92
pools_5k_2698697	5057	3083.04
pools_5k_7174ea0	5058	3134.68
pairs_3c5c3d1	1994	349.77000000000004
pairs_b790984	1998	316.36
pairs_fa6b2e1	1995	311.43
pools_2k_0bf3995	2001	341.09
pools_2k_3b23b85	1995	347.37
pools_2k_43c2cfc	1999	351.25
pools_2k_4479860	1995	327.72
pools_2k_54e87a6	2000	329.01
pools_2k_60d1308	2000	336.97
pools_2k_a75ab6d	1995	339.87
pools_2k_b7152d5	1995	341.27
pools_2k_c7607d8	2000	333.63
pools_2k_dbcf2d7	2000	329.35
pools_2k_dc82ff9	1995	342.26
pools_2k_eaaf90d	2000	332.35
pools_2k_ed05d74	2001	344.22
pools_2k_f2c72d1	1994	327.85
pools_2k_f46d1cd	2000	338.73
pools_3k_22913f2	3073	1231.3000000000002
pools_3k_575bb6e	3073	1206.03
pools_3k_6e9f796	3075	1194.25
pools_3k_7490f08	3074	1199.74
pools_3k_9943bf7	3074	1213.04
pools_3k_9a3f31a	3075	1181.66
pools_3k_bd6e43a	3074	1201.69
pairs_00f5def	755	90.78
pairs_011a1e6	742	52.959999999999994
pairs_01e071d	741	61.17
pairs_0279dba	758	53.06
pairs_057d72f	744	60.45
pairs_05a8a9a	761	62.48
pairs_0702997	748	54.6
pairs_0baade3	742	51.92
pairs_0c3027f	755	61.09
pairs_175da4b	753	62.06
pairs_17a622b	739	60.96
pairs_17fbf74	762	62.379999999999995
pairs_19f14f3	742	61.76
pairs_1a888ad	743	61.599999999999994
pairs_1b19125	746	58.85
pairs_1b3290a	764	47.910000000000004
pairs_1c27bd3	739	60.629999999999995
pairs_1ce0a0b	764	47.440000000000005
pairs_1eb4a5e	744	53.43
pairs_220ab89	753	58.480000000000004
pairs_2289301	744	56.0
pairs_25690ed	755	60.849999999999994
pairs_25d3f05	748	59.269999999999996
pairs_27ec1cd	756	59.129999999999995
pairs_296540a	740	53.339999999999996
pairs_2bfe1f8	743	56.55
pairs_2cb0a0b	764	57.870000000000005
pairs_2e3c0d1	744	47.76
pairs_36ae004	739	50.01
pairs_3969d1c	762	58.58
pairs_3d195d1	761	62.440000000000005
pairs_40be483	747	59.209999999999994
pairs_461f5d1	763	61.46
pairs_46d03df	752	59.769999999999996
pairs_48d97ea	763	59.269999999999996
pairs_4955a43	745	50.12
pairs_4bfb4e2	765	59.480000000000004
pairs_4e66e96	741	54.65
pairs_4f6873c	747	47.989999999999995
pairs_529f300	748	51.99
pairs_52d3896	763	57.730000000000004
pairs_532efa1	742	56.32
pairs_55cf969	751	53.55
pairs_56669a3	758	55.41
pairs_5a8b6e9	746	56.03
pairs_5cecbd2	748	59.17
pairs_6007c5d	743	53.78
pairs_60eefaf	758	59.57
pairs_6344200	761	50.25
pairs_6383a60	758	59.49
pairs_687c702	752	47.410000000000004
pairs_6a9b433	744	61.81
pairs_6e9b6ea	756	60.18
pairs_701bf3f	748	47.81
pairs_732c6f4	744	58.47
pairs_7527dc3	760	61.78
pairs_766f410	751	47.64
pairs_7719345	754	61.98
pairs_7ccba80	746	62.15
pairs_7f28e0c	757	59.9
pairs_7f8db80	756	61.68000000000001
pairs_80eb557	756	47.69
pairs_822c4f2	739	61.61
pairs_83400b8	764	51.48
pairs_850e7e4	761	62.05
pairs_867f415	758	49.64
pairs_8871861	761	62.06
pairs_8ba80c0	763	54.25
pairs_8ca00fa	757	56.39
pairs_8d04f7e	740	49.44
pairs_8d69988	749	50.269999999999996
pairs_915006b	746	57.300000000000004
pairs_9d94fc0	753	60.01
pairs_9fd35ae	754	48.11
pairs_a06eaa3	750	59.29
pairs_a62fcb5	740	59.48
pairs_a794100	741	47.55
pairs_a874bd7	764	61.519999999999996
pairs_ac5fc60	753	59.07
pairs_af286ce	762	59.400000000000006
pairs_afadabc	763	57.4
pairs_b12cd0f	752	48.74
pairs_b37a244	752	49.53
pairs_b78316e	758	62.39
pairs_b975998	758	48.160000000000004
pairs_bc25c6c	756	61.41
pairs_bf12005	752	60.03
pairs_bffdbbc	743	54.35
pairs_c2c5e53	761	49.84
pairs_c30042f	760	61.65
pairs_c38f5f9	747	55.12
pairs_c5fec92	764	59.06
pairs_c6467a4	760	61.5
pairs_c7b2397	754	47.760000000000005
pairs_c8d493d	764	62.64
pairs_c9476a4	741	53.8
pairs_cb35ce4	756	56.39
pairs_cc4f2c8	765	55.7
pairs_cf6cffd	763	50.18000000000001
pairs_d328d2e	743	61.709999999999994
pairs_d6a3cca	759	51.17
pairs_da4405a	752	55.49
pairs_db8b6ab	756	47.870000000000005
pairs_dd06726	757	61.59
pairs_e3c6206	743	57.28
pairs_e84fab9	749	52.73
pairs_e9b9a7a	755	50.5
pairs_ed07803	757	58.39
pairs_ed0be62	751	62.21000000000001
pairs_ee116a1	752	60.31
pairs_ee65ddc	747	60.07000000000001
pairs_eee28fd	757	50.33
pairs_f66475d	740	47.56
pairs_f751151	755	59.4
pairs_f8b209a	757	47.88
pairs_ff006e9	759	60.95
pools_3k_2853d83	3076	1246.35
pools_3k_32ed47d	3077	1188.9099999999999
pools_3k_87e8d2e	3076	1203.13
pools_3k_aec7d90	3076	1171.16
pools_3k_d0287a0	3076	1207.95
pools_3k_edf132a	3077	1211.0800000000002
pools_3k_fe01f6d	3077	1182.8700000000001
pools_2k_07cb165	2080	556.94
pools_2k_0b1b2af	2079	548.75
pools_2k_249a102	2080	558.37
pools_2k_318955c	2080	552.21
pools_2k_3e9d5c8	2078	551.21
pools_2k_5658fad	2078	543.54
pools_2k_5683286	2078	549.6999999999999
pools_2k_5ef081a	2080	531.1700000000001
pools_2k_6473d08	2080	553.8100000000001
pools_2k_6e0e4b9	2079	547.31
pools_2k_9a47a83	2079	528.16
pools_2k_a5a2519	2079	548.17
pools_2k_b46b780	2078	546.71
pools_2k_c89e43d	2080	514.63
pools_2k_ec20018	2080	547.79
pools_2k_f9df684	2080	529.37
pairs_3e1d93f	2063	565.99
pairs_b56542b	2062	526.9
pools_2k_003c6be	2063	550.72
pools_2k_2439b99	2064	533.08
pools_2k_43c6371	2064	550.59
pools_2k_4edabca	2063	530.26
pools_2k_5617db3	2063	553.76
pools_2k_5ea27dd	2062	556.85
pools_2k_8d7c24b	2064	560.52
pools_2k_9b5e636	2063	555.89
pools_2k_ae41768	2062	539.61
pools_2k_b30cecb	2063	549.95
pools_2k_cb84e46	2064	562.8
pools_2k_ce03f2d	2064	549.36
pools_2k_ea78c18	2064	524.5699999999999
pools_2k_f99ef20	2063	554.64
pairs_52d923b	2082	567.28
pairs_9007c64	2083	528.11
pairs_b72a584	2082	528.6899999999999
pools_2k_225a356	2084	564.89
pools_2k_4d5ba68	2084	563.08
pools_2k_5b95406	2083	540.61
pools_2k_74758dc	2084	561.75
pools_2k_8b5d0bc	2082	545.31
pools_2k_9244960	2083	556.18
pools_2k_9fefb98	2084	545.59
pools_2k_a634479	2084	533.02
pools_2k_b29a31e	2083	556.83
pools_2k_c0324ab	2084	542.69
pools_2k_cb27af0	2083	555.65
pools_2k_d635f3a	2083	560.18
pools_2k_ed1f084	2083	545.26
pairs_055b542	1254	165.73000000000002
pairs_079d284	1265	139.67000000000002
pairs_0a3be36	1282	204.98999999999998
pairs_0f51372	1253	144.36
pairs_193ef6f	1260	131.41
pairs_2673e86	1260	137.2
pairs_2e7c96b	1265	143.26999999999998
pairs_2f542af	1273	133.67
pairs_311958b	1253	131.77
pairs_3669975	1285	184.0
pairs_3cd5199	1281	174.07999999999998
pairs_417c875	1264	130.37
pairs_44b656c	1259	129.5
pairs_46b30c1	1277	132.60999999999999
pairs_4a22951	1272	142.56
pairs_4e85a2a	1299	186.82
pairs_5068134	1259	135.31
pairs_5aa34d6	1279	133.32
pairs_5eea37e	1297	182.65
pairs_65e8e69	1297	179.99
pairs_6a33a85	1270	134.97
pairs_6b5939e	1252	141.19
pairs_716ab83	1283	178.69
pairs_71e26cd	1252	141.18
pairs_747ad66	1298	192.3
pairs_773b447	1279	125.96
pairs_8431190	1263	134.82
pairs_8751177	1290	192.97
pairs_8900996	1255	134.26999999999998
pairs_892746f	1299	194.07
pairs_8df248e	1283	189.82999999999998
pairs_9e82ae8	1293	191.88
pairs_9f8b86a	1280	134.55
pairs_a12c774	1252	135.34
pairs_ac7a22f	1281	177.17
pairs_b176b3c	1278	137.10999999999999
pairs_bbf2223	1264	143.4
pairs_be69eae	1288	183.62
pairs_be988db	1262	141.32
pairs_c33dda9	1284	165.76999999999998
pairs_c86f715	1291	178.0
pairs_c8e681a	1278	144.57
pairs_d42486e	1280	133.94
pairs_dc8cac3	1270	134.14
pairs_fcfe876	1269	140.37
pairs_3df7102	1952	346.58
pairs_6ed9ee4	1953	324.08
pairs_744d9f8	1956	315.96000000000004
pairs_89eb899	1962	322.78000000000003
pairs_c48b85b	1955	319.03000000000003
pools_2k_0e9ee80	1962	349.62
pools_2k_116eed7	1959	344.73
pools_2k_20b1cae	1958	331.23999999999995
pools_2k_26515b8	1966	329.16
pools_2k_278caa9	1961	334.66999999999996
pools_2k_3df32d2	1962	332.16
pools_2k_42b95a0	1959	324.54
pools_2k_63af901	1960	337.09000000000003
pools_2k_794638e	1951	345.03000000000003
pools_2k_d24fe1f	1962	346.3
pools_2k_def5b9e	1951	331.44
pools_2k_ee7b8ae	1951	320.58
pools_2k_eed07c6	1956	348.46
pools_4k_65300f5	4109	2300.7000000000003
pools_4k_72b2d1e	4109	2248.3599999999997
pools_4k_76cefc4	4108	2243.7
pools_4k_fdff45b	4110	2250.32
pools_5k_5503075	5048	3098.59
pools_5k_77aa0c7	5048	3053.04
pools_5k_4ad769b	5069	3128.82
pools_5k_87a7f81	5069	3099.8399999999997
pools_3k_3c73883	2985	869.79
pools_3k_3d4f0ea	2980	870.1500000000001
pools_3k_772a28b	2975	862.52
pools_3k_bf8ef26	2985	867.63
pools_3k_c4721bc	2977	833.88
pools_3k_e9174b5	2977	874.73
pools_4k_1bb3312	2952	845.02
pools_4k_039f98d	4117	2331.7400000000002
pools_4k_8083dcd	4116	2308.3599999999997
pools_4k_c6ac904	4117	2307.2400000000002
pools_4k_00e7be9	3933	1730.25
pools_4k_064cace	3991	1706.22
pools_4k_7505f9a	3985	1724.13
pools_4k_af6cf0d	3883	1698.1100000000001
pools_5k_4b18c4c	5108	3126.34
pools_5k_7937370	5108	3066.77
pools_5k_17dcd88	5046	3138.75
pools_5k_5e24cd9	5045	3092.9300000000003
pools_5k_69f3390	5044	3096.05
pools_5k_381d9da	5021	3108.45
pools_5k_5377acb	5022	3092.42
pools_5k_fba7473	5020	3095.27
pairs_690df9e	2029	354.45000000000005
pools_2k_0590e63	2029	344.62
pools_2k_0d9a053	2031	353.98
pools_2k_2b58306	2031	346.12
pools_2k_2ed51cb	2031	350.15999999999997
pools_2k_35d7dbe	2030	340.38
pools_2k_5c343b6	2032	350.18
pools_2k_5e25999	2029	352.55
pools_2k_621888d	2030	356.01
pools_2k_7311833	2032	352.03
pools_2k_8bc170b	2029	342.03
pools_2k_93666ad	2030	349.35
pools_2k_9f3d3c6	2031	348.96000000000004
pools_2k_a0e3284	2031	325.53000000000003
pools_2k_bd4015d	2030	350.45
pools_2k_ff1028b	2029	340.99
pools_2k_ff4349d	2030	343.7
pairs_2062201	1920	357.47999999999996
pairs_45deaf8	1916	327.26
pairs_5ec008c	1913	314.14000000000004
pairs_8a735ca	1919	341.8
pairs_9045ab4	1913	317.22999999999996
pairs_a522868	1915	316.39
pairs_b25e03d	1925	319.17
pairs_ea6f4fe	1911	317.59
pools_2k_07d5212	1915	348.06
pools_2k_0c583ff	1925	350.16999999999996
pools_2k_573566c	1914	333.31
pools_2k_89c8908	1923	346.8
pools_2k_a2e8898	1927	318.62
pools_2k_b25895c	1926	327.75
pools_2k_c53861c	1921	321.04999999999995
pools_2k_c589667	1922	335.38
pools_2k_c8b3e8a	1922	317.9
pools_2k_e82aa41	1927	311.62
pools_2k_f33ae88	1919	337.65000000000003
pools_4k_1f32eb5	4042	1757.44
pools_4k_4d1cfc1	4042	1700.6499999999999
pools_4k_6a54b6a	4041	1698.63
pools_4k_8c3b80a	4041	1725.95
pools_2k_1a8e33b	2082	588.3299999999999
pools_2k_2a72f5d	2081	552.85
pools_2k_2e5465e	2081	563.51
pools_2k_3d23bc3	2081	558.47
pools_2k_6da193c	2080	560.38
pools_2k_992dec3	2081	545.16
pools_2k_a64e9cf	2080	563.14
pools_2k_b10cae2	2082	564.64
pools_2k_bdd1a47	2081	558.47
pools_2k_d48e88d	2081	544.15
pools_2k_d7c87b9	2082	548.23
pools_2k_de30fcb	2081	541.78
pools_2k_f5e790f	2081	545.88
pools_2k_f7e13ce	2081	547.67
pools_2k_f92234c	2081	528.8100000000001
pools_5k_30570d1	5036	3024.4900000000002
pools_5k_d5aca5d	5034	3026.12
pools_3k_2982b8d	3116	1217.94
pools_3k_30c63df	3115	1174.1599999999999
pools_3k_3929ffe	3116	1196.95
pools_3k_5a0dff4	3116	1192.24
pools_3k_826d899	3116	1190.04
pools_3k_9a41c88	3117	1178.8000000000002
pools_5k_2f0eaa5	5101	3036.62
pools_5k_3cc131f	5100	2998.9900000000002
pools_2k_0d3a886	2043	374.94
pools_2k_41e2f47	2043	347.11
pools_2k_428c946	2043	341.46
pools_2k_6b250cc	2043	335.35
pools_2k_736b57c	2042	338.90000000000003
pools_2k_74209b3	2043	337.70000000000005
pools_2k_94652ad	2044	332.09000000000003
pools_2k_9ea8a20	2043	341.14
pools_2k_a974b27	2044	339.91
pools_2k_b35ab6d	2043	346.03000000000003
pools_2k_b3bb645	2045	340.49
pools_2k_b4497d3	2042	349.59
pools_2k_bdf0e73	2045	332.92
pools_2k_be414ce	2044	316.95
pools_2k_cac99c8	2044	340.53999999999996
pools_2k_cd6d0a6	2043	335.98
pools_2k_d1f5fa2	2043	337.34000000000003
pools_3k_3afa35a	3049	880.9200000000001
pools_3k_5f3da6b	3049	810.27
pools_3k_8771463	3050	836.7
pools_3k_9131b5f	3050	834.65
pools_3k_9aaa209	3050	800.3000000000001
pools_3k_a5f15f4	3050	851.77
pools_3k_bb556d7	3049	902.64
pools_4k_024dab7	4084	1773.57
pools_4k_4242ea6	4085	1727.76
pools_4k_787cea2	4085	1755.44
pools_4k_db89907	4084	1752.0
pools_4k_5b8aaea	4058	1772.6699999999998
pools_4k_75c0a5c	4056	1771.11
pools_4k_9033c46	4058	1752.83
pools_4k_bdc06e2	4055	1716.96
pools_5k_363e879	5101	3078.95
pools_5k_a0067bf	5102	3079.2200000000003
pools_3k_01d6799	3118	1296.12
pools_3k_165eba7	3117	1226.75
pools_3k_383f957	3117	1253.01
pools_3k_4bbec04	3118	1236.46
pools_3k_592f3ed	3118	1223.28
pools_3k_9ccf944	3119	1250.21
pools_3k_d8f1a8f	3118	1253.09
pools_4k_248ce56	4068	1758.23
pools_4k_76158c8	4068	1723.8000000000002
pools_4k_a3a664f	4068	1743.71
pools_4k_a42c6b4	4068	1741.75
pairs_80fd940	1983	355.09
pairs_d48b618	1981	320.17
pairs_e565886	1980	326.57
pools_2k_22b6eed	1980	343.67
pools_2k_33ec5d2	1980	361.76000000000005
pools_2k_375a642	1984	355.96000000000004
pools_2k_4d27146	1981	361.99
pools_2k_50c5cc1	1980	338.16
pools_2k_58ba56c	1984	358.71
pools_2k_88de846	1986	359.07
pools_2k_93398e8	1977	343.5
pools_2k_94a7822	1979	331.92
pools_2k_a27d79e	1977	353.84
pools_2k_adf9d8e	1980	344.58000000000004
pools_2k_ccda8e2	1980	330.26
pools_2k_da8d5cf	1985	354.32
pools_2k_e55f824	1983	347.16999999999996
pools_2k_f277780	1984	361.70000000000005
pools_4k_2bf8ee7	4034	1778.8700000000001
pools_4k_5581561	4034	1734.52
pools_4k_d35a488	4035	1697.26
pools_4k_ff762e0	4034	1727.33
pools_5k_35241fa	5056	3092.04
pools_5k_66b8132	5056	3076.21
pools_5k_ec8905f	5057	3053.61
pairs_00f9dad	885	106.75999999999999
pairs_038414d	873	87.89
pairs_0400d30	888	74.91999999999999
pairs_04b4c89	892	86.88
pairs_07632f7	877	84.67
pairs_08bad05	887	77.59
pairs_0be69e5	882	75.06
pairs_0cde6e6	883	74.81
pairs_2161f6a	873	87.69
pairs_25fecaf	889	90.8
pairs_2715ea7	888	85.28
pairs_296479c	893	82.05000000000001
pairs_2b51f6e	878	89.5
pairs_2d6215b	888	83.5
pairs_31bf7dc	877	91.77
pairs_3281d58	884	78.28999999999999
pairs_37dff47	880	79.81
pairs_398fd0b	871	90.56
pairs_3c431ad	878	74.00999999999999
pairs_3cda0f7	892	89.13999999999999
pairs_3f3f07e	877	78.63
pairs_4087569	876	90.19
pairs_4ae4ebb	883	88.47999999999999
pairs_4edf1cb	873	91.13
pairs_519630f	889	91.1
pairs_53fc8dd	876	88.16
pairs_5413a9a	876	83.28999999999999
pairs_56ebc26	895	84.25999999999999
pairs_585a330	887	90.25
pairs_58dc2ee	883	91.31
pairs_60d3bef	870	88.27000000000001
pairs_60ea2b0	894	91.22999999999999
pairs_6884c15	872	75.66
pairs_6af014a	880	83.49
pairs_701497c	874	75.23
pairs_7590bbd	875	78.0
pairs_7776127	882	90.94000000000001
pairs_781cd0e	890	89.92999999999999
pairs_78e1e1e	890	91.97
pairs_8231d7e	881	74.48
pairs_834ca8d	897	75.6
pairs_839fcd2	881	89.98
pairs_886a677	878	87.83
pairs_8addfd7	871	91.47999999999999
pairs_8be9b2b	883	87.34
pairs_8bf9156	893	90.63999999999999
pairs_8c7e159	874	87.75
pairs_91d8837	886	75.0
pairs_9601647	895	89.38
pairs_98a331c	894	83.27
pairs_9f81719	878	75.19999999999999
pairs_a35dcf2	892	90.97
pairs_a508b1c	889	81.02
pairs_a7811ce	896	91.41
pairs_a861d7f	893	91.84
pairs_a97f38d	881	90.00999999999999
pairs_ab366fb	897	80.17999999999999
pairs_ad71a01	872	88.53
pairs_af763ed	887	91.94
pairs_af79945	891	89.78999999999999
pairs_b02a20e	893	74.69
pairs_b5d5567	881	91.6
pairs_bd6cfec	879	89.42
pairs_c23215d	888	77.47999999999999
pairs_c458f2e	886	86.60000000000001
pairs_c477cc4	885	80.10000000000001
pairs_c51788e	878	85.42
pairs_c5c7bfe	873	88.25
pairs_c8ab576	872	90.15
pairs_cc1c375	887	89.35000000000001
pairs_ced2989	894	88.50999999999999
pairs_d08ce17	887	87.36
pairs_d10ccd8	878	79.80000000000001
pairs_d4a41c7	875	74.49
pairs_d9f8f13	895	84.74
pairs_db66632	877	85.06
pairs_dcf1ad6	871	76.94
pairs_de969b1	878	88.47999999999999
pairs_e245020	888	91.1
pairs_e3a30ee	878	74.35000000000001
pairs_e71757f	872	74.42
pairs_e7bead5	891	88.26
pairs_e87fd23	891	81.58999999999999
pairs_f2848ff	872	85.73
pairs_f57d562	881	87.61
pairs_f61b2c2	877	76.9
pairs_f77d271	891	88.97
pairs_fcf2e5c	893	87.48
pairs_fd363a9	890	88.85
pairs_ff600d9	882	86.28
pools_5k_099e93d	5070	3146.46
pools_5k_ea7d7a8	5070	3105.86
pools_4k_2d2326e	4069	1719.0
pools_4k_7a13b38	4069	1727.27
pools_4k_d3a267c	4069	1706.02
pools_4k_d967c7d	4070	1725.48
pairs_08e6248	1867	343.62
pairs_1f7f0f7	1893	314.67999999999995
pairs_3667df7	1882	312.5
pairs_627443b	1885	318.43
pairs_8940fd5	1889	309.9
pairs_8a7a17f	1887	310.9
pairs_aa11729	1873	313.86
pairs_aceecc6	1894	340.28000000000003
pairs_d3ee48c	1884	312.72
pairs_e3d23b8	1870	309.83
pairs_e7a61f4	1876	316.44
pairs_f5bf9f8	1881	324.48
pairs_f90f67d	1894	314.68
pools_2k_60f39b1	1870	334.29
pools_2k_620d330	1883	334.18
pools_2k_9b596ec	1864	347.33000000000004
pools_2k_b332bcf	1877	316.19
pools_2k_da13985	1893	325.59
pools_2k_df9e9ba	1884	342.83000000000004
pools_2k_f6c6343	1880	321.18
pools_5k_28fab1c	5039	3085.96
pools_5k_58858cb	5039	3096.18
pools_5k_724fb92	5038	3091.13
pairs_0092129	342	59.29
pairs_01b3c2c	351	31.700000000000003
pairs_0512a6f	357	25.0
pairs_0626f0a	355	29.340000000000003
pairs_084a625	343	31.020000000000003
pairs_0863b06	351	29.67
pairs_08b8b19	342	27.53
pairs_0a42381	350	25.31
pairs_0a5b256	350	30.6
pairs_0ad5fbe	369	32.85
pairs_0b06dfb	339	29.44
pairs_0ce8efa	363	25.93
pairs_0d40410	358	27.52
pairs_0f2163c	371	28.23
pairs_118a44e	341	31.21
pairs_15dc830	339	31.32
pairs_1602631	359	25.18
pairs_1629a8f	372	27.38
pairs_16c35b2	344	25.29
pairs_1705cbc	349	28.22
pairs_19baa67	342	29.93
pairs_19ec628	373	30.88
pairs_1bc4757	365	30.72
pairs_1ce7b03	349	27.91
pairs_1d28fdc	350	27.29
pairs_1e66a16	350	32.17
pairs_1ed1ccc	350	31.61
pairs_1f764ed	371	28.85
pairs_209c2d3	372	27.09
pairs_20a5fe1	364	31.49
pairs_2228014	367	26.34
pairs_22a22e5	340	30.27
pairs_231da38	353	29.39
pairs_247bd74	346	26.560000000000002
pairs_25afa18	352	32.26
pairs_2652b24	361	31.58
pairs_27ff777	369	25.46
pairs_2841cdc	357	29.18
pairs_299a2dd	350	25.32
pairs_2ac94a7	373	25.669999999999998
pairs_2b2ab0c	365	25.25
pairs_2b52898	362	29.17
pairs_2bd7ab8	374	27.599999999999998
pairs_2c796f8	342	25.099999999999998
pairs_2e2c0a9	364	31.29
pairs_3061ada	362	27.700000000000003
pairs_32cec31	349	30.020000000000003
pairs_32e543e	348	31.07
pairs_364e723	356	31.729999999999997
pairs_384ba76	365	30.119999999999997
pairs_3a0579a	360	29.240000000000002
pairs_3af149e	347	25.3
pairs_3b042bf	346	30.63
pairs_3b55066	351	27.159999999999997
pairs_3c337ba	346	26.99
pairs_3cf5863	361	30.04
pairs_3d33296	357	32.09
pairs_3ded785	370	31.049999999999997
pairs_3e0bd19	351	28.910000000000004
pairs_3eb307b	339	29.85
pairs_3fb84c4	360	28.09
pairs_410516f	368	30.93
pairs_4192188	364	27.25
pairs_4353f1f	370	28.020000000000003
pairs_45c7e35	365	27.74
pairs_46339b3	370	31.869999999999997
pairs_4796d0b	366	25.43
pairs_4865fcd	352	25.59
pairs_4affe33	363	30.580000000000002
pairs_4b5ca43	356	29.79
pairs_4cd602c	351	30.689999999999998
pairs_4f28fcb	354	27.98
pairs_52b98b8	371	29.84
pairs_534b548	354	29.99
pairs_534f1c5	364	31.689999999999998
pairs_55e99bb	368	27.909999999999997
pairs_5686c3d	373	26.93
pairs_56b5cda	354	31.61
pairs_581ee1f	367	30.32
pairs_5962f01	341	28.03
pairs_5c2d830	347	25.41
pairs_5e6ce9b	360	30.94
pairs_5f01c08	360	28.15
pairs_612ca18	344	27.7
pairs_6919124	371	33.13
pairs_6b88813	343	28.880000000000003
pairs_6c568bf	340	28.33
pairs_6cc69a5	362	31.33
pairs_6cf245f	339	28.5
pairs_6e014ac	351	28.810000000000002
pairs_700bfc4	344	28.450000000000003
pairs_725a2c4	370	30.9
pairs_72ae9fa	345	28.9
pairs_747f546	370	29.44
pairs_7601cc8	361	27.61
pairs_775f184	360	27.990000000000002
pairs_78bb309	359	25.27
pairs_790f7b1	357	30.61
pairs_7abc3e2	369	31.630000000000003
pairs_7cbb929	350	27.76
pairs_7e4397e	358	30.33
pairs_7e9b83a	365	28.17
pairs_7f39b50	373	28.900000000000002
pairs_8008d39	359	28.29
pairs_80e718b	354	25.689999999999998
pairs_812d14f	346	32.18
pairs_8188a0d	365	31.700000000000003
pairs_82a68df	374	27.68
pairs_82ab834	344	28.31
pairs_8a7d993	360	25.54
pairs_8b0df9f	364	25.76
pairs_8ec6858	346	26.009999999999998
pairs_8fd90c3	352	30.33
pairs_9072a26	368	31.740000000000002
pairs_92e1879	360	32.31
pairs_931e18b	358	25.330000000000002
pairs_9348f36	355	25.32
pairs_9405cb0	342	25.189999999999998
pairs_959bde1	370	28.459999999999997
pairs_96a44f6	364	27.220000000000002
pairs_9745424	348	28.189999999999998
pairs_9873b7d	355	25.38
pairs_987ab8a	369	27.439999999999998
pairs_99baac8	355	27.85
pairs_99ffe53	348	31.66
pairs_9a93872	369	31.6
pairs_9a9fd6c	367	28.65
pairs_9bc8447	371	31.07
pairs_9d1890f	362	25.97
pairs_9d291fa	347	29.14
pairs_9dd0262	345	27.25
pairs_9ffb48e	351	29.0
pairs_a0fc0d6	348	28.840000000000003
pairs_a395ff5	344	28.38
pairs_a63fa8f	354	27.689999999999998
pairs_a8211c0	346	31.9
pairs_ab8910d	350	25.11
pairs_abc9bfb	352	25.6
pairs_ac082ef	364	28.029999999999998
pairs_ad14c6e	356	25.080000000000002
pairs_af1f128	368	28.36
pairs_af9d29e	358	29.21
pairs_affa69f	353	30.84
pairs_b0f61d5	371	33.07
pairs_b276b37	373	31.910000000000004
pairs_b35c4e8	363	27.990000000000002
pairs_b3dae27	365	29.1
pairs_b50857e	339	30.82
pairs_b5a0836	354	31.169999999999998
pairs_b950e15	345	31.189999999999998
pairs_ba79906	357	29.520000000000003
pairs_bb8a01d	346	27.7
pairs_bc10a92	345	25.08
pairs_be76a4d	343	27.869999999999997
pairs_bf285bd	374	29.520000000000003
pairs_bfca262	353	28.83
pairs_c1d0f7d	364	27.31
pairs_c34378a	368	33.01
pairs_c3e5c4c	342	28.7
pairs_c4188e0	363	30.92
pairs_c9c29f6	359	25.4
pairs_cb904f2	373	25.42
pairs_cc15980	361	25.23
pairs_cc472ea	355	32.35
pairs_cc624c1	340	28.330000000000002
pairs_d017830	358	27.14
pairs_d04097c	361	29.33
pairs_d3ae760	355	30.35
pairs_d4583e1	374	32.900000000000006
pairs_d45c7e4	353	27.7
pairs_d4eab2c	352	30.18
pairs_d626fe5	349	27.18
pairs_d70c84f	350	29.89
pairs_d80ade2	351	25.19
pairs_d86e464	373	29.72
pairs_d90d9c3	349	25.76
pairs_da3a9bb	360	27.59
pairs_dc88f96	348	29.95
pairs_dcff713	371	28.79
pairs_de08082	371	25.48
pairs_dea949b	359	25.32
pairs_e07067d	360	25.99
pairs_e532f2e	370	25.42
pairs_e539a35	350	32.269999999999996
pairs_e5b91dc	351	24.82
pairs_e70e9b0	356	28.3
pairs_e85aaf6	344	30.53
pairs_e8fed47	366	30.0
pairs_e940d78	364	31.880000000000003
pairs_eaa786e	347	25.240000000000002
pairs_eaf7cce	360	29.92
pairs_ec3f82e	345	25.79
pairs_ec45957	342	30.299999999999997
pairs_ed8f9c2	343	27.12
pairs_ef4bc14	359	31.1
pairs_efdd5cb	341	27.830000000000002
pairs_efe7d43	362	27.85
pairs_f09a37a	359	32.32
pairs_f2245b9	345	25.57
pairs_f22e438	365	26.630000000000003
pairs_f327f2b	361	25.21
pairs_f333579	343	25.14
pairs_f37dd94	358	28.080000000000002
pairs_f4d521b	359	27.630000000000003
pairs_f5aacc6	338	29.049999999999997
pairs_f5bdfc6	359	30.880000000000003
pairs_f5e2c33	344	32.239999999999995
pairs_f673ffe	348	31.02
pairs_f70323b	356	27.43
pairs_f8246a2	345	28.01
pairs_fa8db2c	357	25.869999999999997
pairs_fb9564e	360	26.520000000000003
pairs_fd7d3ac	349	30.200000000000003
pairs_fecb451	354	31.01
pairs_01e0272	1698	373.54999999999995
pairs_09f0925	1640	321.65999999999997
pairs_18c7f8a	1663	340.63
pairs_207b706	1668	323.6
pairs_3309987	1653	313.06
pairs_4d5b9f4	1701	350.58
pairs_4f8cb35	1676	349.37
pairs_5064f04	1680	348.15000000000003
pairs_5e48308	1689	346.83
pairs_67e9f72	1641	328.21999999999997
pairs_6d7b6bf	1693	312.53
pairs_7137f97	1678	312.39
pairs_840f2b1	1655	347.43
pairs_98c6bf9	1682	337.98
pairs_a305c61	1653	312.45
pairs_a8db747	1659	317.90000000000003
pairs_c84d777	1696	314.13
pairs_ebe7684	1669	326.06
pairs_f11a364	1685	324.36
pools_2k_256e003	1698	339.07
pools_2k_5beb2e2	1641	344.03
pools_2k_7109d13	1654	329.74
pools_2k_92ab815	1669	344.38
pools_2k_a544bd5	1637	330.34
pools_2k_b444820	1676	323.23
pairs_06e4bd1	2060	546.84
pairs_14ccfa8	2062	519.79
pairs_8f8e8bf	2062	526.95
pools_2k_0a03822	2061	528.59
pools_2k_25c978b	2060	544.91
pools_2k_26cd837	2061	555.02
pools_2k_35aa0f2	2062	544.04
pools_2k_5396c7c	2062	538.22
pools_2k_6a47a36	2062	529.45
pools_2k_718c724	2060	545.64
pools_2k_89b7507	2061	543.95
pools_2k_997c119	2062	550.87
pools_2k_9c2d435	2062	536.6
pools_2k_a3e9827	2060	549.33
pools_2k_c975e6d	2060	555.9
pools_2k_eb13737	2061	542.65
pools_5k_270962a	5082	3031.2
pools_5k_88f4564	5084	3009.5800000000004
pools_5k_95d1217	5082	2985.0899999999997
pairs_36f4f16	2019	355.18
pairs_8166e66	2018	318.25
pairs_b1ccc51	2021	344.53999999999996
pairs_dad3d87	2019	318.08
pairs_f269259	2020	315.64
pools_2k_40dc6b3	2021	328.78
pools_2k_461c961	2020	354.05
pools_2k_49c2efe	2018	347.43
pools_2k_519194b	2020	326.9
pools_2k_6501558	2018	345.07
pools_2k_78644b3	2020	338.59000000000003
pools_2k_8b1ae36	2021	334.15
pools_2k_b3fdd0f	2019	346.55999999999995
pools_2k_d3a455f	2018	324.93
pools_2k_dbb2f3d	2018	340.34000000000003
pools_2k_dfee848	2020	346.76
pools_2k_f83c7a3	2019	336.83
pools_2k_0634dc1	2069	558.88
pools_2k_1435a31	2068	540.84
pools_2k_243fb95	2069	548.53
pools_2k_29f7052	2068	551.24
pools_2k_41c0746	2069	538.06
pools_2k_5516d5f	2068	528.4300000000001
pools_2k_7aca315	2070	549.31
pools_2k_a5b8124	2070	538.59
pools_2k_a8a35e1	2069	545.8199999999999
pools_2k_ba9d798	2069	535.99
pools_2k_c5de471	2068	529.87
pools_2k_c6381b4	2068	541.84
pools_2k_d779eec	2069	541.1
pools_2k_f15155a	2068	526.48
pools_2k_f53cd80	2069	540.41
pools_2k_f98ad8a	2069	547.21
pairs_03ad2a9	1326	215.46
pairs_0442d6d	1326	181.43
pairs_0b6ff5a	1312	179.27
pairs_15aff21	1335	176.83
pairs_17ab152	1301	176.57999999999998
pairs_250a2ce	1313	176.67
pairs_26b172d	1319	177.36
pairs_2b0c635	1311	179.45999999999998
pairs_2d90515	1331	190.66
pairs_318db3e	1327	182.95
pairs_38d3f1e	1319	191.39999999999998
pairs_3e37f90	1336	182.68
pairs_3efa764	1303	190.92000000000002
pairs_3f87e06	1306	165.30999999999997
pairs_415803c	1319	179.07999999999998
pairs_475319a	1309	165.74
pairs_4f6d5b9	1320	182.11
pairs_4fc861f	1306	183.6
pairs_5127653	1332	176.63
pairs_5e276f9	1320	189.76
pairs_6d5b3ea	1334	180.63
pairs_743b0ab	1321	190.19
pairs_7b8a22a	1337	177.12
pairs_82e75c0	1299	186.29000000000002
pairs_9bde1d8	1302	182.76999999999998
pairs_a1ca80a	1306	183.17
pairs_a4f97d2	1327	176.74
pairs_a8d4799	1318	189.07999999999998
pairs_b083f74	1300	173.63
pairs_b2daf7e	1322	177.99
pairs_b3409ba	1323	179.66
pairs_bc79707	1321	176.74
pairs_bfdabf2	1309	177.75
pairs_cc4e1f7	1337	178.17999999999998
pairs_cf53d34	1301	185.72
pairs_de33143	1318	189.31
pairs_e22606e	1320	190.88
pairs_e2efa39	1333	190.79000000000002
pairs_e57ca5d	1324	182.5
pairs_eeeeaa5	1339	190.13
pairs_fe0e3cf	1332	189.32999999999998
pools_5k_8705466	5034	3119.94
pools_5k_c8aab5e	5034	3078.5299999999997
pools_5k_d92a11e	5034	3048.63
pools_3k_29dee01	3012	880.85
pools_3k_2a51346	3012	856.37
pools_3k_420bc6e	3010	835.38
pools_3k_4d5331d	3010	861.0999999999999
pools_3k_5a06094	3010	847.28
pools_3k_5ca916b	3012	872.27
pools_3k_746192e	3009	850.31
pools_3k_bc65552	3011	876.63
pools_4k_0137279	4075	1751.99
pools_4k_0de8a01	4074	1708.56
pools_4k_4c5cdae	4075	1726.27
pools_4k_921f833	4073	1706.36
pools_5k_15fda8d	5111	3101.66
pools_5k_5a6844e	5111	3076.38
pools_5k_fc6d21b	5110	3076.51
pools_3k_1665408	3107	1267.48
pools_3k_3b6f2f7	3104	1229.0700000000002
pools_3k_7a358b4	3107	1225.3600000000001
pools_3k_c0645f6	3106	1216.8899999999999
pools_3k_c702ab9	3106	1217.0200000000002
pools_3k_cb66adc	3104	1215.9099999999999
pools_3k_d0b899f	3104	1215.77
pools_2k_1d1e3e6	2032	365.43
pools_2k_1f3d8ee	2036	346.14
pools_2k_1fb2cf3	2035	336.16
pools_2k_2110258	2034	339.76
pools_2k_212b01e	2033	338.49
pools_2k_3194ed4	2036	350.33000000000004
pools_2k_38dbd24	2036	344.44000000000005
pools_2k_43dcf79	2034	332.0
pools_2k_5648343	2033	347.76000000000005
pools_2k_703e15c	2035	346.87
pools_2k_7074b29	2033	343.5
pools_2k_741f715	2035	338.5
pools_2k_74aedea	2034	336.59999999999997
pools_2k_dcdafae	2034	345.94
pools_2k_ed5eb49	2034	314.82
pools_2k_f5e7e90	2035	332.39
pools_5k_436b6d4	5104	3019.5
pools_5k_723ec54	5103	3002.12
pools_4k_261f03d	4096	1771.49
pools_4k_8f2809e	4096	1715.16
pools_4k_94520e0	4096	1768.51
pools_4k_e37ddb4	4096	1735.6
pools_3k_1278486	3051	890.15
pools_3k_23e6d8f	3054	851.1999999999999
pools_3k_490313b	3051	826.77
pools_3k_4d14b65	3050	847.99
pools_3k_51b0607	3050	858.13
pools_3k_9455f56	3052	839.38
pools_3k_b10ca90	3054	842.47
pools_5k_206e787	5026	3009.8799999999997
pools_5k_ec497a9	5027	2982.44
pairs_04fce42	916	117.28
pairs_0a4b12b	902	91.4
pairs_0d97b63	898	84.75
pairs_1232df0	915	87.31
pairs_13cd227	913	89.28
pairs_1b01df0	921	79.42
pairs_1b82b58	899	88.12
pairs_21c2cdf	917	85.9
pairs_2310031	920	84.89
pairs_239ba93	907	87.16
pairs_2aa9ec4	907	92.85
pairs_2bfaca5	912	82.17
pairs_2e457ce	923	90.36
pairs_318bdfa	918	75.84
pairs_321b43d	912	92.9
pairs_388f867	923	86.63
pairs_41af73d	917	83.17
pairs_41cd8eb	906	90.00999999999999
pairs_456bb89	912	80.07000000000001
pairs_472ebda	904	84.60000000000001
pairs_474e4b7	919	92.42999999999999
pairs_4bf0bd9	907	77.2
pairs_4cc0db0	908	93.84
pairs_4d9faba	906	90.09
pairs_52a763f	911	93.49
pairs_55bae3e	899	84.67
pairs_58bf1cd	901	95.44
pairs_5c9b152	910	89.99000000000001
pairs_5d1e35c	917	90.00999999999999
pairs_5e1c28a	912	92.27000000000001
pairs_6084e54	919	90.86
pairs_6089754	914	90.92
pairs_6256926	909	90.75
pairs_627770d	922	93.19
pairs_642c621	922	90.89
pairs_65ae3fc	903	88.39
pairs_6bb3cc6	918	84.75999999999999
pairs_6f23b83	921	93.86
pairs_70111f3	897	87.9
pairs_73d9bc7	900	75.28
pairs_74e8ed6	910	82.88
pairs_7a996c6	900	76.58000000000001
pairs_7ccb045	900	91.19
pairs_7ff10a2	898	80.56
pairs_80d925b	913	93.4
pairs_817a6dc	921	75.1
pairs_8311ed7	922	94.13
pairs_8416e37	920	75.15
pairs_89eeee0	902	84.24
pairs_8add288	912	76.27
pairs_916b51c	916	94.60000000000001
pairs_92f285c	918	89.22
pairs_96a9aab	916	91.38999999999999
pairs_9a78b08	915	81.87
pairs_9cf240d	910	91.2
pairs_a05e3aa	897	91.89999999999999
pairs_a32b7a5	923	91.23
pairs_a386ab4	898	91.97
pairs_a3e416e	904	92.83
pairs_a6394da	908	91.99
pairs_a7ce501	918	92.44
pairs_ac2f5ff	924	80.97
pairs_b36ced0	918	83.57
pairs_b47c419	917	75.32
pairs_c3241db	907	92.59
pairs_c5b4053	898	92.57
pairs_c7660f4	914	90.27
pairs_d32642d	912	91.02
pairs_d3c4a94	916	87.82
pairs_dae2d81	922	90.03999999999999
pairs_e3c81f8	907	78.85
pairs_e547904	921	86.55
pairs_e72ece7	906	82.02
pairs_eb716c5	920	85.03
pairs_ed1c01c	916	85.87
pairs_edd918b	913	90.88
pairs_eeba8b5	917	90.98
pairs_f2aee96	911	92.47999999999999
pairs_f381b52	924	80.63
pairs_f68a736	903	93.53
pairs_f97baf0	911	87.0
pairs_f9a6ffa	901	76.99
pairs_fa6f3cc	912	93.02
pairs_ff0582e	906	89.24
pools_2k_678cdfd	914	89.72999999999999
pairs_6a76180	2012	350.37
pairs_d3faac3	2011	327.01
pairs_fa56654	2013	319.13
pools_2k_10c16e1	2011	316.81
pools_2k_22d4d4a	2013	356.28
pools_2k_305ebc4	2010	344.62
pools_2k_512a3f7	2011	341.97
pools_2k_6ec43fe	2010	356.4
pools_2k_7b6561a	2011	342.21000000000004
pools_2k_94e878f	2014	341.82
pools_2k_b6c2ef9	2011	326.57000000000005
pools_2k_bbd7352	2010	323.13
pools_2k_cf2593c	2010	312.97
pools_2k_e51f1a1	2010	343.58000000000004
pools_2k_e67a937	2012	337.60999999999996
pools_2k_f98b1d9	2012	352.23
pools_2k_ff4fc27	2013	341.17
pairs_fd1bb77	2729	823.21
pools_2k_8fd491b	2736	808.75
pools_3k_3a43c54	2777	828.76
pools_3k_4c8a9ee	2830	827.1999999999999
pools_3k_86ede7d	2842	825.52
pools_3k_c158640	2723	783.5
pools_3k_c707667	2841	838.28
pools_3k_dbb6fd1	2838	827.8599999999999
pools_4k_040a2cb	4000	1757.87
pools_4k_3006826	3993	1753.35
pools_4k_58a7030	4001	1760.72
pools_4k_dc87d59	4000	1754.59
pairs_05ca090	1944	349.31
pairs_14dc85a	1950	332.65
pairs_2563f2c	1941	317.41999999999996
pairs_34fd144	1951	321.27
pairs_5d92cca	1946	322.58
pairs_a7fe28f	1943	320.75
pairs_bdb04dd	1942	319.46999999999997
pairs_c5d05a4	1948	329.84
pairs_d1b24d5	1942	320.88
pairs_d55e016	1951	316.14000000000004
pools_2k_063d404	1951	350.91
pools_2k_0ef6b3f	1951	339.19
pools_2k_32e786b	1943	336.09000000000003
pools_2k_448ad12	1948	357.08000000000004
pools_2k_691f39f	1943	341.66
pools_2k_7926186	1941	336.45
pools_2k_848935e	1942	349.58
pools_2k_c0da2d5	1945	336.42999999999995
pools_2k_fe03108	1950	334.17
pools_5k_223b242	5077	3119.96
pools_5k_bbbce85	5075	3102.11
pairs_05ff5c0	793	117.26
pairs_0b4d54b	796	73.05999999999999
pairs_0b85132	793	84.94
pairs_12c3171	811	84.39
pairs_159c225	793	77.47999999999999
pairs_174f2e2	800	88.74
pairs_18cb47e	805	88.75999999999999
pairs_1e2b83f	798	78.57000000000001
pairs_1e644d6	800	79.22
pairs_2033eeb	804	88.58999999999999
pairs_206351a	794	87.03
pairs_2b2cf23	799	84.9
pairs_2b345f9	813	85.64
pairs_2c051ef	808	87.7
pairs_2db24cb	798	85.0
pairs_2f1d821	800	88.57
pairs_307742b	813	76.65
pairs_313daaa	812	88.10999999999999
pairs_33cfaef	803	85.44
pairs_34a1159	809	76.78
pairs_3528e7b	793	85.38
pairs_3858b41	810	73.96000000000001
pairs_3920e77	795	76.38000000000001
pairs_39856f6	795	87.10000000000001
pairs_451c60a	804	78.1
pairs_473ff8f	793	73.28999999999999
pairs_4868744	796	88.28
pairs_49f70a5	792	87.25999999999999
pairs_4a01405	811	85.49
pairs_4d38638	809	88.03
pairs_4e78924	802	74.14999999999999
pairs_4f3113b	796	87.8
pairs_4f60539	809	79.45
pairs_54e9976	808	81.14
pairs_5742180	797	75.01
pairs_574a8e9	803	87.42
pairs_5787bb2	802	87.38
pairs_5decbca	796	73.41
pairs_6595ccf	798	87.24000000000001
pairs_6885b15	811	74.64000000000001
pairs_6919e5c	811	81.22
pairs_6c76ebb	800	73.82
pairs_6ed6aa2	796	88.35
pairs_7646fb0	807	85.25999999999999
pairs_7a6afeb	798	88.29
pairs_7b64776	796	86.0
pairs_818fd48	797	85.08000000000001
pairs_82331c5	810	87.88000000000001
pairs_827343a	804	85.24
pairs_839fd38	803	89.22999999999999
pairs_85d903b	812	88.03
pairs_87c7914	800	88.26
pairs_8aaa1d9	812	82.82
pairs_8b0bc73	802	79.16
pairs_8cfa2cc	801	73.44999999999999
pairs_8e9bd60	794	77.85000000000001
pairs_8fa8100	810	86.74
pairs_8fc6316	799	88.5
pairs_9232484	812	87.49
pairs_a459bd8	792	84.75
pairs_aa2983a	813	73.60000000000001
pairs_abcd5e6	798	74.00999999999999
pairs_afe2c97	805	76.11
pairs_b34121b	801	82.44000000000001
pairs_b52c408	804	85.1
pairs_b64e0d8	808	79.87
pairs_b6f30d4	808	88.05
pairs_b8d5ee0	798	86.72
pairs_b9e77ad	810	75.82000000000001
pairs_baac267	799	85.6
pairs_bf92882	814	75.37
pairs_c1baf6c	808	85.37
pairs_c26671d	812	85.8
pairs_c3733e4	806	83.77
pairs_cd32d81	792	83.82000000000001
pairs_ce15842	792	73.6
pairs_d02b476	807	88.53999999999999
pairs_d2087b0	793	87.46000000000001
pairs_d38ba08	808	82.44999999999999
pairs_d398b43	809	85.85
pairs_d3e3bff	794	87.16999999999999
pairs_d518f13	801	88.26
pairs_d61690c	797	87.25
pairs_d874bf4	813	77.14999999999999
pairs_da3cd06	815	86.02000000000001
pairs_dc98d0b	809	83.78999999999999
pairs_e09fdbc	805	83.53999999999999
pairs_e2daaf9	799	77.44
pairs_e856b1e	814	87.82
pairs_e900a44	811	86.42999999999999
pairs_eae9eb4	799	76.33
pairs_ec1d1a5	797	84.47
pairs_ed1933d	812	85.83999999999999
pairs_ef1f49a	806	86.42
pairs_f07859f	803	75.04
pairs_f0dc3ec	793	78.82000000000001
pairs_f10cd9c	793	81.06
pairs_f37f0e4	803	89.54
pairs_f45101a	811	81.24000000000001
pairs_f52a8da	792	88.49000000000001
pairs_f54b175	800	88.61
pairs_f6c6344	797	85.33
pairs_fa19623	804	75.85
pairs_fbf7284	801	75.47999999999999
pairs_fd14cb0	807	82.25999999999999
pools_5k_2323652	5120	3047.09
pools_5k_6a4173c	5120	3059.5299999999997
pairs_05abed7	679	92.77000000000001
pairs_06de4a2	682	59.08
pairs_076761c	684	61.37
pairs_0d476ba	687	51.84
pairs_0d6680d	663	55.0
pairs_0ecf31d	691	62.339999999999996
pairs_11ba60b	689	62.32
pairs_12ee3c7	685	48.65
pairs_13a9691	663	48.05
pairs_14fa476	683	49.49
pairs_15732e8	667	53.459999999999994
pairs_1586899	678	60.82
pairs_159ab48	689	54.03
pairs_172a4fb	665	60.120000000000005
pairs_17652c0	664	51.93
pairs_1bf49e7	691	63.42
pairs_1ca4d7b	685	59.22
pairs_1e67415	677	62.730000000000004
pairs_2120828	680	58.870000000000005
pairs_232c82d	683	59.379999999999995
pairs_2542429	663	53.19
pairs_2782493	687	60.629999999999995
pairs_2d738d0	679	56.56
pairs_2eb3325	685	54.089999999999996
pairs_3226918	689	62.7
pairs_32bc916	687	62.99
pairs_34f6399	680	62.94
pairs_353d214	678	58.7
pairs_35c3b95	682	59.5
pairs_3622684	665	57.87
pairs_3c4022b	670	49.04
pairs_3ce2386	685	61.58
pairs_3faf71b	668	56.08
pairs_4382fcc	687	60.11
pairs_44bec2f	682	53.9
pairs_4580c82	668	58.18000000000001
pairs_4a1970e	681	62.540000000000006
pairs_4d1fed2	679	51.489999999999995
pairs_4de38e6	667	54.489999999999995
pairs_4efccfe	671	48.71
pairs_4f7a0ed	684	60.03
pairs_4fd9cd9	688	54.510000000000005
pairs_5000e9d	687	62.900000000000006
pairs_5061ad5	690	48.9
pairs_5192f3f	690	60.150000000000006
pairs_55cfef0	679	48.78
pairs_55dace2	672	51.43000000000001
pairs_579fa20	665	48.81
pairs_594d2b8	682	52.83
pairs_59f5bef	671	59.739999999999995
pairs_5ba65e3	671	54.64
pairs_5ba74d4	666	57.65
pairs_5bcc2e2	676	56.019999999999996
pairs_5bcd141	667	48.53
pairs_5c00289	664	53.02
pairs_5dd32f9	677	62.75
pairs_60ccdd8	664	59.480000000000004
pairs_65bb5c1	677	58.78
pairs_664c22a	662	58.949999999999996
pairs_68f05ec	668	61.199999999999996
pairs_6935535	667	61.01
pairs_6a22b20	687	56.65
pairs_6de3e7c	668	52.62
pairs_71c7518	674	58.88
pairs_7212d6b	666	58.879999999999995
pairs_72bfaf8	677	48.650000000000006
pairs_7439ba6	673	54.7
pairs_75f7983	680	54.900000000000006
pairs_78fec58	679	61.7
pairs_7c43a08	682	59.849999999999994
pairs_80f8f85	666	55.07
pairs_833e308	690	61.6
pairs_8481ff0	671	57.92
pairs_858b9be	670	58.18000000000001
pairs_87b1fa2	682	48.650000000000006
pairs_8993be2	682	49.160000000000004
pairs_89aa82d	690	59.36
pairs_8ac4238	674	49.05
pairs_8d379a3	681	61.290000000000006
pairs_8f32283	667	48.54
pairs_8fc01e5	669	57.68000000000001
pairs_8fd4f33	670	60.67999999999999
pairs_9197260	684	48.42
pairs_92db494	668	55.01
pairs_961001f	672	62.089999999999996
pairs_98ab81b	666	61.980000000000004
pairs_98ff404	663	61.74
pairs_9bf9059	664	49.33
pairs_9c62a7e	677	59.05
pairs_9fdf25c	689	61.12
pairs_a4453bb	672	49.48
pairs_a4e8de8	688	53.53
pairs_a5d43ca	684	51.660000000000004
pairs_a9778f3	666	48.1
pairs_aa8590d	666	61.7
pairs_aad982f	666	58.06
pairs_ab35151	689	61.95
pairs_ae40844	665	56.019999999999996
pairs_b01652f	673	52.41
pairs_b4df40b	662	60.61
pairs_b612a29	686	60.83
pairs_bbba7b8	681	52.989999999999995
pairs_bcb3a15	687	63.019999999999996
pairs_bd4f721	688	61.42
pairs_c0c8cb2	669	56.489999999999995
pairs_c177075	688	61.68
pairs_c18f2fb	678	51.88
pairs_c2503f7	688	62.7
pairs_c42892d	688	48.970000000000006
pairs_ce426f2	671	52.940000000000005
pairs_cfcdec8	667	59.300000000000004
pairs_d31b9fd	684	48.72
pairs_d45eca5	687	48.199999999999996
pairs_d461ad7	669	62.39
pairs_d5d8c70	682	60.56
pairs_d9a3d2b	666	49.87
pairs_da1a432	685	50.63
pairs_da6a509	669	60.43
pairs_dadf4c1	675	58.5
pairs_dc0c094	670	56.349999999999994
pairs_deda5d9	684	48.540000000000006
pairs_e230426	670	57.76
pairs_e3a7286	680	59.4
pairs_e49fe30	673	62.93000000000001
pairs_e7c25b0	689	61.31
pairs_e7f3fac	685	54.089999999999996
pairs_e93ac1e	669	61.05
pairs_ebf1262	673	61.98
pairs_ed269ee	669	49.03
pairs_f0fa699	681	53.39
pairs_f1307da	686	61.0
pairs_f23987c	674	53.910000000000004
pairs_fca0613	680	57.81
pairs_fd793ed	688	59.230000000000004
pairs_fe6b6c3	663	59.620000000000005
pools_4k_1216aa2	4102	2332.54
pools_4k_c383ec6	4102	2309.48
pools_4k_e45e97b	4103	2314.6400000000003
pools_4k_ebe3399	4105	2326.3399999999997
pools_2k_02b46ec	2110	558.61
pools_2k_2a10292	2110	542.43
pools_2k_2c5fb7e	2110	533.87
pools_2k_35fad2d	2110	549.07
pools_2k_541430e	2111	539.09
pools_2k_55b444a	2110	526.0699999999999
pools_2k_61bee51	2110	523.9399999999999
pools_2k_8b28532	2111	534.49
pools_2k_8b3c462	2111	527.5
pools_2k_abafc07	2111	546.52
pools_2k_c014d8e	2109	526.4300000000001
pools_2k_cb3d2b7	2110	534.14
pools_2k_e65ec45	2111	546.78
pools_2k_e78a4f7	2110	547.29
pools_2k_f087e90	2109	518.06
pools_5k_963628d	5100	3103.4
pools_5k_b396f98	5100	3079.7200000000003
pools_5k_e81b97c	5099	3086.16
pools_5k_74e407e	5107	3149.32
pools_5k_e452cb1	5107	3089.13
pools_4k_68c4aae	4046	1768.39
pools_4k_aba04eb	4047	1702.84
pools_4k_b4d1fc0	4046	1697.74
pools_4k_d570bba	4046	1700.28
pairs_8bda875	2074	549.27
pairs_901f97f	2073	511.64
pools_2k_0516010	2075	532.35
pools_2k_0658263	2074	534.9
pools_2k_0d00649	2074	533.1899999999999
pools_2k_3ff0d27	2074	524.4
pools_2k_43785fd	2073	537.75
pools_2k_5b72639	2074	527.96
pools_2k_6a68e83	2073	542.77
pools_2k_7897a60	2075	539.84
pools_2k_a7daab8	2075	526.11
pools_2k_be8520e	2075	530.1700000000001
pools_2k_c8b2e13	2074	536.81
pools_2k_de181ba	2073	529.0
pools_2k_ded6e41	2075	521.85
pools_2k_e5a5f7d	2075	528.5899999999999
pools_4k_4f44ca9	4110	2310.9700000000003
pools_4k_62249c7	4112	2277.73
pools_4k_abbc9c6	4110	2296.14
pools_4k_bad24b2	4110	2305.31
pools_5k_3818e32	5065	3052.46
pools_5k_4bd15cd	5065	3056.65
pairs_08246f5	2321	552.35
pairs_1709979	2289	535.11
pairs_25673ca	2276	521.58
pairs_2a19ecf	2317	535.59
pairs_37a26a1	2280	518.2900000000001
pairs_6cbbd22	2330	538.48
pairs_6d72edc	2275	534.18
pairs_83095a3	2325	527.6
pairs_846875f	2296	528.05
pairs_f9e466d	2279	520.4300000000001
pools_2k_2089beb	2323	517.66
pools_2k_40f2940	2274	564.73
pools_2k_9ee04f6	2281	539.44
pairs_28ea2c1	2136	550.28
pairs_2cdbf25	2128	526.64
pairs_4466522	2133	521.43
pairs_7c7eb3c	2127	516.1
pairs_83011cd	2142	524.9
pairs_a6a9b78	2137	531.73
pairs_c2bbd37	2132	513.43
pools_2k_22fab2b	2120	541.17
pools_2k_2de4372	2129	554.36
pools_2k_350ab46	2120	540.09
pools_2k_80c46f8	2120	538.79
pools_2k_8614172	2120	542.8199999999999
pools_2k_8b20c0c	2132	530.27
pools_2k_a331c86	2120	544.34
pools_2k_aa724af	2120	538.5
pools_5k_070f28a	5052	3130.1800000000003
pools_5k_e32e97f	5053	3107.6499999999996
pools_5k_a52a8b9	5037	3083.73
pools_5k_aedefd9	5038	3070.06
pools_5k_0f490df	5113	2989.13
pools_5k_fd8e615	5113	2955.3
pools_4k_6181f7f	4064	1769.77
pools_4k_9b92c0a	4064	1726.31
pools_4k_b7395c9	4063	1731.6100000000001
pools_4k_f542fe4	4064	1724.37
pairs_118fb5e	1472	201.82999999999998
pairs_19752ca	1477	171.94
pairs_1b9e10d	1467	192.46
pairs_269a960	1464	185.24
pairs_27fac4d	1441	186.89
pairs_2a43f50	1465	198.4
pairs_3343445	1455	169.45
pairs_35ac0bd	1464	198.03
pairs_37f9c63	1433	174.01
pairs_411152c	1478	184.57
pairs_4193e3b	1451	189.51999999999998
pairs_4d234a7	1435	181.07000000000002
pairs_72b3baf	1468	168.91
pairs_73532e4	1458	196.67
pairs_8499977	1459	168.79
pairs_8985e61	1459	197.32
pairs_8b728b5	1431	168.4
pairs_8b73502	1463	200.4
pairs_9a7d465	1445	182.25
pairs_a59d925	1454	182.75
pairs_b3d9c77	1469	169.23
pairs_b91b2eb	1437	169.45999999999998
pairs_c15e24b	1467	169.6
pairs_c5ecfa4	1477	194.02999999999997
pairs_c9c4120	1468	171.01999999999998
pairs_d962846	1450	188.88
pairs_dd31ebd	1470	181.68
pairs_ddba3ea	1439	169.79999999999998
pairs_e444798	1445	198.94
pairs_e791376	1443	195.01000000000002
pairs_ed4129b	1461	194.70999999999998
pairs_f30ee40	1440	198.07
pairs_f8710ff	1441	168.0
pools_5k_09ebe90	5078	3078.04
pools_5k_51e2da7	5078	3090.47
pools_5k_6eee748	5078	3110.16
pools_4k_0f76f89	4088	1772.57
pools_4k_48a4ed2	4087	1744.76
pools_4k_5812359	4089	1726.33
pools_4k_76afa1e	4089	1768.81
pools_3k_1fd15af	3030	868.3
pools_3k_32164d3	3030	832.9
pools_3k_3a9666e	3030	856.08
pools_3k_51fec52	3030	846.26
pools_3k_6ff74e8	3030	838.0899999999999
pools_3k_9d36e96	3031	849.8499999999999
pools_3k_c87e2d2	3030	849.63
pairs_0197d04	393	58.8
pairs_0270315	376	27.81
pairs_0407255	396	30.85
pairs_040b61b	385	27.1
pairs_05c0763	391	26.31
pairs_06b032e	385	31.29
pairs_06d338c	397	24.6
pairs_0705c9f	403	27.979999999999997
pairs_077ea75	380	28.37
pairs_079cb92	401	27.44
pairs_0c7c907	385	29.21
pairs_0df1e71	396	24.759999999999998
pairs_0f03b45	381	26.240000000000002
pairs_0f21453	392	25.450000000000003
pairs_111e421	395	29.799999999999997
pairs_114a3d5	398	26.73
pairs_11fb801	382	24.990000000000002
pairs_12897e9	389	26.660000000000004
pairs_129dfaf	406	25.32
pairs_12e4815	384	24.349999999999998
pairs_138cb99	388	29.21
pairs_13a1b81	385	28.799999999999997
pairs_14c3e01	399	33.05
pairs_15f7c51	394	25.17
pairs_16ae31f	383	31.69
pairs_17e6f16	387	29.51
pairs_1b6feef	391	25.25
pairs_1d32cfd	399	27.07
pairs_1dd6e6b	380	30.61
pairs_1eec546	406	28.57
pairs_2101d02	395	30.98
pairs_21706ea	378	29.11
pairs_21d7b03	399	28.75
pairs_22becac	391	29.880000000000003
pairs_25924ce	384	28.52
pairs_25f1239	403	32.1
pairs_27c1b04	398	31.66
pairs_27db36f	374	24.369999999999997
pairs_288b27a	388	29.99
pairs_29defc8	377	29.41
pairs_2a661a8	407	28.47
pairs_2a8d6b9	381	29.32
pairs_2b7a09d	407	27.689999999999998
pairs_2b861f9	380	24.34
pairs_2d55093	381	28.01
pairs_2f0f623	395	28.65
pairs_2f4f6b1	405	29.8
pairs_303b6d5	406	30.82
pairs_322dcef	393	30.36
pairs_32953c5	386	30.92
pairs_344b227	378	24.46
pairs_35eaa9a	390	28.450000000000003
pairs_37e65b3	391	24.82
pairs_38fc046	386	25.05
pairs_3ab0a93	394	28.419999999999998
pairs_3beea94	379	31.21
pairs_3cd18c0	378	29.28
pairs_3d1468e	377	28.840000000000003
pairs_3f7cf80	392	31.49
pairs_3fb8b15	394	27.02
pairs_3fd4e40	405	32.42
pairs_40294dd	380	27.669999999999998
pairs_4102435	390	24.799999999999997
pairs_4121d3a	406	31.240000000000002
pairs_43f3ae3	381	25.96
pairs_44eb126	396	28.759999999999998
pairs_45f9025	385	30.770000000000003
pairs_460c41b	374	24.39
pairs_4aee270	384	30.55
pairs_4c4676f	387	28.71
pairs_4c54932	397	24.53
pairs_4e0ff3f	403	25.25
pairs_4f51a9a	389	27.549999999999997
pairs_50c985d	401	25.06
pairs_514a198	405	29.99
pairs_514fe50	390	27.84
pairs_518c534	391	31.88
pairs_53a470c	386	24.57
pairs_53fb7d7	379	25.1
pairs_54ae33e	404	24.82
pairs_551cbe1	402	30.919999999999998
pairs_5632374	391	27.03
pairs_57a9e95	379	27.87
pairs_57ea1fe	377	30.27
pairs_58e3b67	378	27.63
pairs_59723ee	405	28.5
pairs_59d7fd1	389	28.44
pairs_5d49a08	391	27.64
pairs_5e27326	398	31.57
pairs_60849e0	383	24.53
pairs_60c5659	402	30.61
pairs_64e8e9e	400	31.89
pairs_66b5b85	392	24.48
pairs_69c8a51	404	27.36
pairs_6b10ffe	401	24.89
pairs_6c2fcba	375	30.62
pairs_700dfa3	398	28.880000000000003
pairs_71f31d2	377	31.03
pairs_726784f	389	29.380000000000003
pairs_735701e	389	30.86
pairs_75b1784	383	26.93
pairs_7664b71	380	32.1
pairs_77d09b2	379	30.0
pairs_77e90a3	383	25.75
pairs_78fbc34	375	25.01
pairs_79ae61f	399	24.349999999999998
pairs_7dfbb58	389	28.33
pairs_7eeb1f2	404	28.63
pairs_807b582	387	25.91
pairs_80a0485	401	27.83
pairs_8135eac	379	28.12
pairs_81867c0	400	31.58
pairs_8234da8	376	28.95
pairs_82c0a67	402	25.18
pairs_834b3ad	390	28.63
pairs_83a4946	382	31.19
pairs_8565938	407	31.11
pairs_869b96d	383	30.060000000000002
pairs_8782830	398	30.32
pairs_87866ab	403	26.97
pairs_88ebe69	375	26.81
pairs_8a268e8	394	32.24
pairs_8a72b3a	405	28.47
pairs_8a81730	400	31.759999999999998
pairs_8d58383	406	27.060000000000002
pairs_8e8ca11	406	30.090000000000003
pairs_8f2df55	385	27.67
pairs_9076f2a	393	27.0
pairs_91ed472	389	28.490000000000002
pairs_939d972	399	31.549999999999997
pairs_958ad7b	395	28.36
pairs_990bd9b	379	29.119999999999997
pairs_9b35716	394	31.19
pairs_9c4b26f	387	27.67
pairs_9caf0e6	400	24.659999999999997
pairs_9cfb9c9	403	31.52
pairs_9db29db	404	27.57
pairs_9f42548	387	26.4
pairs_9fb8bcb	389	31.490000000000002
pairs_a107cc5	393	29.46
pairs_a1398c2	382	26.78
pairs_a35e559	386	29.56
pairs_a3cc0f7	392	26.86
pairs_a4bcfce	397	30.53
pairs_a559e8c	383	28.759999999999998
pairs_a7a385a	379	31.39
pairs_a90a793	389	25.13
pairs_a932ba3	405	25.91
pairs_aff66c0	393	29.340000000000003
pairs_b0954ca	394	31.589999999999996
pairs_b0d1628	393	27.700000000000003
pairs_b163726	384	31.020000000000003
pairs_b442122	395	28.28
pairs_b49f3f9	405	30.21
pairs_b54bb61	389	28.88
pairs_b62ab68	386	25.16
pairs_b9bb178	382	27.84
pairs_ba51657	384	27.580000000000002
pairs_bbfc40b	399	27.259999999999998
pairs_be028ae	386	28.32
pairs_c1e79ef	389	31.759999999999998
pairs_c1e93d6	400	27.93
pairs_c1f812f	401	30.92
pairs_c74212e	402	24.840000000000003
pairs_c7b96ed	388	25.72
pairs_ca5625a	400	30.81
pairs_cae0e2f	386	31.130000000000003
pairs_cb680b5	392	29.020000000000003
pairs_cdc4e6b	388	30.9
pairs_d1b4ef5	390	25.29
pairs_d22dc92	391	29.0
pairs_d379e18	403	27.27
pairs_d489ff5	375	27.21
pairs_d5a90bb	394	28.24
pairs_d7e5d1b	386	29.79
pairs_d9aa6c5	405	25.16
pairs_da1e9b2	398	31.11
pairs_dbc339a	380	30.42
pairs_dbd3f92	397	28.259999999999998
pairs_dc3aec9	406	32.06
pairs_dd52657	376	29.3
pairs_dfee8f5	374	28.380000000000003
pairs_e0ebc10	398	31.35
pairs_e56c3d4	388	31.6
pairs_e66652e	405	27.27
pairs_e7cf8c8	381	29.03
pairs_eb5c693	375	24.5
pairs_ec80e27	397	27.0
pairs_ed7ba7a	397	30.46
pairs_ef6ef0b	380	29.759999999999998
pairs_f0bf5d4	381	25.09
pairs_f0d97ed	397	27.81
pairs_f1e6d8d	396	27.53
pairs_f2adf3e	407	32.25
pairs_f4732ed	382	28.71
pairs_f47ec28	406	30.49
pairs_fa63555	392	30.48
pairs_fa863d0	374	27.18
pairs_faab576	397	26.5
pairs_fb050d9	403	27.14
pairs_fccfa79	404	32.07
pairs_fd8c559	407	30.699999999999996
pairs_fe6e136	376	24.939999999999998
pairs_fecaa3a	380	26.83
pairs_fedd0ce	378	29.27
pairs_ff08dda	397	30.130000000000003
pairs_ff27523	398	25.31
pairs_ffa9937	382	30.08
pools_5k_15b6f8f	5029	2982.75
pools_5k_4d9e2f2	5030	2936.24
pools_5k_5d5e4ba	5031	2965.7999999999997
pools_3k_00cb27f	3078	1223.6
pools_3k_393409f	3078	1211.83
pools_3k_4ec48b8	3080	1197.07
pools_3k_593cdf2	3078	1194.48
pools_3k_5dbecfd	3078	1202.24
pools_3k_6908cd3	3080	1200.1499999999999
pools_3k_ed76711	3079	1196.31
pools_4k_15cf9b3	4006	1719.37
pools_4k_7e06e14	4007	1696.95
pools_4k_9679392	4006	1682.57
pools_4k_d8c3036	4008	1693.54
pools_4k_100a318	4018	1790.58
pools_4k_7cf89d4	4016	1751.02
pools_4k_8e698ed	4016	1726.2
pools_4k_d8bc2a8	4019	1733.62
pools_3k_2de32fd	3034	875.36
pools_3k_79422ed	3033	847.0600000000001
pools_3k_a06eb60	3034	863.6600000000001
pools_3k_d1588fe	3032	828.47
pools_3k_de0288c	3033	853.42
pools_3k_eb92719	3031	828.98
pools_3k_f5b8ff3	3033	836.0899999999999
pairs_075b697	2271	576.01
pairs_1262769	2235	541.8
pairs_371594d	2252	542.44
pairs_69dc13d	2226	546.48
pairs_7be17ba	2251	536.7
pairs_7c46013	2249	535.72
pairs_7d7f25e	2236	523.55
pairs_af8f5c5	2229	539.58
pairs_e77ff1c	2239	540.89
pairs_ec5a814	2251	540.88
pools_2k_2d9f350	2252	547.75
pools_2k_6deb3f2	2236	544.06
pools_3k_acb25ac	2257	572.02
pools_4k_0398b12	4054	1800.78
pools_4k_7ca40df	4053	1754.03
pools_4k_a65cfca	4055	1731.37
pools_4k_c339cbe	4053	1750.25
pools_5k_089e248	5109	3118.56
pools_5k_19fc40d	5109	3044.75
pools_5k_7ecf09e	5109	3054.63
pools_5k_38b999f	5072	3164.7000000000003
pools_5k_6ef4129	5072	3135.35
pools_5k_a99bd4b	5070	3134.2200000000003
pools_5k_6c9b2b2	5107	3148.92
pools_5k_b2a4031	5106	3105.11
pools_5k_1ed5d54	5019	3172.42
pools_5k_8b8ceaf	5019	3125.15
pools_5k_2ed407b	5016	3066.4900000000002
pools_5k_6828836	5015	3042.5699999999997
pools_5k_68316de	5016	3044.0
pools_5k_8d83e1c	5097	3115.83
pools_5k_ff9a54a	5097	3058.87
pools_3k_0e273ee	3085	1253.94
pools_3k_131c30b	3085	1247.6399999999999
pools_3k_275ea11	3084	1230.45
pools_3k_39e35f4	3084	1236.25
pools_3k_48727e9	3084	1234.3
pools_3k_6d542fe	3084	1233.42
pools_3k_d06876a	3085	1229.46
pairs_01f3910	1085	170.16
pairs_06c47c6	1068	133.18
pairs_0a9df37	1062	134.71
pairs_0f1170b	1060	128.77
pairs_1477d83	1066	135.25
pairs_1490b32	1066	133.28
pairs_21c2677	1063	136.06
pairs_28decad	1070	129.63
pairs_294168c	1078	128.05
pairs_2dedbbc	1067	125.19
pairs_2ec9816	1086	127.3
pairs_31bc0a5	1079	130.12
pairs_333c3d7	1071	117.84
pairs_362b541	1076	120.88
pairs_3798f37	1069	136.78
pairs_42b2bae	1066	126.0
pairs_50bf855	1062	133.01
pairs_5190733	1073	134.38
pairs_535b9f2	1085	124.14
pairs_5ec088d	1079	130.96
pairs_5f9a672	1075	132.09
pairs_60b41d0	1070	133.17000000000002
pairs_64db1d3	1083	137.2
pairs_665f684	1068	137.39
pairs_6728d91	1066	127.61
pairs_6b73848	1075	116.07000000000001
pairs_6d276b1	1072	134.38
pairs_6d7ed01	1078	119.58000000000001
pairs_74cc66c	1061	128.71
pairs_7a840b0	1063	128.37
pairs_7edf881	1072	115.24000000000001
pairs_84bdbfa	1066	123.69
pairs_8a55152	1070	133.03
pairs_8c28192	1070	136.68
pairs_90566c1	1073	136.03
pairs_959cda3	1077	123.17
pairs_9e26be4	1081	134.96
pairs_a12f3e6	1083	134.29000000000002
pairs_a214976	1084	135.73
pairs_a3268e7	1065	134.74
pairs_a57fc26	1073	137.04000000000002
pairs_abd5ac9	1083	135.14
pairs_ae70a39	1079	136.81
pairs_af87770	1063	133.84
pairs_b20e127	1063	134.19
pairs_b2a7ca6	1064	121.73
pairs_b54f8fc	1067	135.69
pairs_b7494f3	1084	137.78
pairs_b7c4193	1062	136.29
pairs_b808b5f	1082	133.35999999999999
pairs_b808c2d	1068	126.46
pairs_bc9a237	1085	136.1
pairs_be40302	1068	116.35
pairs_c3f5820	1065	135.26
pairs_c535297	1084	124.43
pairs_d58209d	1074	133.06
pairs_de0e7f7	1065	135.22
pairs_f0f604e	1081	135.0
pairs_f5c02f6	1074	133.42
pairs_f7e39cb	1075	135.56
pairs_f9c175f	1083	120.72
pairs_feb6cd7	1086	128.74
pairs_fecf99c	1063	129.32
pools_3k_1b885e2	3072	879.9499999999999
pools_3k_44b747f	3073	1236.96
pools_3k_889d52c	3073	1203.66
pools_3k_aa83fe9	3073	1212.74
pools_3k_ee43f05	3072	847.07
pools_3k_f77ee0a	3072	848.93
pools_5k_77e5f15	5119	3095.02
pools_5k_9988d4c	5120	3090.25
pairs_0ace2ca	1425	224.51999999999998
pairs_1362d24	1400	185.96
pairs_154496d	1382	183.37
pairs_1756a05	1410	180.35000000000002
pairs_182d40f	1386	180.42000000000002
pairs_200414a	1394	194.41
pairs_2332432	1390	187.25
pairs_4ed6c5c	1393	178.71
pairs_62f5f6f	1415	193.79
pairs_636f5ef	1401	181.3
pairs_6457a84	1400	194.93
pairs_7915dbd	1382	186.38
pairs_7fa0d8b	1394	183.64
pairs_817ce90	1395	194.43
pairs_8cb51a6	1426	182.4
pairs_96e297b	1405	189.27
pairs_a1f0cf7	1391	186.3
pairs_a5b378f	1430	185.91
pairs_a7e6da1	1391	167.5
pairs_ac111cd	1391	195.68
pairs_adf974a	1408	169.76000000000002
pairs_ae54d40	1393	168.8
pairs_b3fabe6	1424	183.15
pairs_b4d64aa	1385	180.32
pairs_b6c8136	1424	196.32999999999998
pairs_b97c30c	1428	190.59
pairs_c3235f6	1422	187.20999999999998
pairs_c9d5ddc	1404	176.01
pairs_ca81f53	1390	187.95999999999998
pairs_cc3cb96	1424	181.98
pairs_cd026a4	1411	188.63
pairs_d4b6062	1420	182.19
pairs_da25e73	1392	192.14
pairs_e279c7e	1386	194.76000000000002
pairs_f22be52	1394	191.23
pairs_f4c2d84	1420	193.86
pairs_ff64436	1407	196.1
pools_5k_1a891be	5044	3069.33
pools_5k_c4f129b	5044	3030.88
pairs_093dfa0	2166	567.36
pairs_0f421ff	2166	522.14
pairs_3564445	2205	545.13
pairs_50bdcb0	2216	521.0
pairs_51ee95d	2201	537.2
pairs_63f4e0b	2209	523.76
pairs_8ccb8cc	2159	537.34
pairs_9fcde3e	2205	537.0799999999999
pairs_ae71c09	2185	528.39
pairs_bd088e1	2170	522.44
pairs_ed0624f	2172	520.37
pools_2k_2d8d1fb	2169	543.79
pools_2k_3a11311	2145	519.55
pools_2k_7d5d7d6	2146	539.76
pools_3k_f6eefc9	2161	559.05
pools_4k_39a6e23	4091	1704.4099999999999
pools_4k_c1806c4	4091	1685.34
pools_4k_d53168b	4091	1673.03
pools_4k_f4c5635	4091	1697.0400000000002
pools_4k_01c85c1	4067	1734.99
pools_4k_255aeeb	4066	1705.24
pools_4k_26bca97	4067	1698.51
pools_4k_b8eef54	4067	1695.14
pools_4k_22a54e6	4016	1753.45
pools_4k_2d07f3a	4011	1705.53
pools_4k_3f83997	4010	1714.75
pools_4k_6aae9dd	4008	1737.1100000000001
pools_4k_43072b5	4096	1753.4199999999998
pools_4k_4553b5e	4098	2319.71
pools_4k_7fd2875	4098	2293.3700000000003
pools_4k_d9293d2	4096	1721.1000000000001
pairs_009874f	972	110.38
pairs_018e5aa	976	78.5
pairs_04e2df9	956	91.78999999999999
pairs_0a484ae	962	82.25999999999999
pairs_0f372d6	977	84.37
pairs_1009a22	982	93.86999999999999
pairs_250e527	970	89.96
pairs_25b3a64	972	75.97
pairs_26ea567	955	86.21
pairs_27ed4ae	982	85.65
pairs_2c5191c	970	93.86
pairs_2cd1236	956	93.94
pairs_2d94d6c	967	87.67
pairs_2f51966	957	88.67999999999999
pairs_2f62491	961	87.13
pairs_30a81b5	957	90.64999999999999
pairs_310b0cf	973	94.03
pairs_316086f	976	95.16
pairs_31ff903	963	95.37
pairs_3c4c6b0	980	83.37
pairs_3e8a16f	957	94.07
pairs_3e8ff12	956	88.82
pairs_4100228	958	93.73
pairs_4705230	974	83.66999999999999
pairs_491f47b	959	88.39
pairs_4e4def2	968	90.48
pairs_531d83f	956	82.2
pairs_5596d8a	973	90.98
pairs_588f584	973	76.77
pairs_5aed392	954	87.31
pairs_5aee3af	958	90.64
pairs_62be425	971	76.22999999999999
pairs_6320534	974	92.79
pairs_649f961	980	84.68
pairs_652860f	960	81.36999999999999
pairs_65b1c8d	956	92.37
pairs_67837e3	966	89.96000000000001
pairs_67b6da5	974	96.15
pairs_6ee3116	957	83.32
pairs_72cfbee	963	84.51
pairs_7b31fd5	958	92.86
pairs_7c8bf79	967	90.58
pairs_80e8fce	981	92.83000000000001
pairs_82131ac	974	93.13
pairs_8357304	966	90.71
pairs_8467019	964	88.78
pairs_85a10bc	977	89.13000000000001
pairs_8bac8c9	959	93.58
pairs_8e843d6	972	93.63
pairs_8fcbf33	958	86.57000000000001
pairs_9c7f29e	960	84.19000000000001
pairs_9d21766	963	76.06
pairs_9dedcc7	978	94.78
pairs_a6f8ad5	980	93.41
pairs_a87f2c0	961	88.23
pairs_aa585bd	974	93.6
pairs_b624b3d	968	95.56
pairs_b661d0d	960	75.55
pairs_c46fafe	961	75.22
pairs_c6863c6	967	75.0
pairs_c6d3e28	971	93.78999999999999
pairs_ca7133e	982	76.03
pairs_cf6c2b6	973	82.86
pairs_d609649	962	84.89
pairs_da78d5f	979	91.03999999999999
pairs_dd7b8b9	981	78.8
pairs_dffe0f2	973	80.80000000000001
pairs_e68a582	972	91.10000000000001
pairs_e7851a9	956	93.16999999999999
pairs_e80415f	981	91.03999999999999
pairs_ed5a0fb	962	94.07000000000001
pairs_f1e1b35	957	93.22
pairs_f2eeefb	954	87.96000000000001
pairs_f78896b	981	88.88
pairs_f7c9a73	965	92.64
pairs_fd3d183	956	92.78
pools_5k_2383d14	5019	3128.18
pools_5k_3ca514a	5018	3092.79
pools_2k_03f840a	2049	567.2800000000001
pools_2k_09c08e7	2051	545.39
pools_2k_1dd4181	2051	543.1800000000001
pools_2k_2e4973c	2049	549.43
pools_2k_3363855	2051	517.9499999999999
pools_2k_3500a86	2053	538.9
pools_2k_48b3819	2051	531.16
pools_2k_511b1dd	2052	546.72
pools_2k_517c43a	2049	536.73
pools_2k_7613bf0	2050	550.36
pools_2k_8f80726	2050	530.16
pools_2k_a971afa	2051	552.86
pools_2k_b585412	2050	549.75
pools_2k_c1599df	2049	540.31
pools_2k_cb89383	2051	539.9200000000001
pools_2k_d5cfaf8	2051	546.47
pairs_50fc7b3	2024	345.73
pools_2k_106c466	2023	334.94
pools_2k_37ea5d4	2024	330.43
pools_2k_4a82b90	2023	349.24
pools_2k_7262751	2023	343.08
pools_2k_a84e658	2023	340.97
pools_2k_afe9e12	2022	341.94
pools_2k_b55e15c	2022	332.42
pools_2k_b5627aa	2022	332.53999999999996
pools_2k_c4a9297	2024	352.99
pools_2k_ca51f0f	2022	319.0
pools_2k_d53aa0b	2021	342.51
pools_2k_d5500fc	2022	353.04
pools_2k_e04eab9	2024	348.48
pools_2k_e4c3551	2023	349.41999999999996
pools_2k_e8ab6a4	2022	343.42
pools_5k_32af147	5041	3033.65
pools_5k_b537b76	5041	2995.5899999999997
pools_5k_b7f12f8	5042	2979.76
pairs_041efce	1230	174.91
pairs_066c7cd	1247	142.55
pairs_06f0073	1250	139.3
pairs_0d24994	1245	140.42000000000002
pairs_159eebe	1244	142.9
pairs_1ab3ec4	1246	117.92999999999999
pairs_33038d6	1225	139.14999999999998
pairs_3bb114d	1236	125.52
pairs_3f2ca29	1248	143.36
pairs_40922b6	1221	132.08
pairs_43ed01c	1249	138.5
pairs_4f56bae	1211	143.85
pairs_5188fdd	1219	133.36
pairs_5c89b9f	1234	138.27
pairs_5fba2cf	1214	128.97
pairs_6be8cd9	1230	132.32
pairs_6c11dca	1232	142.67
pairs_6d03c64	1241	129.24
pairs_704f4a9	1239	117.84
pairs_7abfd0b	1250	135.55
pairs_7c12e58	1230	141.41
pairs_7eb69f2	1239	136.55
pairs_7f7df56	1217	137.2
pairs_80c827e	1230	132.18
pairs_8430569	1250	130.17000000000002
pairs_8827bcb	1223	140.67
pairs_8d40ff0	1217	139.71
pairs_905a1dd	1223	130.73
pairs_91b5011	1228	140.23
pairs_922eb55	1228	138.54000000000002
pairs_957b491	1226	141.55
pairs_a1bd82a	1239	130.87
pairs_a5e471f	1217	129.92000000000002
pairs_acff646	1227	140.56
pairs_b42e041	1215	132.96
pairs_b43e484	1210	130.91
pairs_b46b2a3	1251	131.68
pairs_c34f715	1227	139.89
pairs_c47e5c6	1233	124.72
pairs_c4b89cd	1249	144.1
pairs_d5e16f9	1236	138.71
pairs_d6fd7ff	1249	129.82999999999998
pairs_e2dd75f	1215	133.01
pairs_f754db3	1228	145.32999999999998
pairs_f76816c	1249	131.16
pairs_f7eee7c	1220	116.67
pairs_fe62437	1213	131.54000000000002
pools_5k_07f546d	5025	3151.21
pools_5k_1db16df	5026	3112.8
pools_5k_d02ede5	5025	3126.91
pools_5k_3511e4c	5118	3104.0099999999998
pools_5k_54d29a1	5119	3072.67
pools_5k_e60b88e	5118	3071.88
pools_5k_622c84b	5094	3035.3
pools_5k_7d5db03	5094	3003.1099999999997
pools_5k_cc8ad13	5093	3004.2400000000002
pools_5k_8b4ea3d	5111	3169.1299999999997
pools_5k_fbe639b	5111	3129.2599999999998
pools_4k_084705a	4081	1787.5300000000002
pools_4k_2a190dc	4081	1722.3200000000002
pools_4k_e8fba21	4082	1730.8300000000002
pools_5k_42adbf9	5019	3097.0699999999997
pools_5k_ab51509	5019	3074.51
pools_5k_c73d4a8	5019	3071.99
pairs_000366f	441	54.589999999999996
pairs_00e4120	446	25.27
pairs_01d5700	451	28.59
pairs_039ceb0	441	25.560000000000002
pairs_046e660	438	33.21
pairs_057dd78	444	29.28
pairs_086f9fd	447	25.82
pairs_0aab2dd	467	31.48
pairs_0ac87f3	450	33.55
pairs_0f501db	465	27.23
pairs_0fa989c	460	26.91
pairs_0fd4caf	461	32.83
pairs_113394b	459	27.16
pairs_113f190	462	33.36
pairs_1269ec5	437	27.9
pairs_12e6e09	456	32.12
pairs_1402d4a	446	28.0
pairs_1641fac	468	33.69
pairs_177cd3a	459	33.06
pairs_180221f	461	34.19
pairs_1a20e25	446	32.86
pairs_1b49935	461	31.770000000000003
pairs_1bca22f	450	25.27
pairs_1c2ac7f	465	30.330000000000002
pairs_1e1e478	464	32.6
pairs_1f32d45	468	28.28
pairs_205ef73	455	30.56
pairs_209a21f	450	30.22
pairs_218e8b4	457	28.43
pairs_2227c32	440	26.03
pairs_2318aba	466	30.7
pairs_23d9da0	452	30.83
pairs_274bd13	467	29.02
pairs_283767d	443	25.36
pairs_2c47ef7	455	29.84
pairs_3071dd9	465	32.06
pairs_30b5d27	457	31.82
pairs_32920b8	460	30.42
pairs_32e2fd6	462	33.870000000000005
pairs_33b5854	464	28.1
pairs_33c1390	454	33.04
pairs_33dd20b	462	28.71
pairs_3563f2d	464	25.939999999999998
pairs_36a31ef	465	29.63
pairs_39a93fd	461	30.450000000000003
pairs_3a0c322	442	30.15
pairs_3a7b87e	456	30.06
pairs_3d6bec9	464	27.51
pairs_3dbb41e	437	31.62
pairs_3eb1107	456	30.32
pairs_3f60d9e	456	29.509999999999998
pairs_3f91613	467	33.64
pairs_40b64cc	465	32.26
pairs_4117f78	462	25.74
pairs_41fd5f9	442	25.11
pairs_42b7082	466	34.08
pairs_4379da8	436	26.529999999999998
pairs_459e11f	454	25.779999999999998
pairs_46af8a9	447	31.86
pairs_476161a	453	29.25
pairs_4805485	452	32.8
pairs_487f8d2	436	31.11
pairs_48f5b21	462	29.38
pairs_4bd6bc3	465	30.919999999999998
pairs_4c98b88	437	32.24
pairs_4e1e3a3	447	26.880000000000003
pairs_515d142	465	25.509999999999998
pairs_54a59e1	449	29.900000000000002
pairs_55941fd	436	30.97
pairs_5765f3d	444	30.72
pairs_5789ff2	437	31.24
pairs_5afdaa6	458	33.910000000000004
pairs_5b2118b	458	26.75
pairs_5b2a3b2	445	31.36
pairs_5c8c205	466	32.34
pairs_5cc86f5	466	33.75
pairs_5dc0573	467	29.009999999999998
pairs_5eb9e53	465	29.15
pairs_615bf15	447	28.090000000000003
pairs_63093bc	454	32.34
pairs_645a78a	457	33.14
pairs_64be5a8	438	28.94
pairs_66d74ed	437	29.240000000000002
pairs_67cec2c	464	29.35
pairs_67df69b	442	27.840000000000003
pairs_68e75c1	446	30.490000000000002
pairs_693035b	462	29.11
pairs_6a8a380	438	29.12
pairs_6d09b74	468	29.48
pairs_6d9cf06	458	25.53
pairs_6f200ea	453	33.06
pairs_6f6ad0a	437	32.81
pairs_70c357f	442	32.65
pairs_7120144	455	27.490000000000002
pairs_7225f55	460	33.03
pairs_725c0a7	450	31.78
pairs_728a051	449	33.83
pairs_72b2fcc	461	29.12
pairs_72c7145	445	30.46
pairs_73786d3	437	28.540000000000003
pairs_74023e9	439	28.590000000000003
pairs_78d307b	459	25.060000000000002
pairs_7a91113	455	33.379999999999995
pairs_7ac7649	456	30.15
pairs_7d1ce61	467	29.38
pairs_7d5e955	466	25.47
pairs_7d66a8f	450	25.74
pairs_82526f5	456	34.04
pairs_82c2a25	444	31.310000000000002
pairs_85e0114	456	34.18
pairs_869252c	436	31.009999999999998
pairs_88ee4ed	436	29.3
pairs_8a3628a	448	29.36
pairs_8a8b05c	449	32.07
pairs_8af44d8	461	32.8
pairs_8d6253b	455	32.6
pairs_8e9092d	447	30.689999999999998
pairs_919ba1f	438	29.72
pairs_91b1a31	437	27.91
pairs_940a69e	447	31.72
pairs_9b10b01	445	33.08
pairs_9c0aa5f	450	32.86
pairs_9d6fa65	465	30.33
pairs_9d8f67f	449	32.629999999999995
pairs_9df0898	467	34.16
pairs_a14b33e	438	30.54
pairs_a2f77c4	448	25.68
pairs_a3b25fc	447	30.68
pairs_a4f0502	453	32.94
pairs_a82cb41	438	26.91
pairs_a8dc895	443	27.33
pairs_a950c6e	448	27.69
pairs_aa1b4c1	444	26.650000000000002
pairs_ac1065f	459	30.240000000000002
pairs_ae31d2a	459	27.36
pairs_aed5a8b	452	26.26
pairs_b1b887e	443	29.82
pairs_b1f19b7	466	28.46
pairs_b88dff0	453	33.6
pairs_b9a899e	444	25.04
pairs_bce61e8	443	31.05
pairs_bd5b67e	443	28.83
pairs_bda0e2b	467	31.85
pairs_be2983e	448	27.87
pairs_bfe5511	454	27.68
pairs_c3de08c	462	33.6
pairs_c4641d9	447	29.369999999999997
pairs_c5b1283	441	32.2
pairs_c62d2c6	465	28.72
pairs_c8b0432	436	24.939999999999998
pairs_c8e0588	458	29.68
pairs_c93952c	444	30.93
pairs_c9d2e8b	450	30.92
pairs_ca38471	438	25.21
pairs_ca74383	466	30.7
pairs_cd63cb8	458	25.43
pairs_ceecfe8	448	25.21
pairs_d04af06	456	30.29
pairs_d13787c	441	29.630000000000003
pairs_d16bcf6	438	30.12
pairs_d419d9a	439	31.06
pairs_d657c98	443	30.83
pairs_d6a12b1	466	29.52
pairs_d7ba403	464	30.4
pairs_d83badd	462	30.17
pairs_da1a22c	443	29.14
pairs_dc5f285	446	30.099999999999998
pairs_ddd0b72	439	33.29
pairs_df19f67	456	30.13
pairs_df95be8	464	32.65
pairs_e21c38f	451	25.32
pairs_e26f586	457	28.57
pairs_e633a79	460	25.57
pairs_e6509f6	440	30.54
pairs_e6fa4ad	454	28.79
pairs_e76cd0a	463	27.54
pairs_e8b778e	444	32.91
pairs_e954171	455	32.879999999999995
pairs_ea98d4c	467	28.21
pairs_edafd66	460	29.54
pairs_edc1f7f	441	32.9
pairs_edeb081	445	27.9
pairs_ee0f22b	446	32.96
pairs_f30bd8d	462	33.68
pairs_f34e2e7	465	33.02
pairs_f43bc4f	443	32.41
pairs_f5b9643	455	26.82
pairs_f60dd82	457	29.37
pairs_f645800	450	26.58
pairs_f722475	459	31.52
pairs_f89ec4d	456	29.4
pairs_f8dbffc	453	32.06
pairs_fcb62b1	459	33.629999999999995
pairs_fed108b	438	27.54
pairs_ff45ac9	438	28.49
pairs_ffda812	436	32.120000000000005
pairs_3d93019	2041	356.19
pairs_8323780	2040	334.71
pools_2k_0366f79	2042	356.28999999999996
pools_2k_292e8d8	2041	351.39
pools_2k_38b34ce	2041	359.36
pools_2k_64dd978	2039	338.24
pools_2k_7793859	2039	350.38
pools_2k_80687cb	2042	339.83000000000004
pools_2k_9427c21	2041	331.32
pools_2k_b77ca8c	2042	334.64
pools_2k_bd575e7	2041	336.67
pools_2k_ce92fd4	2040	351.07
pools_2k_dd49b31	2042	335.14000000000004
pools_2k_e87a089	2040	361.49
pools_2k_f55101e	2041	359.08000000000004
pools_3k_e79311c	2042	327.75
pools_5k_0040f80	5103	3173.0299999999997
pools_5k_dc21068	5103	3139.36
pools_5k_3f8c58f	5110	3026.0299999999997
pools_5k_41867a8	5109	3022.7000000000003
pools_5k_82429a7	5062	3094.8799999999997
pools_5k_b238bfd	5062	3058.46
pools_5k_de0604c	5062	3069.75
pools_4k_057146f	4085	1756.6399999999999
pools_4k_4b090c1	4085	1712.38
pools_4k_928d13b	4085	1702.6
pools_4k_9704d51	4086	1697.6299999999999
pairs_01ebe72	783	110.24
pairs_034df12	786	84.72
pairs_0465a8e	774	88.44999999999999
pairs_052c2ca	766	90.95
pairs_0611fcc	776	89.82
pairs_07d6668	766	50.66
pairs_09f466b	789	83.37
pairs_0b66127	784	88.06
pairs_0c9e4b4	790	83.14
pairs_0e72cc4	770	75.55
pairs_111eb38	779	76.35
pairs_14b2111	786	87.44
pairs_16655bd	769	81.66
pairs_1817f3d	770	73.35000000000001
pairs_1942c1e	775	86.36
pairs_1b4023a	783	88.75
pairs_1d48452	765	62.19
pairs_1f798fc	778	88.87
pairs_21ca297	768	59.41
pairs_24d4a61	776	88.86
pairs_24d64f6	785	84.63
pairs_24d7bec	769	87.28
pairs_26c278f	787	86.55
pairs_29ddc14	774	86.64999999999999
pairs_2a9b3c7	770	73.74
pairs_2dbdee8	776	85.16999999999999
pairs_2f4adc8	768	48.760000000000005
pairs_353910c	770	86.17
pairs_37724ce	789	73.68
pairs_3b26db0	767	48.400000000000006
pairs_3c7b7de	771	73.89
pairs_3e4c8c1	791	81.46
pairs_4327f39	774	86.25
pairs_4359be8	791	88.7
pairs_45f7897	768	57.550000000000004
pairs_47bfb71	789	85.27
pairs_4a84230	780	82.22
pairs_4dc9e71	766	51.809999999999995
pairs_4eabe3b	772	87.5
pairs_517e4a1	790	89.59
pairs_56f4654	770	74.57
pairs_5797f5f	769	88.28999999999999
pairs_58c4ac6	781	87.49000000000001
pairs_58e9c43	784	76.27
pairs_5ab531e	773	88.26
pairs_5bee58f	777	84.6
pairs_6167986	788	81.25
pairs_6208d86	780	87.11
pairs_646ee13	769	86.78
pairs_68b3a9e	772	84.81
pairs_6b50eee	773	87.97
pairs_6b71ecb	789	86.24
pairs_6ffa112	766	59.61
pairs_7340062	783	86.3
pairs_73418d7	780	86.35
pairs_7797853	780	79.25
pairs_7b969b8	792	75.17
pairs_7bcadd0	774	81.86999999999999
pairs_847898c	788	83.45
pairs_8487e11	767	57.58
pairs_8697fe6	778	73.01
pairs_88f288b	765	55.82
pairs_890f740	767	51.660000000000004
pairs_8cc0906	781	89.18
pairs_8da11e2	769	73.89999999999999
pairs_91e7333	788	83.87
pairs_9a5bffc	780	73.67999999999999
pairs_9d87cb3	786	86.94
pairs_9dc4abd	772	85.21
pairs_9f1fadd	774	74.08
pairs_a2e3e7b	778	88.22
pairs_a75d313	776	73.62
pairs_a7f57dc	766	55.25
pairs_aac90ca	775	73.39
pairs_ac5377c	769	75.80999999999999
pairs_ad8c8b9	766	54.13
pairs_b47f485	772	75.15
pairs_b90e456	770	78.06
pairs_bd41ee5	782	88.39999999999999
pairs_becc38b	769	82.56
pairs_c1068b7	765	62.19
pairs_c4d2077	767	63.85
pairs_c6088d1	774	85.63999999999999
pairs_c78eb14	783	88.92
pairs_c899605	789	89.47999999999999
pairs_ca6dca4	787	89.69
pairs_ce030df	767	60.93000000000001
pairs_ce1e7ca	780	84.75
pairs_d6ce858	778	89.10000000000001
pairs_d81882b	785	80.11000000000001
pairs_db195d4	782	86.22
pairs_db1a34b	773	77.94
pairs_dc4d1c3	771	85.38999999999999
pairs_e42f60f	783	86.78
pairs_e54c8cb	783	81.89999999999999
pairs_e550c74	769	88.12
pairs_e6f74dc	785	86.34
pairs_e7705c1	788	86.55
pairs_e771bfe	769	85.47
pairs_ea6049c	771	74.27000000000001
pairs_eb03883	782	84.95
pairs_ebd8784	776	89.36
pairs_ed30533	777	78.66
pairs_eee7845	777	81.36000000000001
pairs_f180654	775	88.85000000000001
pairs_f18301b	787	74.72999999999999
pairs_f3c5e8d	785	87.25
pairs_f89eefe	768	55.559999999999995
pairs_f9e6851	781	86.07
pairs_fef4331	776	78.7
pairs_fef96c7	781	84.08
pools_3k_25d94ae	3008	845.47
pools_3k_5ffa22a	3006	845.27
pools_3k_605aeb7	3006	848.11
pools_3k_775a7bb	3008	825.75
pools_3k_81e5015	3006	822.5
pools_3k_9a2da6c	3008	835.67
pools_3k_d99e005	3007	843.64
pairs_164a265	2053	557.61
pools_2k_030220d	2055	551.97
pools_2k_1ea0883	2054	538.32
pools_2k_1eafd38	2054	517.78
pools_2k_20f066e	2054	549.14
pools_2k_22a935d	2056	543.02
pools_2k_37da4e4	2054	545.23
pools_2k_4a33863	2055	541.72
pools_2k_5a5d059	2054	546.03
pools_2k_5a89b05	2056	554.0
pools_2k_7bec313	2054	541.9599999999999
pools_2k_a0ddd67	2053	557.5600000000001
pools_2k_b85c279	2056	550.84
pools_2k_d9f0422	2055	538.84
pools_2k_ec8134e	2053	549.74
pools_2k_f19d34b	2055	554.78
pools_2k_fd28576	2053	545.12
pools_5k_5ebc761	5009	3007.21
pools_5k_fd184bc	5011	2993.89
pools_5k_654956a	5001	3107.88
pools_5k_69621c0	5002	3082.43
pools_5k_ac30512	5002	3063.56
pools_5k_40c46b9	5039	2981.09
pools_5k_f94dec8	5040	2954.77
pools_4k_9d2c6df	4051	1744.28
pools_4k_b6d4717	4051	1765.17
pools_4k_ba8ae9a	4050	1766.83
pairs_0d69991	1858	356.32
pairs_1a9ca2e	1839	319.77
pairs_2adb2f3	1847	319.83000000000004
pairs_3b6affb	1842	320.36
pairs_403aa41	1852	318.32
pairs_502d5d5	1843	331.73
pairs_575020c	1827	347.58
pairs_6d6abfa	1864	321.62
pairs_775a064	1851	324.70000000000005
pairs_8ce5327	1835	317.21000000000004
pairs_9c2cec6	1827	320.55
pairs_a6e0c1c	1830	324.2
pairs_bf97a28	1830	315.72
pairs_c72ff72	1840	317.09000000000003
pairs_cafca11	1838	317.26
pairs_e801f6f	1859	321.24
pairs_f33cd06	1829	319.28000000000003
pools_2k_2361c95	1836	342.76
pools_2k_7d69f04	1845	336.51
pools_2k_e253f1f	1858	346.35
pairs_0092162	577	76.16999999999999
pairs_022cec1	593	53.03
pairs_04e2834	583	54.46
pairs_051f03f	590	54.72
pairs_057b364	570	49.54
pairs_06cd023	588	53.72
pairs_0752ef5	584	54.559999999999995
pairs_07938c8	586	48.49
pairs_07d62f2	593	56.65
pairs_0849c70	587	57.46
pairs_099bba8	594	54.36
pairs_0b35a50	581	45.980000000000004
pairs_0ccb096	598	54.67
pairs_15c7a6e	571	54.46
pairs_16d3c6b	573	53.06
pairs_172b339	593	54.849999999999994
pairs_199d420	580	47.28
pairs_1c4bc90	588	56.739999999999995
pairs_1e3ca97	581	54.849999999999994
pairs_22ffd5b	585	54.76
pairs_232bd0a	583	56.61
pairs_28ddeeb	573	49.0
pairs_2902de2	599	50.24
pairs_29ad334	570	56.5
pairs_29cdae4	569	56.03
pairs_29e64e0	584	55.85
pairs_2a7445c	585	54.82
pairs_2c2c9f5	589	52.15
pairs_30defe3	594	55.71
pairs_31b05a3	584	55.71
pairs_35594e8	573	45.93
pairs_3d88dce	576	49.47
pairs_3dd8382	587	56.95
pairs_3f9eaab	597	54.879999999999995
pairs_4121326	593	49.1
pairs_43d065b	592	57.08
pairs_441d765	582	49.55
pairs_44a5a3c	576	55.46
pairs_451346f	573	53.64
pairs_4597f34	579	49.56
pairs_45b5434	575	54.830000000000005
pairs_48075bd	571	46.36
pairs_4dce1d0	591	55.44
pairs_4e2cf18	578	46.72
pairs_4fec076	594	56.78
pairs_50035a4	579	48.169999999999995
pairs_5086a49	575	54.349999999999994
pairs_515663d	579	47.71
pairs_51a2e87	600	46.57
pairs_51f52e6	580	56.06999999999999
pairs_5220c56	591	53.5
pairs_549de22	568	52.84
pairs_54cd2d7	596	53.870000000000005
pairs_57c9364	594	55.760000000000005
pairs_58b91cd	587	45.75
pairs_5b04338	589	45.88
pairs_5b78fa7	579	50.56
pairs_5c5eddc	592	56.34
pairs_5d329d9	576	53.209999999999994
pairs_622da05	583	54.66
pairs_6408d79	593	46.269999999999996
pairs_6651efc	571	46.510000000000005
pairs_691c0c1	574	54.7
pairs_6af692c	584	47.61
pairs_6ba7da7	568	49.3
pairs_6dbe744	585	55.29
pairs_6e02879	582	52.160000000000004
pairs_6f9ddc9	597	55.809999999999995
pairs_6fd89b8	569	55.269999999999996
pairs_714a8b2	576	54.71
pairs_73eb1f2	576	49.11
pairs_767408d	592	56.71
pairs_77842d5	597	49.07
pairs_77bfdcb	582	51.56
pairs_77de792	584	45.879999999999995
pairs_799628b	584	46.379999999999995
pairs_7a47e47	600	49.220000000000006
pairs_8159291	574	49.9
pairs_8178f30	568	49.34
pairs_8215c9c	595	51.84
pairs_837391b	601	55.72
pairs_84df1b3	584	54.27
pairs_86d99e7	579	45.7
pairs_8711aa9	572	51.75
pairs_873fa75	578	53.21
pairs_87955a7	572	55.53
pairs_8870a27	595	45.66
pairs_8b7e9be	580	51.790000000000006
pairs_8bf64b5	577	54.35
pairs_8c5bf3f	574	55.89
pairs_8de2562	578	56.1
pairs_911518d	582	54.37
pairs_9288a0d	588	48.5
pairs_93d45f9	583	55.730000000000004
pairs_96e77e8	571	53.910000000000004
pairs_9a2a845	576	45.669999999999995
pairs_9b36a52	590	56.14
pairs_9bfb8f5	570	54.38
pairs_9e92d4f	586	57.35
pairs_9faefaa	570	56.17
pairs_a526edc	589	46.63
pairs_a626a28	596	55.8
pairs_a6382c9	582	51.08
pairs_a6862e6	599	46.480000000000004
pairs_a7233e1	577	55.51
pairs_a82d647	567	55.41
pairs_a893385	590	55.38
pairs_a975826	585	56.28
pairs_a97e3f3	587	56.16
pairs_aa76f7b	572	54.7
pairs_ac01a9a	591	51.74
pairs_ad39813	573	53.769999999999996
pairs_ad5520b	590	53.739999999999995
pairs_ae31eee	589	50.98
pairs_b148a94	578	45.75
pairs_b1cceac	582	53.5
pairs_b2be357	597	56.77
pairs_b3b98ab	601	47.41
pairs_b491fc8	570	45.79
pairs_b4cafa5	589	55.97
pairs_b84f041	579	56.879999999999995
pairs_b923a7a	601	49.949999999999996
pairs_b937cde	584	56.21000000000001
pairs_be02f61	594	54.52
pairs_be0a8eb	582	47.47
pairs_c1e67dc	599	56.76
pairs_c382552	574	46.09
pairs_c430809	568	56.39
pairs_c82e076	587	56.44
pairs_c92b11d	579	53.53
pairs_cb6a8ad	582	45.87
pairs_cb6c38e	596	53.43
pairs_cc990d5	588	48.449999999999996
pairs_cd84c00	575	50.57
pairs_cec5ba4	572	48.18000000000001
pairs_d04ebc7	578	48.400000000000006
pairs_d0c24d7	568	57.32
pairs_d104a0b	596	57.16
pairs_d2c2980	597	52.89
pairs_d3692dd	593	45.68
pairs_d52ae92	581	51.59
pairs_d7abfb0	597	56.480000000000004
pairs_db74d4b	601	57.09
pairs_dc6ba2c	574	53.99
pairs_deca588	582	52.69
pairs_df7f1a4	586	55.97
pairs_e22e03c	590	48.239999999999995
pairs_e30642e	583	52.67
pairs_e3b45dc	581	57.08
pairs_e45214f	591	51.35
pairs_e4533bf	597	55.72
pairs_e587467	574	56.39
pairs_e774cd9	597	51.47
pairs_e953ee5	596	56.69
pairs_ea27acd	567	47.5
pairs_ef5f943	578	47.42
pairs_f180e02	574	55.82
pairs_f683791	600	50.36
pairs_fb0b259	595	48.269999999999996
pairs_fd93fc6	577	46.61
pools_3k_5c8dc1e	3035	857.9499999999999
pools_3k_a6079ca	3035	856.3199999999999
pools_3k_a655760	3037	832.2
pools_3k_a84027f	3037	848.68
pools_3k_c0eb55a	3036	844.23
pools_3k_e989b7d	3036	827.5
pools_3k_fdd0226	3036	831.87
pools_5k_49e911c	5067	3101.8599999999997
pools_5k_a5a5508	5067	3063.55
pools_5k_ac8381e	5066	3085.4
pools_5k_5338d4c	5032	3130.0099999999998
pools_5k_f40fe2a	5033	3074.09
pools_5k_03752e2	5074	3038.0800000000004
pools_5k_0dca0b7	5072	3012.77
pools_5k_a73c42c	5073	3013.05
pairs_621665d	3421	1185.75
pairs_9e3cf01	3136	1146.62
pools_3k_4a030aa	3173	1169.08
pools_3k_4cb65ae	3234	1172.47
pools_3k_8335d4c	3120	1175.82
pools_3k_ab04b5e	3120	1194.58
pairs_7916dd2	2947	836.32
pairs_bbf46e7	2918	820.23
pools_3k_055aa8c	2867	838.0600000000001
pools_3k_06e10f9	2876	851.88
pools_3k_14bc6da	2868	857.33
pools_3k_4ab79f5	2948	855.35
pools_3k_8786133	2946	830.3199999999999
pools_3k_cb22dc7	2902	831.3599999999999
pools_3k_5339451	3060	890.96
pools_3k_64b55e4	3062	859.52
pools_3k_6772f8f	3061	864.9499999999999
pools_3k_679634b	3061	868.45
pools_3k_ac08ce2	3063	848.58
pools_3k_da68cfb	3063	853.99
pools_3k_f17d4a1	3060	854.62
pools_5k_b541af4	5104	3132.4700000000003
pools_5k_cd6757d	5105	3103.9900000000002
pools_5k_ddec3a5	5105	3109.46
pools_5k_66bd9c1	5072	3032.31
pools_5k_fcb9a7c	5072	3021.3
pools_5k_65d96bc	5014	3035.78
pools_5k_d6ba90b	5014	3002.29
pairs_8682913	2097	568.0600000000001
pools_2k_07ee6e7	2099	533.77
pools_2k_11458ff	2098	560.68
pools_2k_155e359	2097	558.45
pools_2k_1d90b1c	2098	538.19
pools_2k_39538a4	2098	555.4
pools_2k_3b5b1a8	2099	530.94
pools_2k_4b283bc	2097	549.35
pools_2k_6b8bdea	2099	547.92
pools_2k_74a52cc	2099	543.38
pools_2k_7b8a473	2098	553.17
pools_2k_9b2085b	2099	552.09
pools_2k_af2c907	2098	544.6800000000001
pools_2k_c6bd7c6	2098	560.03
pools_2k_e31ce7a	2099	562.66
pools_2k_e8490f9	2097	560.32
pools_2k_013aa58	2105	568.7
pools_2k_2749219	2106	553.91
pools_2k_406ffc2	2106	562.02
pools_2k_41ed572	2104	557.05
pools_2k_567bb9d	2106	551.53
pools_2k_5d24f8f	2105	555.74
pools_2k_5f1171e	2106	560.76
pools_2k_629fefe	2105	559.77
pools_2k_b80f9e4	2105	547.31
pools_2k_c0497eb	2104	537.82
pools_2k_cc4232b	2105	541.07
pools_2k_ceaac95	2105	555.36
pools_2k_d1fa4eb	2104	554.16
pools_2k_d50377d	2107	549.25
pools_2k_e453543	2105	543.23
pools_2k_ebff054	2107	539.6800000000001
pools_5k_b0c8d4f	5060	3045.24
pools_5k_edef8f3	5059	3065.2599999999998
pools_2k_0717495	2103	587.07
pools_2k_35cb6f6	2103	556.13
pools_2k_40dacd7	2103	561.39
pools_2k_4cf62c2	2104	526.36
pools_2k_5aceb6e	2103	549.0699999999999
pools_2k_5d0ff9f	2104	554.29
pools_2k_723dda2	2102	546.27
pools_2k_76c87ac	2104	556.74
pools_2k_904e621	2103	539.02
pools_2k_9b7b4e2	2103	546.87
pools_2k_a583c41	2103	541.6
pools_2k_b44ec4c	2103	519.35
pools_2k_bd3c1a7	2103	543.19
pools_2k_c5209cf	2103	532.65
pools_2k_d57c316	2104	550.18
pools_4k_39674bb	4020	1720.94
pools_4k_96395fd	4020	1686.5
pools_4k_af64ae1	4020	1690.27
pools_4k_b625e60	4020	1708.07
pools_3k_0dd82b4	3089	1212.38
pools_3k_1c8274f	3089	1209.14
pools_3k_27ed94f	3089	1207.65
pools_3k_3546bec	3087	1183.0800000000002
pools_3k_a94291a	3090	1215.89
pools_3k_f0b18f4	3088	1198.19
pools_3k_f36f47a	3087	1206.58
pools_3k_06ab459	3112	1251.74
pools_3k_07553f6	3111	1220.79
pools_3k_3011678	3112	1241.27
pools_3k_63f313b	3113	1199.35
pools_3k_93c9095	3112	1217.89
pools_3k_af2c157	3113	1229.59
pools_3k_e796b16	3114	1229.57
pairs_6a25a91	2102	559.52
pools_2k_098dabc	2102	548.71
pools_2k_0bfd915	2101	557.77
pools_2k_170932d	2102	561.05
pools_2k_181e3d8	2102	532.76
pools_2k_21cb433	2101	542.04
pools_2k_2d4143c	2101	557.51
pools_2k_5accd13	2102	554.28
pools_2k_600806d	2102	555.64
pools_2k_72352e6	2101	558.3
pools_2k_7c5cdca	2101	560.41
pools_2k_827d0f1	2102	525.99
pools_2k_87dc871	2102	558.96
pools_2k_9a1e420	2102	548.96
pools_2k_dfb9ebc	2102	551.59
pools_2k_ea56f2d	2101	549.05
pairs_013307e	2422	558.46
pairs_0210663	2425	516.02
pairs_0966627	2361	514.41
pairs_2661778	2424	532.1
pairs_3d60eae	2394	530.53
pairs_767b1ed	2355	529.2
pairs_84fe368	2390	530.37
pairs_902498b	2397	526.29
pairs_d7a02fd	2374	524.66
pools_2k_f13dcc0	2345	538.12
pools_3k_49fd18d	2352	544.44
pools_4k_231161f	4086	1795.1
pools_4k_2832fd3	4086	1764.23
pools_4k_dc77d6c	4086	1771.1399999999999
pools_3k_0b1f251	3045	886.9200000000001
pools_3k_277b81b	3046	866.51
pools_3k_468d1f6	3045	837.97
pools_3k_a4b98fa	3045	859.22
pools_3k_c3abaf6	3046	860.9599999999999
pools_3k_ebb5a83	3045	870.72
pools_3k_eca679c	3045	854.4499999999999
pools_4k_12a535d	4099	2282.0699999999997
pools_4k_92f4854	4099	2253.81
pools_4k_96d594c	4099	2266.49
pools_4k_b2f6f90	4098	2237.02
pairs_4df4b94	2048	362.79
pairs_947239c	2047	333.47999999999996
pairs_d3b4c94	2045	341.92
pools_2k_13b9b90	2049	585.06
pools_2k_2dec8f0	2046	337.09
pools_2k_534a344	2048	343.27000000000004
pools_2k_639a9b1	2045	348.54
pools_2k_6d27b13	2045	335.51
pools_2k_7b0ff1a	2049	560.23
pools_2k_9c2dc56	2048	365.07
pools_2k_b9c2127	2047	351.15000000000003
pools_2k_bac2a17	2048	355.06
pools_2k_bb7af02	2048	368.12
pools_2k_c65932c	2048	340.46000000000004
pools_2k_e79c4f8	2045	359.93
pools_2k_eb47ae5	2046	348.22
pools_3k_1800055	3078	1238.89
pools_3k_2b2c3e5	3078	1214.76
pools_3k_46caba1	3077	1215.84
pools_3k_56b94ac	3078	1196.42
pools_3k_83829ea	3077	1190.14
pools_3k_8faf14e	3078	1219.83
pools_3k_bf69e52	3078	1226.01
pools_4k_49b90eb	4040	1701.1499999999999
pools_4k_c7cac9c	4040	1715.68
pools_4k_d280e93	4040	1693.9199999999998
pools_4k_0322186	4100	2321.1400000000003
pools_4k_1e283e5	4100	2278.91
pools_4k_4d07034	4100	2273.5299999999997
pairs_3afd918	1990	359.66999999999996
pairs_51a1e1f	1987	346.15
pairs_809e6c6	1989	320.01000000000005
pools_2k_1aaccde	1987	326.21
pools_2k_40f3b3b	1993	324.51000000000005
pools_2k_55867da	1988	352.24
pools_2k_6ddccf4	1989	331.5
pools_2k_7a78410	1994	353.28000000000003
pools_2k_895ba97	1994	341.68
pools_2k_8d50d59	1993	340.64
pools_2k_94129cb	1993	339.39
pools_2k_97cdb8f	1987	340.32
pools_2k_a9d9404	1989	344.28999999999996
pools_2k_c080115	1994	325.58
pools_2k_cff929d	1986	349.09000000000003
pools_2k_e5a8a89	1990	348.39
pools_2k_fb68905	1987	327.09
pools_5k_695ef2e	5066	3130.6499999999996
pools_5k_d46a383	5066	3086.29
pairs_01b6623	551	75.81
pairs_02e2a78	549	51.029999999999994
pairs_03fd761	564	52.739999999999995
pairs_0563493	539	45.64
pairs_06bad5f	549	51.49
pairs_070de4f	559	53.59
pairs_07839be	547	54.63
pairs_07d8b58	555	55.480000000000004
pairs_0bbd279	535	47.58
pairs_0c5179b	549	56.620000000000005
pairs_0e2b9b6	550	55.01
pairs_0e44cc3	564	52.230000000000004
pairs_1026d3f	564	50.96
pairs_13e6893	552	48.21
pairs_149ce14	550	47.83
pairs_181e38b	558	50.61
pairs_18410aa	546	53.69
pairs_191a225	557	52.980000000000004
pairs_1b13ac3	552	55.089999999999996
pairs_1d73fbe	551	53.190000000000005
pairs_1fa4dd8	535	52.300000000000004
pairs_210caa9	550	53.05
pairs_21903b6	546	55.64
pairs_227eedf	565	48.940000000000005
pairs_236a34f	565	57.269999999999996
pairs_2478bbf	565	48.58
pairs_2666d3a	551	45.7
pairs_28c0503	560	55.72
pairs_2906df4	553	45.7
pairs_2cd41b9	548	55.96
pairs_2f4dc41	548	55.769999999999996
pairs_302ad7e	555	55.86
pairs_31af482	554	55.83
pairs_3523aea	556	53.77
pairs_3953337	550	52.879999999999995
pairs_3b8af36	544	55.26
pairs_3fa001a	554	47.49
pairs_42d1ff9	560	54.59
pairs_4430e53	534	54.75
pairs_44408e6	540	45.65
pairs_44c741e	561	49.76
pairs_457660b	537	54.2
pairs_46175a0	545	48.1
pairs_4a10797	535	55.42
pairs_4a691bb	566	55.78
pairs_4b543cb	538	55.449999999999996
pairs_4b99841	558	45.71
pairs_4e91e55	560	54.56
pairs_4f30a47	547	55.76
pairs_4fdf054	541	47.66
pairs_50132c5	541	45.33
pairs_5183cfc	540	48.79
pairs_537e0b9	539	50.400000000000006
pairs_556a10b	563	46.36
pairs_55cf820	554	48.46
pairs_56502d2	542	51.39
pairs_56bfee6	545	52.74
pairs_5746c20	545	49.87
pairs_597d446	546	54.589999999999996
pairs_5a6a1b6	558	47.05
pairs_5caa8bb	552	53.8
pairs_5ce661e	543	56.08
pairs_5e77675	546	52.72
pairs_5ee3090	542	49.65
pairs_60a8e75	565	46.09
pairs_6203f5a	554	55.370000000000005
pairs_6584537	539	54.15
pairs_6a0fdd6	550	51.019999999999996
pairs_6a58312	537	54.15
pairs_6eeea24	547	51.41
pairs_704cafc	540	49.54
pairs_71681be	548	48.46
pairs_71c227f	549	46.21
pairs_72eeb4e	546	54.13
pairs_732b306	555	45.879999999999995
pairs_7568c40	566	52.16
pairs_772299b	559	53.46
pairs_774ac1d	534	56.099999999999994
pairs_77de5f8	552	55.07
pairs_78f41cc	548	56.38
pairs_7a6fca3	537	49.650000000000006
pairs_7b7ff7a	536	49.95
pairs_7e10f3d	537	52.54
pairs_7f7e3e5	536	46.150000000000006
pairs_81a1080	557	48.26
pairs_81c4cc0	545	53.3
pairs_8382c93	561	56.89
pairs_83baf0e	542	54.19
pairs_8468cc5	538	52.519999999999996
pairs_84ed319	550	49.53
pairs_86f36d9	565	52.41
pairs_890e32f	543	55.33
pairs_89b49dd	562	46.169999999999995
pairs_8e4dff5	557	50.150000000000006
pairs_8eeb90b	541	47.64
pairs_90cd31a	558	49.25
pairs_94b7ce0	536	50.21
pairs_9595097	541	45.300000000000004
pairs_969876d	534	54.11
pairs_9775158	549	55.98
pairs_985c7df	552	55.519999999999996
pairs_9c76c3c	541	51.39
pairs_9df111b	551	52.300000000000004
pairs_9eeb2b0	561	47.55
pairs_9efe9fb	536	45.06999999999999
pairs_a13480c	554	47.910000000000004
pairs_a4494a7	562	53.28
pairs_a466714	557	49.77
pairs_a576348	548	45.36
pairs_a8c70b5	566	56.32
pairs_aca529c	547	49.5
pairs_ad41ea0	565	57.089999999999996
pairs_b2b4600	557	56.19
pairs_b520efe	547	56.42
pairs_b6434a9	553	46.019999999999996
pairs_b7fd46a	565	53.620000000000005
pairs_b84ee4e	548	45.9
pairs_b927c8a	549	56.400000000000006
pairs_ba15fff	538	54.269999999999996
pairs_ba8df20	551	46.04
pairs_bd63a6e	545	48.199999999999996
pairs_c001e8d	552	54.54
pairs_c2698e1	541	54.01
pairs_c53c583	556	54.85
pairs_c6763f6	560	48.019999999999996
pairs_ca44828	534	46.54
pairs_cb221f9	563	52.89
pairs_cb4621d	550	53.72
pairs_cc4dd63	541	48.37
pairs_cdef5eb	546	55.17
pairs_ce269e2	561	56.31
pairs_d184965	561	47.230000000000004
pairs_d1a9645	557	54.010000000000005
pairs_d274c06	556	53.04
pairs_d313c29	553	54.93000000000001
pairs_d4f8c5c	543	45.46
pairs_d964521	540	47.980000000000004
pairs_dada21a	554	52.91
pairs_db13119	540	55.75
pairs_dc85c0c	547	45.589999999999996
pairs_dc9e2a8	535	52.87
pairs_ded3a11	554	53.09
pairs_dff8e81	548	47.620000000000005
pairs_e0ed7e7	546	45.75
pairs_e13ace1	554	49.650000000000006
pairs_e7e0c56	552	54.72
pairs_e813399	561	54.78
pairs_e881ed2	556	53.02
pairs_e8862a9	544	52.8
pairs_e8bc390	544	52.36
pairs_e9c4e4f	535	55.099999999999994
pairs_eb707f8	549	48.07
pairs_eda4f8e	551	56.53
pairs_eee42ba	562	55.07
pairs_f05d94b	561	55.84
pairs_f0b6cdf	546	54.58
pairs_f3e111e	552	54.12
pairs_f515390	561	52.93
pairs_f6e2501	551	56.57
pairs_f791b7e	551	50.72
pairs_f796b73	535	53.160000000000004
pairs_f86f543	558	53.17
pairs_fc4206e	545	53.61
pairs_fc9bbee	561	55.47
pairs_fd2bc84	555	50.88
pairs_fd321d2	542	45.989999999999995
pairs_fd56043	544	45.26
pairs_feea88e	561	45.89
pairs_fefff3e	552	49.96
pairs_ff3be7c	535	47.81999999999999
pools_5k_073c718	5037	2991.62
pools_5k_37820d1	5037	2995.39
pools_5k_43eaa2c	5091	3013.91
pools_5k_bb85b88	5091	2980.05
pools_5k_6c56d07	5024	3032.38
pools_5k_95b0538	5024	3013.2400000000002
pools_5k_7048e72	5036	3078.0499999999997
pools_5k_99ba03f	5036	3061.7999999999997
pools_5k_fd16d98	5036	3021.7200000000003
pairs_0558563	1188	161.78
pairs_05db9aa	1184	123.34
pairs_0e7747b	1192	130.13
pairs_11cd29c	1176	117.13000000000001
pairs_13e87be	1205	139.91
pairs_20be033	1179	135.81
pairs_21351b3	1176	136.05
pairs_2aac0ad	1208	140.38
pairs_2c65308	1187	141.29000000000002
pairs_3aa4850	1209	130.3
pairs_3ac4c8a	1202	138.99
pairs_3db271a	1205	130.91
pairs_3e7ecd4	1185	137.25
pairs_4982038	1204	139.83
pairs_4cc9c78	1198	140.33
pairs_4e5afa0	1200	118.07
pairs_4ea02ae	1183	139.66
pairs_56cbb04	1188	137.26
pairs_5e27b83	1188	133.19
pairs_60ed039	1172	140.06
pairs_72fac9e	1196	135.38
pairs_73d0f64	1176	137.63
pairs_7a869f2	1189	135.24
pairs_8398714	1192	137.26999999999998
pairs_8708579	1176	129.16
pairs_8c3f220	1196	125.84
pairs_925a725	1189	124.13
pairs_98b6250	1205	131.25
pairs_9b1f48e	1175	129.55
pairs_a7cf347	1180	117.64999999999999
pairs_a9e82db	1186	138.26
pairs_ab66923	1177	137.97
pairs_b58eba5	1192	135.52
pairs_b593742	1195	135.25
pairs_b6be7bf	1181	131.17
pairs_b7b280f	1185	131.95
pairs_b833385	1200	138.60999999999999
pairs_bbca271	1180	141.95
pairs_bed953b	1174	139.06
pairs_bfe6eb9	1200	133.89
pairs_c04cc39	1172	125.44
pairs_c326412	1173	140.51999999999998
pairs_c756548	1190	128.88
pairs_cc43e30	1204	141.25
pairs_dc87131	1189	126.63
pairs_ee33987	1182	136.98
pairs_f2ac9c0	1209	141.11
pairs_f41e6ea	1185	130.63
pairs_f552238	1175	128.95
pairs_f881d82	1175	130.88
pairs_fe3e99d	1175	135.60000000000002
pools_3k_be122ec	1193	128.79
pools_4k_474a9e7	4113	2379.5099999999998
pools_4k_746307d	4112	2352.6600000000003
pools_4k_a280cf4	4113	2344.63
pools_4k_5426b7c	4083	1763.94
pools_4k_aa1f5a2	4083	1697.86
pools_4k_b290030	4083	1705.6100000000001
pools_4k_cba7654	4082	1722.87
pairs_055e355	1907	348.23999999999995
pairs_22e5427	1905	314.28000000000003
pairs_32ef51b	1897	314.06
pairs_440dccd	1908	319.71999999999997
pairs_b9d19c4	1903	313.36
pairs_d25e152	1896	312.07000000000005
pairs_f6e4034	1900	320.09
pools_2k_204f3ed	1904	339.14
pools_2k_5c5d2f1	1911	333.79
pools_2k_641127a	1898	330.23
pools_2k_7501fe6	1911	337.65999999999997
pools_2k_8757696	1910	341.59000000000003
pools_2k_8ffd56f	1901	343.13
pools_2k_9115ab1	1898	343.15999999999997
pools_2k_9ebdd75	1898	328.11
pools_2k_a60e3ba	1909	347.78999999999996
pools_2k_b831fd1	1898	347.58000000000004
pools_2k_ba301c4	1903	326.15
pools_2k_f767912	1899	317.65999999999997
pools_3k_0fc8a2d	3110	1219.65
pools_3k_38d473a	3110	1163.53
pools_3k_b743c75	3111	1187.99
pools_3k_bea7170	3111	1185.4
pools_3k_d24986a	3109	1181.87
pools_3k_ef02646	3111	1175.1000000000001
pairs_00b1df7	424	60.82
pairs_015c367	431	29.07
pairs_0320de9	435	28.48
pairs_037553c	414	24.79
pairs_0466a4e	407	24.66
pairs_04c9507	415	31.400000000000002
pairs_054b65a	435	31.07
pairs_05ec45d	435	28.869999999999997
pairs_070df12	422	25.5
pairs_083b813	407	30.240000000000002
pairs_08c8377	431	27.68
pairs_09247f2	411	29.060000000000002
pairs_0cdfeae	421	28.14
pairs_0e50f1e	435	27.48
pairs_10a350b	423	26.689999999999998
pairs_127fb62	429	30.64
pairs_12fbc37	413	27.900000000000002
pairs_1385307	417	31.35
pairs_13b21f5	415	24.970000000000002
pairs_1592464	429	29.66
pairs_1c106ee	435	28.96
pairs_1c31fe4	416	31.33
pairs_1f0e34f	418	32.21
pairs_1f78d7a	429	28.47
pairs_2067409	420	29.29
pairs_2116b9c	434	24.96
pairs_2503da3	430	25.25
pairs_26ac7dc	411	32.47
pairs_26b10b5	426	27.490000000000002
pairs_2704041	434	26.96
pairs_27c2194	415	27.94
pairs_28a8f76	434	27.1
pairs_295d191	419	27.770000000000003
pairs_29a2e9e	432	27.64
pairs_29f11c1	417	25.55
pairs_2b796c6	420	25.2
pairs_2d565d1	415	26.89
pairs_2da1ad4	421	31.77
pairs_2e585ae	423	31.89
pairs_2eed649	411	28.42
pairs_2f75012	433	29.480000000000004
pairs_32dc224	417	26.770000000000003
pairs_34909c9	431	32.64
pairs_34d3598	419	27.09
pairs_396b93c	421	27.23
pairs_39929a1	415	32.11
pairs_39ec866	426	26.98
pairs_3adfcb6	430	31.189999999999998
pairs_3b08d66	424	29.14
pairs_3c86bf3	430	25.98
pairs_3ede9b1	418	25.34
pairs_3f9377d	422	25.11
pairs_40a5f81	417	26.83
pairs_4321132	428	25.42
pairs_4373649	432	32.04
pairs_4501f31	413	29.25
pairs_468a106	429	30.0
pairs_4711842	424	25.07
pairs_48deb71	426	28.97
pairs_4a07322	418	31.490000000000002
pairs_4a7e24a	414	29.0
pairs_4ace058	424	30.07
pairs_4b31e94	428	30.729999999999997
pairs_4b5380b	422	24.91
pairs_4bca848	422	29.69
pairs_51aae62	412	31.020000000000003
pairs_52513c2	417	24.720000000000002
pairs_530fe6b	430	31.29
pairs_5349faa	409	27.29
pairs_5467ba5	425	32.69
pairs_567cae0	427	31.71
pairs_583900b	412	25.23
pairs_58bd39e	415	30.21
pairs_5a00d67	416	31.75
pairs_5b05d1b	409	24.939999999999998
pairs_5b89f8e	428	29.83
pairs_5b8fc23	421	27.259999999999998
pairs_5ba8da9	418	24.990000000000002
pairs_5c92f64	409	29.37
pairs_5d10d35	414	29.28
pairs_5eeff31	414	31.77
pairs_5f38c74	412	29.71
pairs_602fdac	419	31.939999999999998
pairs_60e53b9	430	28.51
pairs_62d6526	425	29.659999999999997
pairs_62f3e91	422	24.689999999999998
pairs_63a0cae	411	28.549999999999997
pairs_6561a77	420	25.42
pairs_65a6ed0	419	27.72
pairs_666bfdf	428	28.86
pairs_6832c5c	420	29.83
pairs_69f2c16	435	33.26
pairs_69f3ff0	433	28.57
pairs_6b55b6d	414	29.630000000000003
pairs_6ddcbf9	408	27.75
pairs_6e6239f	411	28.68
pairs_6f8e37f	434	26.89
pairs_715ca9c	420	30.18
pairs_728ce30	416	30.12
pairs_72ce56c	430	30.91
pairs_737a61e	417	31.95
pairs_763dc55	412	27.740000000000002
pairs_766ed82	414	31.15
pairs_768448e	430	26.660000000000004
pairs_77cd599	414	32.14
pairs_7815c1e	414	26.21
pairs_78b34ec	433	29.64
pairs_78e47f6	408	28.909999999999997
pairs_7aa340b	425	29.97
pairs_7aaca34	415	29.42
pairs_7b712be	427	29.64
pairs_7d07f46	414	30.259999999999998
pairs_7d3b433	424	31.589999999999996
pairs_7dab8b3	434	30.22
pairs_7dd25df	416	30.82
pairs_7f2938d	427	25.18
pairs_8018233	423	27.990000000000002
pairs_820d919	427	25.5
pairs_8313384	432	26.58
pairs_84474a6	420	30.619999999999997
pairs_84a9b9b	410	32.31
pairs_84ecbe7	409	30.020000000000003
pairs_8507e54	419	27.160000000000004
pairs_8957928	427	24.95
pairs_8a06fe6	424	29.380000000000003
pairs_8a3fb5a	433	24.990000000000002
pairs_8a7106d	418	29.400000000000002
pairs_8ab5739	424	25.29
pairs_8c07bab	432	25.56
pairs_8dca598	418	31.200000000000003
pairs_8eb207b	425	27.24
pairs_903e894	418	29.83
pairs_90f2510	421	28.869999999999997
pairs_91f368f	424	27.12
pairs_95463e4	416	24.94
pairs_95fa86e	415	27.96
pairs_983443b	415	30.159999999999997
pairs_9964174	428	29.29
pairs_9c5bb80	432	25.259999999999998
pairs_9c7cf6e	409	30.480000000000004
pairs_a0f1563	417	27.9
pairs_a190a67	434	32.89
pairs_a3a7994	419	28.3
pairs_a4ac583	421	25.869999999999997
pairs_a761167	432	31.990000000000002
pairs_a9ab5c7	409	30.38
pairs_a9b70ff	410	29.22
pairs_acba995	428	29.200000000000003
pairs_ad8716e	420	30.67
pairs_ae59ef8	410	29.19
pairs_ae5f5e0	407	27.45
pairs_aeef6f9	427	27.270000000000003
pairs_af4cd49	426	31.89
pairs_b3541b9	428	31.79
pairs_b380b62	414	27.28
pairs_b40a0a5	410	30.130000000000003
pairs_b956892	411	25.4
pairs_b97c81c	432	26.95
pairs_bb04db6	413	27.479999999999997
pairs_bc714c2	410	24.78
pairs_bdc1dcd	432	24.89
pairs_bdfc270	426	32.89
pairs_c02d9b4	408	25.0
pairs_c208524	419	30.650000000000002
pairs_c438b3b	420	25.009999999999998
pairs_c5c50e4	431	25.009999999999998
pairs_c6f1848	422	29.240000000000002
pairs_c6faee8	425	28.28
pairs_c7eac1b	425	31.0
pairs_cbda5ab	427	31.2
pairs_ce14fc4	408	24.910000000000004
pairs_d00d8c7	411	28.330000000000002
pairs_d298fc2	411	27.73
pairs_d3d5a6b	433	33.06
pairs_db011ac	410	24.840000000000003
pairs_de86283	435	32.79
pairs_e1830aa	415	27.810000000000002
pairs_e1e6cff	431	27.740000000000002
pairs_e25060f	427	31.56
pairs_e54c871	429	32.78
pairs_e6202d9	415	32.08
pairs_e872cef	419	32.48
pairs_e878e04	424	26.56
pairs_e8b5c0d	409	26.75
pairs_ea40c3c	433	25.18
pairs_eb83871	423	26.759999999999998
pairs_ec19132	431	31.840000000000003
pairs_ed38569	417	31.730000000000004
pairs_eea4901	435	25.56
pairs_eefa58f	421	27.490000000000002
pairs_f2582c6	432	31.89
pairs_f2bbc6e	429	27.48
pairs_f500ea3	434	31.810000000000002
pairs_f707c8b	427	29.32
pairs_f7c95a8	410	26.79
pairs_f838d91	430	28.53
pairs_f9e9175	418	26.63
pairs_fae75f3	407	28.299999999999997
pairs_fbebbcf	423	31.980000000000004
pairs_fc13c87	425	25.020000000000003
pairs_fe6948d	428	26.8
pairs_fe9959e	419	24.97
pairs_ff30870	408	27.8
pools_5k_1c99639	5088	3103.78
pools_5k_5f5cdb7	5088	3102.37
pools_5k_969872e	5089	3106.1699999999996
pools_3k_0c0ebdd	3018	832.75
pools_3k_30cbca4	3017	848.5
pools_3k_3cf99eb	3020	826.6
pools_3k_45d0867	3020	841.01
pools_3k_77fbff8	3019	849.9
pools_3k_bace41e	3021	838.1300000000001
pools_3k_e45b532	3018	843.8299999999999
pools_4k_2f1459e	4065	1773.23
pools_4k_4662bbb	4066	1709.0500000000002
pools_4k_a5ebead	4065	1766.5900000000001
pools_4k_fc031cf	4066	1719.6799999999998
pools_4k_2b506b6	4105	2315.3599999999997
pools_4k_bc369fb	4106	2292.94
pools_4k_d7b2ead	4105	2262.3399999999997
pools_3k_0e09912	3017	863.5699999999999
pools_3k_0e9395b	3017	817.16
pools_3k_2cb8d10	3016	838.5799999999999
pools_3k_3826ccf	3016	826.7800000000001
pools_3k_759f2a6	3016	831.5600000000001
pools_3k_b33d702	3017	815.0
pools_3k_f2e5828	3016	808.03
pools_3k_3da9ce0	3054	884.31
pools_3k_4c583a1	3054	846.27
pools_3k_5d44078	3056	842.39
pools_3k_8982edf	3055	857.6
pools_3k_8a24dbb	3057	848.5500000000001
pools_3k_a0e93ee	3055	846.66
pools_3k_d03b632	3054	822.49
pools_4k_16d0478	4045	1750.9
pools_4k_9612b6f	4044	1707.08
pools_4k_a5d47a6	4044	1723.43
pools_4k_d6de23e	4045	1727.82
pools_4k_197d6a1	4117	2340.95
pools_4k_342f028	4117	2322.8100000000004
pools_4k_e1f5007	4118	2319.48
pools_4k_e713ff6	4117	2308.39
pools_5k_0941025	5084	3019.0099999999998
pools_5k_e6b7571	5085	2989.89
pools_3k_100c810	3065	861.31
pools_3k_43bda07	3064	851.57
pools_3k_46a1a3c	3064	867.89
pools_3k_4b20fad	3065	830.81
pools_3k_8a72f98	3066	848.6
pools_3k_b3cfaca	3065	847.91
pools_3k_f3220de	3065	855.03
pairs_00a6115	1023	124.91999999999999
pairs_01b06f0	1017	92.55
pairs_023f1af	1011	93.60000000000001
pairs_0343e85	1030	142.38
pairs_03692a2	1025	131.68
pairs_0aaa4dc	1030	127.46000000000001
pairs_0c5d096	1015	93.65
pairs_12f6435	1031	133.74
pairs_1636ac4	1016	96.76
pairs_17b26b4	1024	95.94999999999999
pairs_17eb466	1031	114.76
pairs_1895a29	1028	126.14999999999999
pairs_1abbdc2	1029	132.01999999999998
pairs_2124d18	1017	94.86
pairs_2fd4bd4	1024	80.49
pairs_377b4c3	1029	133.62
pairs_383c3ac	1033	115.65
pairs_39ba53c	1016	93.18
pairs_3a43b69	1012	94.21
pairs_3f07852	1013	76.92999999999999
pairs_4056318	1011	90.93
pairs_46476e5	1023	96.63
pairs_4e7e75d	1018	90.64999999999999
pairs_5066916	1033	133.92
pairs_5171000	1024	90.57
pairs_52c3914	1013	91.51
pairs_5453312	1032	134.98
pairs_556aae2	1010	94.3
pairs_558e96b	1010	94.8
pairs_5aca330	1011	95.62
pairs_5acfb24	1018	84.73
pairs_5ad6029	1028	118.10000000000001
pairs_608e4a3	1014	89.42999999999999
pairs_62855b2	1024	89.44
pairs_652cf23	1016	93.69
pairs_74d6965	1023	89.00999999999999
pairs_75102cc	1031	134.83
pairs_75fa207	1032	134.72
pairs_7c215a1	1013	93.71
pairs_7ca0e2c	1021	88.52
pairs_8d07924	1019	79.45
pairs_9015d9d	1027	114.4
pairs_92bdae4	1020	96.09
pairs_9b21baa	1015	96.67999999999999
pairs_a4a7dc9	1029	132.97
pairs_aa65a99	1023	96.89
pairs_ace0f0c	1020	95.4
pairs_add69cd	1025	128.02
pairs_afd3e32	1032	133.17000000000002
pairs_afe2626	1022	86.53
pairs_b0ee5c6	1015	92.47
pairs_b58dd9b	1013	96.47
pairs_b9c37f6	1030	126.81
pairs_be5a3b0	1020	89.53
pairs_bef4e81	1021	94.44
pairs_ccf4d4b	1013	96.65
pairs_d0c8bc3	1024	95.45
pairs_d2e11ee	1032	131.45
pairs_d4f371f	1019	93.82000000000001
pairs_db16f99	1010	79.08
pairs_ee60672	1024	76.45
pairs_f009c9c	1031	134.41
pairs_f04ba03	1014	92.8
pairs_f4654d4	1017	92.94999999999999
pairs_f7a5c5e	1031	133.02
pairs_f99bef6	1031	114.92
pairs_f9a4ade	1028	127.58
pairs_fdbcb51	1029	114.28999999999999
pools_5k_2f4ebb0	5000	3094.29
pools_5k_2ff4cd2	5001	3080.34
pairs_007a3ac	636	89.63
pairs_0578cc3	651	60.44
pairs_06ade5d	648	55.62
pairs_08a7afc	645	56.400000000000006
pairs_09a9c6a	647	50.06
pairs_09ff05c	633	46.44
pairs_11c4ebd	649	60.67
pairs_139091f	644	55.379999999999995
pairs_15d53c9	659	51.9
pairs_15d71ce	658	58.21
pairs_15e5cd5	634	49.64
pairs_163de9b	637	58.550000000000004
pairs_168f27b	642	56.150000000000006
pairs_17a3712	659	59.63
pairs_1974847	647	48.05
pairs_1e29017	641	56.67
pairs_1f08d75	656	59.95
pairs_2223ba9	660	50.06
pairs_24dfd05	646	49.15
pairs_2713f27	656	59.75
pairs_279771d	655	60.17
pairs_29b75c7	649	50.8
pairs_2b61638	640	57.44
pairs_2bbc138	661	59.11
pairs_2d239ea	649	46.72
pairs_2e01b14	658	49.47
pairs_2ecd7c5	646	55.32
pairs_2fe5fee	635	58.760000000000005
pairs_2fe84f0	659	53.52
pairs_340ad46	653	48.44
pairs_373efb0	654	58.14
pairs_37ed8a8	658	47.11
pairs_3989aa4	646	59.2
pairs_3d118ad	642	54.459999999999994
pairs_410f5ab	656	46.39
pairs_425459a	658	59.21
pairs_445a794	635	55.88
pairs_449bb90	659	56.480000000000004
pairs_45991c7	647	55.44
pairs_4904f5b	662	47.36
pairs_4919539	658	50.650000000000006
pairs_4963eb6	657	56.39999999999999
pairs_4e6494a	643	51.47
pairs_4ed6ee2	658	54.09
pairs_56f2fb7	633	49.35
pairs_57903c6	650	58.39
pairs_57c235d	658	59.69
pairs_58daa65	652	46.43
pairs_59c0e9d	633	46.07
pairs_5a08728	660	57.989999999999995
pairs_5a0a615	652	47.0
pairs_5bcbc07	648	52.519999999999996
pairs_5cb7638	634	58.629999999999995
pairs_6487e0f	650	58.92
pairs_65a38f7	657	59.599999999999994
pairs_65cf964	635	56.56
pairs_6718ea7	635	46.5
pairs_67c731a	635	57.95
pairs_68f4754	652	59.989999999999995
pairs_6a1bb46	638	59.3
pairs_6b32ed9	638	46.69
pairs_6de7ae3	642	51.019999999999996
pairs_7141ece	657	53.120000000000005
pairs_72b7309	659	57.85
pairs_730b7f8	650	57.86
pairs_736fc0a	646	58.77
pairs_752e0f2	651	57.32
pairs_75c28cf	653	58.42
pairs_76c59d1	646	54.01
pairs_76fae2e	641	59.45
pairs_7d7f67b	661	50.65
pairs_80b00dc	640	58.09
pairs_8116c00	648	57.41
pairs_83153ef	654	54.47
pairs_8493ea7	660	56.11
pairs_8793db3	638	55.26
pairs_88b9499	653	46.230000000000004
pairs_88ef24a	657	58.51
pairs_88f4bd8	643	55.39
pairs_898ba11	660	58.269999999999996
pairs_8af77d1	646	53.779999999999994
pairs_8c24bee	649	56.9
pairs_8ca7b9e	659	58.349999999999994
pairs_8e4acca	644	46.49
pairs_8e628eb	653	57.550000000000004
pairs_8ed473c	655	55.54
pairs_919beb4	662	56.8
pairs_91dde45	638	46.96
pairs_935441a	660	58.69
pairs_93aec05	639	59.58
pairs_93d7530	653	60.06
pairs_9855fc9	644	56.2
pairs_9dbac6b	646	55.730000000000004
pairs_9fcefbf	654	55.97
pairs_a1350f0	662	59.11
pairs_a2ab512	661	56.480000000000004
pairs_a338c95	634	52.64
pairs_a35768d	657	47.21
pairs_a6be079	659	59.839999999999996
pairs_a7b8d0b	646	52.05
pairs_a923d8e	645	46.57
pairs_a9c2f8a	651	54.15
pairs_aa256e0	644	56.27
pairs_aa4416c	660	53.769999999999996
pairs_ab6a8fc	640	47.93
pairs_ad25b6b	657	48.95
pairs_b307335	654	47.11
pairs_b31f9e2	658	59.14
pairs_b538ad0	652	52.95
pairs_b612999	660	56.85
pairs_b6704a5	658	52.81
pairs_bb78fa5	652	48.55
pairs_bbbafdb	655	57.6
pairs_bc3818c	661	56.0
pairs_bcc8ed8	634	53.38
pairs_bdba6fa	660	59.81999999999999
pairs_bddaf01	633	56.56
pairs_c298bcf	654	50.040000000000006
pairs_c491506	655	49.56
pairs_c601564	647	58.13
pairs_ca14b03	637	56.72
pairs_cd21fdb	656	52.39
pairs_d0b5212	657	52.129999999999995
pairs_d47a816	635	58.59
pairs_d86fcef	639	57.67999999999999
pairs_d94e781	662	48.82
pairs_d9cb1cc	634	54.14
pairs_da875cd	653	52.24
pairs_daed8bb	643	55.44
pairs_dd79c07	647	58.510000000000005
pairs_ddceed3	652	50.83
pairs_e0d4e61	641	47.68
pairs_e3b9a3c	644	52.7
pairs_e4e25b6	662	46.760000000000005
pairs_e65e2e1	642	53.809999999999995
pairs_eaf4c0b	640	52.76
pairs_ed038af	646	48.370000000000005
pairs_ef2f26b	650	50.2
pairs_f160f2f	651	56.42
pairs_f33fea6	637	56.68
pairs_f7045e9	641	58.849999999999994
pairs_f865fc3	657	56.58
pools_4k_5130810	3551	1301.49
pools_4k_79e9810	3794	1760.1000000000001
pools_4k_c4dbfa3	3722	1725.6799999999998
pools_5k_1217088	3766	1705.1299999999999
pools_4k_2c51a34	4108	2291.13
pools_4k_7498651	4107	2273.84
pools_4k_8f94f4e	4106	2266.2200000000003
pools_4k_debd2a8	4107	2264.9900000000002
pairs_01a0581	716	83.72
pairs_08539e7	695	60.41
pairs_0cae1a6	701	58.85
pairs_0d8e629	710	49.38
pairs_0d91cc9	694	47.56
pairs_0e348cd	715	61.42
pairs_105fdcb	695	59.900000000000006
pairs_1170eb0	716	53.36
pairs_12f325f	697	55.370000000000005
pairs_1473f62	706	49.129999999999995
pairs_17905b1	707	59.68
pairs_194f90a	713	52.92
pairs_1e1fe28	692	49.34
pairs_1ed6106	691	60.78
pairs_1f648bd	692	59.21
pairs_209e364	716	54.89
pairs_22f52be	706	57.78
pairs_23d30ce	716	61.01
pairs_25d2fe1	707	47.06
pairs_263c795	693	60.93
pairs_293cdf1	697	49.760000000000005
pairs_2b5d5c3	704	58.14
pairs_2ba69d1	709	57.77
pairs_2f60d80	697	58.8
pairs_2fbef71	695	59.16
pairs_31516b0	698	57.24
pairs_33762e3	702	59.08
pairs_355855e	696	54.0
pairs_3590404	706	55.13
pairs_3b09b11	713	51.59
pairs_3ce6412	693	47.45
pairs_3f0d3ac	705	58.39
pairs_44da379	714	47.78
pairs_4676a48	697	47.239999999999995
pairs_46a4053	710	58.58
pairs_46d8173	707	60.46
pairs_4bbae51	692	57.52
pairs_4c4ab99	702	49.64
pairs_4cadae7	694	60.72
pairs_4ed499b	708	58.019999999999996
pairs_51514f0	693	46.86
pairs_5342206	703	60.910000000000004
pairs_59a9270	691	47.42
pairs_5cb9f67	695	47.77
pairs_5e8be44	709	60.86
pairs_5f1fe81	693	47.92
pairs_5f9500c	714	59.69
pairs_5fa1f21	701	56.739999999999995
pairs_6436e89	696	59.31
pairs_65a0f59	703	60.54
pairs_664a6c9	702	54.620000000000005
pairs_691dc1b	700	60.510000000000005
pairs_6b47344	703	57.839999999999996
pairs_6b9795a	712	58.46
pairs_6c6b630	704	60.56
pairs_6eeb05b	705	61.18
pairs_72560b5	707	61.89
pairs_72566ff	698	61.230000000000004
pairs_73f4200	691	50.300000000000004
pairs_75658dc	706	59.33
pairs_7713ccf	696	61.38
pairs_7724014	708	58.32
pairs_8583aaf	712	57.699999999999996
pairs_8616cd6	717	54.059999999999995
pairs_8a342eb	701	48.07
pairs_8b629b0	698	53.4
pairs_8c512a8	715	58.8
pairs_8c8f3bf	698	55.48
pairs_8e992d9	714	51.42
pairs_909a8d3	713	60.13
pairs_90ce767	703	54.14
pairs_9189153	701	61.26
pairs_91cba31	714	58.93000000000001
pairs_9828e2a	717	53.64
pairs_99ef87d	696	61.480000000000004
pairs_9a0ad68	700	49.85
pairs_9d53430	692	47.22
pairs_9ea8844	694	60.83
pairs_9ee0ea0	715	60.53
pairs_a4474c2	711	58.24
pairs_a59a715	700	57.12
pairs_a6be70b	698	49.32
pairs_a9a47e0	702	61.76
pairs_aca270b	697	60.81999999999999
pairs_aee2b0f	715	59.33
pairs_af945d8	716	47.59
pairs_b4ff926	695	56.5
pairs_b54adb1	712	47.17
pairs_b60b9da	703	47.099999999999994
pairs_b873e05	716	61.43000000000001
pairs_baf43f4	706	59.800000000000004
pairs_bc20780	700	56.65
pairs_bffe0c8	697	56.69
pairs_c28332f	691	49.31
pairs_cb52d95	705	54.89
pairs_cc49583	713	57.86
pairs_d1472aa	708	47.339999999999996
pairs_d605013	707	56.739999999999995
pairs_d81696e	696	47.8
pairs_da33132	714	61.64
pairs_db608f6	692	58.989999999999995
pairs_dbb11b5	704	56.43
pairs_dbfdac4	717	58.56
pairs_dcb8307	697	52.06
pairs_ddb7fc4	694	47.42
pairs_de2270f	693	60.519999999999996
pairs_de6e94f	708	61.980000000000004
pairs_e6cb950	693	51.489999999999995
pairs_e85f57e	707	49.230000000000004
pairs_eaf928d	710	59.08
pairs_eec1e51	713	59.61
pairs_f0ae9c5	699	59.400000000000006
pairs_f34af0b	713	53.510000000000005
pairs_f4da9a0	704	56.769999999999996
pairs_f63f59d	691	59.95
pairs_f6ab630	701	61.150000000000006
pairs_f723b6a	697	60.190000000000005
pairs_f78f49b	705	50.550000000000004
pairs_f7cfaae	693	49.19
pairs_f7e2993	701	59.01
pairs_f836aff	701	47.510000000000005
pairs_f9805e8	698	48.15
pairs_fa876a2	696	60.29
pairs_faf6305	694	50.49
pairs_fb60ffc	706	58.589999999999996
pairs_fe9f6e2	695	61.17
pairs_fefeba6	709	50.56
pairs_ff2ad70	691	61.17999999999999
pools_3k_4ca022f	3098	1267.18
pools_3k_55374ae	3098	1235.74
pools_3k_6479d1b	3098	1226.63
pools_3k_94198c8	3098	1243.4
pools_3k_a499c83	3098	1217.3500000000001
pools_3k_a5871e0	3098	1242.9699999999998
pools_3k_c7476d9	3099	1237.89
pools_4k_1ca4962	4039	1791.44
pools_4k_457a32e	4036	1752.09
pools_4k_4c17ee7	4039	1752.39
pools_4k_af3fda4	4035	1758.17
pools_4k_024d7b6	4080	1725.3899999999999
pools_4k_0d0507c	4079	1697.1399999999999
pools_4k_bf149fb	4078	1708.12
pools_4k_c8f956d	4078	1713.76
pools_4k_1339730	4080	1707.79
pools_4k_966f454	4080	1668.19
pools_4k_d3678fb	4081	1673.52
pools_4k_fb83f4c	4080	1694.17
pools_4k_1ad2f14	4034	1741.79
pools_4k_84a5f5e	4033	1728.43
pools_4k_b67f7bc	4032	1757.34
pools_4k_f996355	4032	1732.8600000000001
pools_2k_0687935	2117	565.04
pools_2k_0e6b137	2118	536.8
pools_2k_13615af	2118	540.72
pools_2k_177a7d7	2118	553.73
pools_2k_1a1e6f6	2118	550.4
pools_2k_46f3e05	2118	545.23
pools_2k_47c2267	2116	528.38
pools_2k_55c0567	2118	522.22
pools_2k_65934e6	2117	525.6600000000001
pools_2k_79ae042	2117	539.49
pools_2k_860753b	2116	524.58
pools_2k_88513f7	2117	542.41
pools_2k_8f894d0	2116	548.89
pools_2k_91bb385	2117	526.53
pools_2k_abe116e	2117	548.4200000000001
pools_4k_233753a	4060	1779.6200000000001
pools_4k_29d7313	4061	1739.01
pools_4k_83c56e9	4060	1748.73
pools_5k_0eb0fdf	5114	3006.08
pools_5k_adba490	5114	2961.91
pools_5k_af33b0f	5114	2971.9500000000003
pools_5k_c8050fc	5008	3112.71
pools_5k_cff4570	5008	3076.1
pools_5k_d4953e6	5008	3075.15
pools_3k_152d350	3037	859.75
pools_3k_607dfbe	3039	826.21
pools_3k_6dfbbbb	3039	830.0300000000001
pools_3k_706c49f	3039	841.1400000000001
pools_3k_789a1d4	3038	840.81
pools_3k_a2dfd94	3039	851.4499999999999
pools_3k_d12372a	3039	826.63
pairs_0519482	1157	147.25
pairs_055e233	1154	139.59
pairs_072caaf	1144	134.91
pairs_0d6941b	1163	122.13000000000001
pairs_0db13cf	1171	134.89
pairs_104c1b0	1160	141.7
pairs_1621fd2	1141	131.32
pairs_192bc33	1162	132.63
pairs_1f0c807	1168	137.84
pairs_25f1df8	1156	138.44
pairs_28020de	1152	141.47
pairs_282a12a	1158	136.99
pairs_2a6fe9b	1139	139.41
pairs_2af1856	1151	137.23
pairs_2cecfc6	1143	138.5
pairs_3b11e69	1146	136.57
pairs_3c235c2	1160	138.97
pairs_3d7fbbc	1149	136.8
pairs_4e2abe4	1143	139.11
pairs_5101481	1139	134.8
pairs_5185964	1165	138.45
pairs_5392e8f	1163	138.63
pairs_55b0f3b	1166	140.2
pairs_57435fb	1151	139.19
pairs_5884f65	1138	138.79000000000002
pairs_5cdc854	1150	131.76999999999998
pairs_7544c8c	1161	137.31
pairs_7b34164	1143	139.25
pairs_7bed2f9	1158	138.48000000000002
pairs_865f1e4	1151	126.32000000000001
pairs_8748c26	1169	139.74
pairs_8bab91d	1164	140.45
pairs_8ce3070	1147	134.89
pairs_90e328c	1155	136.2
pairs_914c7a1	1144	122.59
pairs_97f5c2c	1171	130.86
pairs_982c4b7	1155	138.81
pairs_9abc78b	1146	130.07
pairs_a0929db	1154	134.62
pairs_b42d838	1161	139.68
pairs_b44140f	1138	139.6
pairs_bb9e209	1150	138.74
pairs_c1ca72e	1152	139.98
pairs_c85be4c	1145	129.06
pairs_d0abc77	1160	139.1
pairs_da1362f	1171	140.93
pairs_dda75e5	1143	138.95
pairs_e86e13f	1154	126.88
pairs_e94b840	1142	137.43
pairs_eadeaa4	1148	127.94
pairs_eb70f72	1164	136.64
pairs_ecdffd1	1170	129.36
pairs_f0dbba7	1168	136.93
pairs_f69b9be	1140	123.01
pools_5k_285669a	5092	3084.48
pools_5k_3fef6bc	5092	3057.7799999999997
pairs_061d4fd	1098	163.24
pairs_0adfc32	1088	132.76
pairs_0f7ba52	1104	129.3
pairs_119545a	1103	136.48000000000002
pairs_156dd80	1109	134.47
pairs_1c5de16	1097	135.88
pairs_1f19afc	1098	132.42
pairs_1fa35c8	1101	127.05
pairs_24816a3	1093	131.9
pairs_27c1f30	1088	136.92000000000002
pairs_2beaacd	1105	137.04000000000002
pairs_2cd08d0	1097	136.42000000000002
pairs_2d90f94	1104	122.92999999999999
pairs_30ac474	1096	133.18
pairs_3611fbc	1108	130.18
pairs_3641231	1105	132.92000000000002
pairs_3fdbc19	1090	127.68
pairs_4a659da	1106	130.37
pairs_4ab7ac6	1094	116.06
pairs_4dacc6c	1106	136.6
pairs_56adf39	1101	133.94
pairs_5b56858	1109	134.57
pairs_5c0a3fc	1103	134.01
pairs_5c0ed13	1095	135.93
pairs_611c981	1093	134.9
pairs_614a65d	1089	131.5
pairs_6229eba	1101	138.31
pairs_64da1c1	1104	126.88000000000001
pairs_6d413f3	1093	128.38
pairs_70ab803	1087	132.26
pairs_77dd2aa	1097	134.44
pairs_79454a3	1109	133.10999999999999
pairs_7b61ec6	1091	133.35999999999999
pairs_821f0ea	1105	127.43
pairs_86c2bed	1093	132.16
pairs_90a77d8	1104	133.6
pairs_938917e	1089	116.73
pairs_9861b4a	1091	124.97
pairs_9c7637b	1090	135.09
pairs_a281bdd	1092	132.99
pairs_a294884	1105	136.19
pairs_a67b3f3	1106	137.56
pairs_a9b7c61	1087	135.32
pairs_ad570e3	1108	136.52
pairs_b3de873	1091	116.49
pairs_b409998	1102	136.78
pairs_bc740c0	1088	136.64999999999998
pairs_c6a0f7c	1108	116.25
pairs_cc0544c	1108	121.88999999999999
pairs_cde0dc2	1088	124.83
pairs_ce08929	1103	119.16999999999999
pairs_d680b91	1103	135.18
pairs_d858734	1103	128.12
pairs_e05179a	1103	128.35999999999999
pairs_e6a5c09	1086	128.81
pairs_eca1109	1092	119.74
pairs_eceb672	1109	137.73
pairs_f63f91b	1095	121.52
pairs_fa8b25b	1106	127.31
pools_2k_5ca07ad	1090	115.16
pools_4k_038580a	4070	1760.91
pools_4k_2e5e10c	4070	1745.6
pools_4k_7bec61b	4071	1744.0300000000002
pools_4k_984c4f0	4071	1742.2
pairs_4756c13	2085	542.05
pairs_70050e4	2086	512.45
pairs_816807e	2087	507.86
pools_2k_023683e	2086	540.49
pools_2k_0e8e4a7	2085	514.06
pools_2k_0f4c119	2085	519.8100000000001
pools_2k_19b4dfe	2085	542.41
pools_2k_2ab4758	2086	542.38
pools_2k_2f8b384	2085	531.43
pools_2k_4aafe85	2086	530.82
pools_2k_624144f	2087	538.1800000000001
pools_2k_709ec89	2085	547.87
pools_2k_71d452b	2084	535.72
pools_2k_7ed427e	2086	534.49
pools_2k_9a4973c	2085	525.91
pools_2k_ae3ff17	2085	536.62
pools_2k_0d948af	2072	572.42
pools_2k_1f7b918	2070	539.38
pools_2k_240e6e0	2072	539.66
pools_2k_3672f69	2070	551.12
pools_2k_415df0a	2072	546.9
pools_2k_5b4bb67	2072	553.12
pools_2k_69cdf8c	2072	546.1800000000001
pools_2k_6fc7b79	2073	537.27
pools_2k_9d1e16d	2070	539.3000000000001
pools_2k_a5bc87c	2070	531.93
pools_2k_b08f2e9	2072	542.07
pools_2k_b70c57a	2073	549.9499999999999
pools_2k_c1c16d1	2071	522.66
pools_2k_f2ba643	2071	534.98
pools_2k_f6dd206	2070	540.07
pools_2k_feb0722	2071	543.51
pools_5k_9f66e4e	5103	3149.6800000000003
pools_5k_a3176b3	5102	3105.91
pools_5k_de733f0	5103	3119.29
pools_3k_1141ac1	3100	1216.6499999999999
pools_3k_2b7ad49	3099	1198.21
pools_3k_506ee56	3099	1201.68
pools_3k_72c7f06	3099	1205.76
pools_3k_8c7ed4d	3099	1207.8400000000001
pools_3k_9ac3210	3100	1203.25
pools_3k_b67a3e0	3099	1196.07
pools_5k_a0f27ad	5110	3040.4300000000003
pools_5k_c191224	5110	3017.79
pools_4k_8d48056	4120	2392.7200000000003
pools_4k_9c91cd5	4120	2339.9300000000003
pools_5k_b830a41	5000	3102.02
pools_5k_254dd2d	5086	3106.47
pools_5k_392d6cb	5086	3070.12
pools_5k_c4a4a1a	5085	3057.77
pools_4k_8d7e796	4119	2353.2
pools_4k_95c4dc4	4119	2347.43
pools_4k_f120f7c	4119	2304.0099999999998
pairs_0061302	722	91.5
pairs_04378d4	725	48.48
pairs_05e36fe	732	59.489999999999995
pairs_071ef82	725	57.03
pairs_09c5741	719	60.25
pairs_0ad6472	728	59.21000000000001
pairs_0cc3dac	721	61.03
pairs_0d4fd21	723	61.650000000000006
pairs_0d5bab1	723	48.22
pairs_0def9b3	731	58.209999999999994
pairs_11cdfa1	721	59.42
pairs_13f4c53	719	55.35
pairs_17978c5	727	58.04
pairs_17c3442	728	53.449999999999996
pairs_2229d4d	731	53.47
pairs_26f1785	726	47.88
pairs_27ac20e	733	47.459999999999994
pairs_29a2ab7	730	47.489999999999995
pairs_2d09ab7	738	58.56999999999999
pairs_3063ad9	731	58.53
pairs_31297f0	729	50.14
pairs_33013f3	733	58.03
pairs_3428e5e	732	51.7
pairs_3886bdb	739	51.82
pairs_397b53d	720	58.06999999999999
pairs_3a627cf	729	59.71
pairs_3a7fc26	725	59.75
pairs_3ca079c	733	57.050000000000004
pairs_3eec69e	726	47.599999999999994
pairs_3f94e64	723	61.5
pairs_423ee7b	731	49.92
pairs_428ee61	739	51.62
pairs_440a505	721	56.56999999999999
pairs_459d612	719	51.94
pairs_464f934	735	62.39
pairs_4725404	725	60.22
pairs_4955f59	720	55.21
pairs_4b6334c	719	55.08
pairs_4f238d0	735	61.95
pairs_529d316	726	54.8
pairs_52b22b9	734	60.25
pairs_5802e63	735	61.099999999999994
pairs_58807fb	720	58.52
pairs_5a6452e	727	60.56
pairs_606b78b	721	61.269999999999996
pairs_6a7bf43	732	62.15
pairs_6b8605e	738	62.120000000000005
pairs_6d097da	723	50.18
pairs_6d86877	721	59.49
pairs_6ea28cc	739	57.81
pairs_787365d	723	60.93
pairs_7da75f9	727	57.07
pairs_7da823b	734	47.63
pairs_7f6bf95	725	60.550000000000004
pairs_7fd8f85	730	52.7
pairs_828b4fb	724	53.81
pairs_8447ad9	731	56.83
pairs_87225c1	725	61.33
pairs_8936566	733	58.81
pairs_89f3553	738	61.370000000000005
pairs_8e319e7	731	61.620000000000005
pairs_8e8dab7	720	59.089999999999996
pairs_8ea2b34	720	52.79
pairs_90fcafc	726	61.849999999999994
pairs_9148a5b	727	51.05
pairs_91cf15f	733	61.83
pairs_91ef4ab	735	47.629999999999995
pairs_9341b1e	726	58.17999999999999
pairs_953546a	722	53.71
pairs_960eff6	722	59.75
pairs_98f8625	724	47.54
pairs_9ad0a39	720	47.83
pairs_a01bfba	724	60.78
pairs_a246ed2	722	51.03
pairs_a39d720	735	61.18000000000001
pairs_a5dd08a	717	59.79
pairs_a6490a9	726	59.6
pairs_a68eda1	734	61.79
pairs_a74a899	727	61.339999999999996
pairs_a8e9ef3	736	61.24
pairs_aa05186	719	58.150000000000006
pairs_ae0c7c8	731	52.51
pairs_b036e17	717	59.69
pairs_bba08c1	736	59.72
pairs_bea68f1	720	53.55
pairs_bf55704	728	52.01
pairs_c126c12	734	53.449999999999996
pairs_c226a76	726	56.65
pairs_c521e02	722	60.99
pairs_c52faea	724	61.29
pairs_c661b75	723	60.400000000000006
pairs_c88b858	719	59.58
pairs_c947f73	738	47.66
pairs_c9875ba	727	58.64
pairs_cd0c678	734	58.25
pairs_cf79f01	723	60.06
pairs_d1b1765	724	60.82000000000001
pairs_d3b49bc	730	62.35
pairs_d5a8bcc	728	49.41
pairs_d66fbbf	734	58.49
pairs_d87eb5d	720	56.59
pairs_d8dcad8	726	62.290000000000006
pairs_d9430ae	719	56.849999999999994
pairs_ddff560	726	48.55
pairs_de867fc	718	55.01
pairs_defdd84	734	52.87
pairs_e04a8e1	726	59.31999999999999
pairs_e78f976	730	47.910000000000004
pairs_e9ac775	728	57.99
pairs_eb02fa8	736	58.58
pairs_ed203fd	728	48.559999999999995
pairs_f1ae6c0	736	57.31
pairs_f3fcfde	727	56.43
pairs_f4d7365	736	60.05
pairs_f689f8c	727	60.7
pairs_f7eadaa	736	59.760000000000005
pairs_fa823ee	726	60.4
pairs_faa44a8	726	61.63
pairs_fc0c475	739	53.459999999999994
pairs_fd03cca	725	61.540000000000006
pairs_fe04839	734	58.36
pairs_ff6cc27	726	61.77
pools_4k_5eeed4c	4024	1733.12
pools_4k_832bc49	4025	1693.52
pools_4k_f6e5b88	4025	1685.75
pools_5k_0a17f38	5059	3147.5499999999997
pools_5k_1158234	5058	3068.55
pools_5k_3c0df03	5058	3098.97
pools_2k_09ffa33	2039	368.08000000000004
pools_2k_1361f7c	2038	357.18
pools_2k_1fb6a4e	2036	347.45
pools_2k_2dc76c2	2039	356.29
pools_2k_35fc90c	2036	357.57
pools_2k_3d5adcd	2039	358.06
pools_2k_3feca35	2037	361.54
pools_2k_471f194	2037	347.24
pools_2k_5c373dc	2038	359.22999999999996
pools_2k_612efb3	2039	335.98
pools_2k_70e4d28	2037	355.12
pools_2k_7726821	2036	361.39
pools_2k_8a9191c	2038	324.29
pools_2k_acabb6f	2037	360.82
pools_2k_b16d087	2038	355.76
pools_2k_d882534	2037	333.8
pools_2k_e090b2c	2036	352.65000000000003
pools_5k_186032b	5117	3189.05
pools_5k_1d139de	5115	3150.46
pools_5k_227a6e1	5031	3004.92
pools_5k_bf1dcf9	5032	2963.73
pools_4k_2cd1f86	4021	1719.0500000000002
pools_4k_864abfd	4021	1667.12
pools_4k_a76dee3	4022	1657.51
pools_4k_e723f1a	4023	1671.9099999999999
pools_5k_33418ec	5060	3056.28
pools_5k_e2d6ec4	5060	3077.43
pairs_00f1d21	511	64.19
pairs_0212aaa	506	28.970000000000002
pairs_03e09e1	519	77.61999999999999
pairs_043441a	533	52.06
pairs_0476721	508	31.049999999999997
pairs_0699286	501	34.67
pairs_075d863	520	49.370000000000005
pairs_0b1207d	523	52.86
pairs_0b3a919	516	55.72
pairs_0e7bd37	501	29.439999999999998
pairs_0fc7770	523	50.34
pairs_0feba05	515	51.980000000000004
pairs_1230a26	502	27.27
pairs_13674ae	510	33.24
pairs_14af8df	505	35.0
pairs_1569d1f	503	34.629999999999995
pairs_164e2ba	503	30.1
pairs_19d070f	504	32.269999999999996
pairs_19e8717	503	37.86
pairs_1c21c05	530	53.03
pairs_1e90105	512	27.220000000000002
pairs_1edbf20	511	28.2
pairs_22720ca	511	27.2
pairs_230176c	520	46.46
pairs_26ab146	527	47.02
pairs_271c2a7	514	53.08
pairs_2a15352	521	57.44
pairs_2b3e03d	530	50.980000000000004
pairs_2b5999b	517	54.769999999999996
pairs_2c44e81	502	35.92
pairs_2ff372f	526	51.96
pairs_306ded7	505	29.54
pairs_371fea5	501	27.189999999999998
pairs_37a8754	511	38.239999999999995
pairs_3a42b32	522	55.669999999999995
pairs_3c42a12	526	57.480000000000004
pairs_3cb6019	512	28.74
pairs_3e0a848	511	29.37
pairs_4002179	511	27.020000000000003
pairs_4009350	502	32.5
pairs_401fdb5	500	32.0
pairs_41bdf2e	521	54.87
pairs_41ccf24	509	36.16
pairs_420caf5	528	52.33
pairs_42c9bfc	511	29.5
pairs_4386f1f	530	56.85
pairs_458755a	500	32.8
pairs_4644b9a	521	52.68
pairs_478ba5b	516	54.57
pairs_480d4c8	503	29.09
pairs_489d82f	514	51.120000000000005
pairs_494ee69	533	53.94
pairs_4995a72	532	47.42
pairs_4aec27a	516	46.29
pairs_4bf3052	520	55.559999999999995
pairs_4cb0ca3	524	53.150000000000006
pairs_4e03fb8	522	51.75
pairs_514feee	532	55.97
pairs_51c8ef4	506	33.84
pairs_51f8beb	509	28.79
pairs_52fed4e	502	33.11
pairs_53e1fc7	526	57.08
pairs_541fb66	502	26.909999999999997
pairs_55e414e	506	29.419999999999998
pairs_56787fb	506	30.01
pairs_5819b8d	500	35.8
pairs_61a0068	500	33.66
pairs_6231608	514	53.8
pairs_62a960d	504	27.160000000000004
pairs_63ddedf	500	29.029999999999998
pairs_6582cbd	523	51.78
pairs_67474f1	531	52.08
pairs_689290f	501	32.04
pairs_69306b1	512	37.34
pairs_6ac91a5	501	35.83
pairs_6aeb687	500	37.14
pairs_6d8019e	515	49.06
pairs_6db704c	533	50.85
pairs_6e07182	510	27.990000000000002
pairs_6ea97c2	504	32.769999999999996
pairs_6f78451	523	57.02
pairs_6fcc4e7	516	46.1
pairs_6fd71eb	506	33.85
pairs_6ff59da	503	37.519999999999996
pairs_70961d6	529	56.36
pairs_7140ff9	529	55.510000000000005
pairs_72fc113	526	56.57000000000001
pairs_738751b	508	35.0
pairs_73ee92a	503	34.89
pairs_749902a	506	29.79
pairs_7540fc8	521	46.19
pairs_758a07c	524	55.379999999999995
pairs_76fffff	505	32.89
pairs_7adb726	511	34.9
pairs_7b2fee2	520	56.41
pairs_7b9ddfa	521	50.96
pairs_7c73be7	515	53.95
pairs_7d6a820	516	50.05
pairs_7ece4e7	533	47.94
pairs_7f2bc36	517	53.18
pairs_7f58ee5	505	27.15
pairs_811328f	518	46.080000000000005
pairs_843e58b	529	48.74
pairs_8631ac8	528	53.67
pairs_88a293f	511	33.010000000000005
pairs_8c1cd5d	516	47.71
pairs_8e14bbf	517	54.730000000000004
pairs_8ed0904	521	54.910000000000004
pairs_8f2b4cb	504	29.7
pairs_9257553	517	49.74
pairs_95c97bd	515	48.2
pairs_95ee2e1	521	46.41
pairs_971e567	503	28.119999999999997
pairs_9c82c3e	504	27.3
pairs_9d3e417	528	50.87
pairs_9dc549e	533	50.010000000000005
pairs_9e4aa09	513	53.290000000000006
pairs_9e4b725	532	54.629999999999995
pairs_9e60f1b	522	46.12
pairs_9f28775	517	47.059999999999995
pairs_9f74b88	530	58.11
pairs_9fd6ef6	519	46.18
pairs_a548b6a	504	36.87
pairs_a9fb197	529	53.64
pairs_aa7c061	512	36.88
pairs_ab48d5b	515	55.239999999999995
pairs_aba7ff7	521	56.04
pairs_ad3329f	532	57.21
pairs_b440cbc	513	49.010000000000005
pairs_ba6db6c	508	28.2
pairs_bca2b58	530	46.339999999999996
pairs_bed8654	520	56.69
pairs_c09c4da	523	50.06
pairs_c0e8572	502	29.339999999999996
pairs_c3f31cd	519	56.38
pairs_c4018e2	502	37.09
pairs_c688de8	509	29.09
pairs_c78266d	522	50.43000000000001
pairs_ca304ca	509	33.78
pairs_cab6ca2	532	53.2
pairs_cdf0e8b	523	53.730000000000004
pairs_cfc954d	516	52.89
pairs_d2115d8	501	36.0
pairs_d2727de	511	30.08
pairs_d3e1b34	529	53.849999999999994
pairs_d427fca	504	35.06
pairs_d496e3a	528	56.72
pairs_d8058f9	506	37.620000000000005
pairs_d8ce213	523	55.81
pairs_d8ea603	511	32.129999999999995
pairs_d8f122b	531	52.709999999999994
pairs_d952fd1	510	29.9
pairs_da3026f	511	37.59
pairs_da85d23	501	34.03
pairs_dad2979	506	31.15
pairs_dcf4e43	505	36.47
pairs_dd5ac57	507	33.95
pairs_dd9897c	525	56.31
pairs_df03a51	528	54.239999999999995
pairs_df5f5fa	514	46.13
pairs_dfe4b9a	500	26.74
pairs_e4bfb42	510	35.45
pairs_e5417bc	533	46.730000000000004
pairs_e9b9e09	508	35.95
pairs_ebdbd0e	521	56.1
pairs_ee66963	508	36.61
pairs_f0e435f	523	53.919999999999995
pairs_f0f6462	505	34.59
pairs_f1803f4	525	54.52
pairs_f2e4228	524	55.44
pairs_f37c85d	517	56.72
pairs_f59e0e3	524	50.46
pairs_f719ed7	522	50.79
pairs_f80866d	526	56.44
pairs_fa113ab	512	34.9
pairs_fa51dd6	532	46.65
pairs_fbe04ff	500	35.67
pairs_ff36f7a	505	36.08
pairs_ffc1245	528	50.589999999999996
pools_2k_0153030	2094	579.91
pools_2k_0803b2d	2094	525.76
pools_2k_28370b6	2094	540.73
pools_2k_2d735fa	2093	562.97
pools_2k_4452ba4	2093	523.3399999999999
pools_2k_46d4795	2094	555.58
pools_2k_4a2593a	2094	551.85
pools_2k_4b7d89a	2093	562.67
pools_2k_7584bf6	2093	555.42
pools_2k_952dcbf	2094	542.82
pools_2k_aa2e3e1	2093	538.56
pools_2k_aa34cfd	2093	534.46
pools_2k_adb1522	2093	561.48
pools_2k_bb7dba3	2092	546.06
pools_2k_db6af54	2094	561.56
pools_2k_f0eb5f8	2094	554.1800000000001
pools_3k_0341931	3083	1237.48
pools_3k_3058475	3084	1228.3600000000001
pools_3k_37afe40	3082	1221.17
pools_3k_4e69dfd	3083	1241.38
pools_3k_72eb551	3084	1226.31
pools_3k_76a57f8	3083	1198.32
pools_5k_473116b	5093	3032.41
pools_5k_b6138b6	5093	3017.2999999999997
pools_3k_2a77597	3085	1229.18
pools_3k_3122bf9	3086	1204.87
pools_3k_41f364c	3087	1212.3300000000002
pools_3k_445e8c6	3085	1183.96
pools_3k_7a711dd	3085	1187.36
pools_3k_c2610e6	3086	1180.52
pools_3k_eeb5552	3086	1178.3799999999999
pools_4k_12107d4	4043	1710.98
pools_4k_47eaa82	4043	1702.4399999999998
pools_4k_f4065f1	4043	1694.05
pools_4k_f95a938	4043	1689.1399999999999
pools_3k_4264865	3012	845.43
pools_3k_5d484c3	3015	820.5799999999999
pools_3k_6472f2d	3013	824.1999999999999
pools_3k_742ed54	3014	829.45
pools_3k_78606bb	3014	823.49
pools_3k_81584d9	3013	836.09
pools_3k_d9a7c91	3015	818.88
pools_3k_1de7392	3068	877.0300000000001
pools_3k_3134e94	3066	837.1899999999999
pools_3k_4152039	3067	834.14
pools_3k_4416511	3067	825.25
pools_3k_740a417	3066	843.54
pools_3k_b193cca	3066	843.77
pools_3k_e0c3079	3067	857.45
pools_5k_1069ab0	5088	3011.83
pools_5k_c76e806	5088	2994.9900000000002
pools_5k_15074b4	5091	3105.15
pools_5k_7ebf4a1	5091	3043.44
pools_5k_f972a40	5091	3073.48
pools_5k_7750ac5	5090	3142.23
pools_5k_e3eac98	5090	3095.32
pairs_014a5c7	324	54.84
pairs_0276a10	318	24.03
pairs_035134f	306	29.509999999999998
pairs_05d8608	325	27.950000000000003
pairs_05f5d8e	295	24.229999999999997
pairs_070c988	337	27.21
pairs_095378c	322	26.2
pairs_09d2ac4	319	27.959999999999997
pairs_0b70783	313	30.1
pairs_0c7cf13	317	24.49
pairs_0e1d92d	334	30.5
pairs_0febd87	298	25.25
pairs_1031aa1	329	24.07
pairs_10681cf	333	27.39
pairs_1163a5a	322	24.46
pairs_1330f2b	308	27.21
pairs_1342f66	288	25.490000000000002
pairs_14fc7e7	313	26.07
pairs_171beb0	335	27.58
pairs_17f2c20	336	27.22
pairs_19e24fc	331	28.3
pairs_19eb534	307	27.220000000000002
pairs_1ac6e9b	317	28.799999999999997
pairs_1aeb55c	310	24.020000000000003
pairs_1c033b8	304	24.7
pairs_1cabb91	334	24.82
pairs_208a6f9	321	28.23
pairs_209e097	320	29.4
pairs_21f7e71	335	26.58
pairs_251df4b	288	27.259999999999998
pairs_2606fd5	330	30.330000000000002
pairs_268c3a4	308	24.03
pairs_2b07052	289	24.2
pairs_2ccaba2	315	23.81
pairs_2d41613	321	26.09
pairs_2debcd3	288	26.340000000000003
pairs_2e7b03c	308	25.46
pairs_2f3e5e8	304	26.479999999999997
pairs_334e867	324	26.73
pairs_33b84a5	326	26.159999999999997
pairs_3414ad8	314	24.21
pairs_34d23ed	303	24.650000000000002
pairs_34da61b	305	27.35
pairs_367c0ec	305	27.83
pairs_37b9166	315	25.98
pairs_37fc590	314	29.590000000000003
pairs_3968544	303	26.8
pairs_39cec31	312	28.799999999999997
pairs_3d05bf7	329	27.880000000000003
pairs_3d5596a	294	26.23
pairs_3d62b4b	321	28.86
pairs_3f15c6b	335	30.07
pairs_41b86d0	305	24.86
pairs_4227c33	290	27.15
pairs_4307864	301	23.810000000000002
pairs_4316268	327	25.53
pairs_43d866b	293	27.05
pairs_43e5146	304	25.13
pairs_4496d90	330	27.34
pairs_44a8bc0	287	25.72
pairs_4576af4	300	24.21
pairs_486c813	297	28.660000000000004
pairs_4905130	300	26.57
pairs_4a10f99	313	27.57
pairs_4c0f26b	291	23.410000000000004
pairs_4ca7aa3	304	24.869999999999997
pairs_4d7c588	308	27.189999999999998
pairs_4f2f321	287	27.57
pairs_4f35626	326	29.5
pairs_4f5db72	338	24.529999999999998
pairs_4fc2bd1	323	27.67
pairs_507daff	315	29.08
pairs_518905c	288	23.5
pairs_51e63ae	333	26.32
pairs_5261f31	333	24.07
pairs_533e5b4	316	24.46
pairs_54096f0	323	26.71
pairs_545bdec	319	27.84
pairs_54c821f	322	25.22
pairs_55c2f88	316	30.21
pairs_55cc8ee	326	24.590000000000003
pairs_561fcf1	315	29.66
pairs_58801c8	307	28.71
pairs_5b45034	295	27.470000000000002
pairs_5b66089	332	30.799999999999997
pairs_5d51bef	332	24.03
pairs_5dd8086	310	26.35
pairs_5e11557	298	26.02
pairs_5eed242	319	26.31
pairs_5fd129d	334	28.6
pairs_61f7de6	316	29.04
pairs_67019ae	300	26.41
pairs_6710a54	291	28.25
pairs_675d531	328	24.31
pairs_6791f73	321	26.09
pairs_6954d94	324	26.59
pairs_6a46eb0	319	28.630000000000003
pairs_6a84db5	326	26.990000000000002
pairs_6a8f986	306	24.04
pairs_6c07a14	296	28.47
pairs_6c55de9	289	27.299999999999997
pairs_7258126	330	26.990000000000002
pairs_7538d55	335	27.93
pairs_75450ec	336	25.48
pairs_768ef09	336	24.5
pairs_775d79d	288	23.52
pairs_78a0fa1	321	29.25
pairs_7cb1a42	318	26.410000000000004
pairs_7d02334	310	24.259999999999998
pairs_7e0e325	292	27.59
pairs_7e6cfd1	302	25.67
pairs_7fd6241	329	30.52
pairs_805adef	316	26.27
pairs_8086766	325	28.729999999999997
pairs_81679c8	325	29.16
pairs_8188121	324	24.09
pairs_81a9cdb	295	29.28
pairs_86ca941	330	25.18
pairs_8831b23	309	28.88
pairs_8961dc0	334	24.68
pairs_8c677da	325	24.6
pairs_8cd2c6f	297	25.799999999999997
pairs_8d833de	299	27.9
pairs_8efc9c5	322	27.900000000000002
pairs_8f69a6a	331	28.42
pairs_8fe4919	294	26.8
pairs_903cc96	324	26.169999999999998
pairs_904029f	308	24.22
pairs_9209782	334	24.17
pairs_94a2ad5	326	26.63
pairs_9602692	294	28.939999999999998
pairs_972d1ed	320	27.55
pairs_98a3572	334	24.36
pairs_98bc2c3	331	29.96
pairs_98dd416	312	25.950000000000003
pairs_9a7f36f	291	27.96
pairs_9af118f	319	23.87
pairs_9b2ff39	313	27.849999999999998
pairs_9c0a694	293	25.869999999999997
pairs_9cfca34	310	28.14
pairs_9d77ccf	296	23.75
pairs_9d87f7e	332	24.18
pairs_9ec61d8	299	27.44
pairs_9f564d2	317	26.81
pairs_9fb05e4	306	23.89
pairs_a0854b2	303	27.58
pairs_a1599ac	320	26.310000000000002
pairs_a184a06	314	28.41
pairs_a26820b	302	24.41
pairs_a34862b	324	28.71
pairs_a36878e	336	25.17
pairs_a699779	331	25.02
pairs_aa31a8b	331	26.38
pairs_ab786d9	292	26.12
pairs_ac2a506	335	24.61
pairs_acbfa74	336	24.2
pairs_ae700fc	317	28.229999999999997
pairs_af365e5	320	24.41
pairs_b0118dd	328	25.95
pairs_b0c8d17	311	26.38
pairs_b16a45e	312	26.45
pairs_b666f58	295	28.2
pairs_b844694	322	27.34
pairs_b8912ac	291	24.41
pairs_ba98499	299	23.62
pairs_bae4b37	304	29.1
pairs_bc4518d	335	24.29
pairs_bee1681	290	26.21
pairs_bf9f029	334	28.32
pairs_bfacbfd	335	27.299999999999997
pairs_c25e3f3	293	26.740000000000002
pairs_c3f897c	316	24.55
pairs_c4340af	311	27.98
pairs_c5140e2	306	25.55
pairs_c592f37	294	28.509999999999998
pairs_c5a282b	314	24.07
pairs_c8d7e4d	329	27.14
pairs_cb1c5d6	328	24.75
pairs_cc18d22	329	24.28
pairs_cc7cf40	314	24.27
pairs_cf24856	337	27.76
pairs_d13f3ab	288	26.16
pairs_d1480c4	317	27.76
pairs_d237feb	298	29.160000000000004
pairs_d24641c	298	24.02
pairs_d3a7523	314	24.43
pairs_d65e569	325	28.85
pairs_d6776d7	297	25.369999999999997
pairs_d832355	315	28.119999999999997
pairs_dbe7c34	321	27.17
pairs_dc2f6bf	321	28.18
pairs_dc99ea9	327	28.36
pairs_dfa7852	313	27.160000000000004
pairs_e098d32	306	24.42
pairs_e09eef7	316	25.15
pairs_e2337a9	330	29.259999999999998
pairs_e250c15	325	27.57
pairs_e3f3057	332	25.560000000000002
pairs_e594b4d	298	23.729999999999997
pairs_e6af153	324	28.1
pairs_e810e3a	291	29.15
pairs_ebd773c	330	25.369999999999997
pairs_ecc4cbb	324	23.939999999999998
pairs_eda585e	313	27.33
pairs_ef93c88	304	27.05
pairs_efb274d	337	26.31
pairs_f40b312	297	27.89
pairs_f51ee3c	322	29.54
pairs_f556531	287	23.549999999999997
pairs_f72263a	301	29.9
pairs_f87d174	318	24.37
pairs_f906d79	296	23.61
pairs_fbaf0cb	303	29.2
pairs_fcec4b3	319	29.23
pairs_fd1d4ce	301	25.369999999999997
pairs_fd9c28c	337	24.17
pairs_fda6d93	330	29.71
pairs_ffa4306	325	23.950000000000003
pairs_204499c	2065	556.97
pools_2k_023db15	2066	551.86
pools_2k_10b2ce8	2067	536.65
pools_2k_2147516	2067	542.65
pools_2k_340f7df	2067	549.88
pools_2k_4b681ca	2067	528.64
pools_2k_512c162	2065	539.1
pools_2k_74a8541	2067	544.46
pools_2k_7949770	2067	535.53
pools_2k_a851b6d	2064	545.44
pools_2k_bdf42b6	2066	548.83
pools_2k_bed952d	2067	525.84
pools_2k_d677f84	2066	541.02
pools_2k_e3cb29a	2066	537.97
pools_2k_e5d9f33	2065	526.53
pools_2k_f897be6	2066	551.57
pairs_00c6199	820	105.35
pairs_0215610	838	72.88
pairs_04a64f8	818	84.91999999999999
pairs_08a12de	816	82.57
pairs_0b269ad	821	86.69999999999999
pairs_0cd976e	817	85.98
pairs_0e43f5f	827	82.53
pairs_128fc73	819	85.87
pairs_1584526	817	79.54
pairs_15f0935	842	79.45
pairs_2849620	833	78.17
pairs_292cf44	827	89.91
pairs_2f0477e	836	73.83000000000001
pairs_2fc6b69	816	78.43
pairs_3272294	834	89.9
pairs_32f6c57	816	91.61000000000001
pairs_35b6b67	826	93.01
pairs_3621df1	831	77.83000000000001
pairs_3901904	842	81.82
pairs_399e2ce	825	82.54
pairs_3a8cdec	816	74.82000000000001
pairs_3b66713	821	87.44000000000001
pairs_3ce5bdb	834	79.23
pairs_3e72814	831	87.56
pairs_4356cad	842	88.56
pairs_44c88f6	824	88.04
pairs_44ce600	823	85.51
pairs_45222cf	817	86.83
pairs_459dfe3	826	86.46
pairs_46d961f	825	79.81
pairs_50ec961	834	73.92999999999999
pairs_550054f	842	90.78999999999999
pairs_566c24c	835	82.9
pairs_5679764	837	87.35
pairs_5be6819	833	89.88
pairs_5efae24	837	87.64999999999999
pairs_5f0d7a6	820	89.09
pairs_669512e	823	83.36
pairs_67b3f34	842	73.86
pairs_6976fd5	827	86.29
pairs_6beacf0	828	83.94
pairs_6c9d2dc	831	82.91
pairs_720e7d1	834	78.13
pairs_749ba05	830	85.80000000000001
pairs_7882031	818	87.72
pairs_7d7871e	817	85.97
pairs_7e59911	818	89.15
pairs_832f284	841	86.19000000000001
pairs_8a3097c	826	88.41
pairs_8a97ec7	828	74.06
pairs_8bcb088	827	76.71
pairs_8d3b4b8	828	90.08
pairs_8d8a762	839	76.7
pairs_8e7fd70	829	73.92
pairs_90de3bc	825	87.43
pairs_913fe3c	821	89.97
pairs_9273ac2	831	90.39999999999999
pairs_92a5ddc	822	89.63
pairs_962f918	838	87.63
pairs_966701d	815	73.65
pairs_996702f	832	88.5
pairs_997bb52	839	74.82
pairs_9b85953	831	74.97
pairs_9ca8062	833	89.83
pairs_9cf37ca	826	86.42
pairs_9f42845	816	89.65
pairs_a2e1ee5	837	87.56
pairs_a36996c	842	74.28
pairs_a9db9cd	825	79.07000000000001
pairs_a9e2bfd	827	89.87
pairs_aaa0c08	839	74.5
pairs_aadf147	830	85.8
pairs_ae5ab17	824	76.09
pairs_b07463c	819	89.57
pairs_b118ce1	828	81.77
pairs_b34af3c	834	84.49
pairs_b8a55e0	838	90.93
pairs_bb0b0fb	830	89.4
pairs_bb2cec2	839	86.32
pairs_bbc27d7	842	89.91
pairs_bc707d8	821	90.46000000000001
pairs_bca07be	838	86.39
pairs_be604f7	829	85.91
pairs_c3e1c11	820	90.3
pairs_c4be029	837	85.58999999999999
pairs_ca7f793	815	73.45
pairs_cb1a677	832	89.35000000000001
pairs_cd8ae95	837	75.57000000000001
pairs_d54b835	817	82.86000000000001
pairs_de61db1	831	84.27
pairs_e12e559	828	89.35
pairs_ed63c37	821	78.42
pairs_efce012	818	74.50999999999999
pairs_f397738	842	89.19
pairs_f3b2903	836	74.48
pairs_f3ec713	837	90.52
pairs_f6b7bb6	840	88.38000000000001
pairs_f84eea3	833	85.81
pairs_f901619	829	86.33999999999999
pairs_ff4a5d3	833	76.76
pools_3k_2c2c3c8	3002	898.12
pools_3k_5b1b770	3002	855.95
pools_3k_a327c31	3000	875.42
pools_3k_b3cf4e8	2990	875.67
pools_3k_c3162d5	3000	847.1500000000001
pools_3k_c5aa5cf	2996	866.73
pools_3k_d0c21f1	3003	856.6600000000001
pairs_1707200	2464	570.3100000000001
pairs_1a0ed19	2469	522.02
pairs_1de8d73	2511	543.0
pairs_379d593	2451	521.05
pairs_82d33ac	2444	532.97
pairs_a1c0622	2524	535.0699999999999
pairs_c376ade	2519	541.59
pairs_d4d9388	2485	532.01
pairs_d84e163	2490	541.15
pools_2k_453f06c	2426	541.05
pools_2k_97f04ea	2497	519.6
pairs_022da67	932	109.33
pairs_030e025	947	92.82
pairs_06b1537	927	92.72
pairs_0924c4c	949	91.24000000000001
pairs_0a0f050	945	76.78
pairs_0a86dd9	945	92.36999999999999
pairs_0b30517	937	94.68
pairs_176b3be	942	81.32000000000001
pairs_177e147	942	75.55000000000001
pairs_187f65b	931	93.99000000000001
pairs_1e5943d	953	85.24000000000001
pairs_225de3e	928	94.61000000000001
pairs_2be5231	932	94.9
pairs_2d31eff	940	89.67
pairs_318e5e6	941	87.75999999999999
pairs_32b1ff3	950	91.99000000000001
pairs_34243b4	927	91.93
pairs_3478759	952	93.09
pairs_3bbe9a8	944	91.76
pairs_3da9c1c	948	91.83
pairs_3e1b91a	945	76.5
pairs_41801db	950	94.85000000000001
pairs_437088a	936	91.24000000000001
pairs_456a0a6	927	93.17999999999999
pairs_4c2725a	934	91.24
pairs_4d76356	927	75.60000000000001
pairs_4dcb2be	940	91.29
pairs_4f12adf	932	89.22
pairs_4f2fa4d	943	89.06
pairs_50e8fdd	944	76.25
pairs_58963cd	934	87.08000000000001
pairs_5896e96	938	93.24000000000001
pairs_5a7065d	942	89.16
pairs_5ece386	953	89.11
pairs_5f39b40	928	93.01
pairs_618712e	946	91.0
pairs_668e15a	948	89.19999999999999
pairs_72fa90b	940	86.84
pairs_74ec170	929	80.99
pairs_7945caa	937	93.24000000000001
pairs_79bf91a	935	76.77
pairs_7c6c25a	943	94.47
pairs_860adc7	933	90.8
pairs_86753dc	936	93.91
pairs_888caff	951	78.17999999999999
pairs_896d651	951	94.46000000000001
pairs_9435bdf	944	90.57000000000001
pairs_944f2da	937	86.75
pairs_94e85a8	945	78.42
pairs_9920846	950	88.05
pairs_9ca2a4f	937	76.18
pairs_9d1eaa6	931	92.64
pairs_a288f48	937	80.33000000000001
pairs_a29039d	943	92.69
pairs_a43d981	948	80.19
pairs_a4de429	943	77.83000000000001
pairs_a6acb82	926	93.63
pairs_a842a2a	928	89.19999999999999
pairs_aa20229	931	81.31
pairs_adecd2a	941	80.69999999999999
pairs_beb16b4	941	77.37
pairs_bef765d	936	93.49
pairs_c8c38ac	928	94.02
pairs_ca752a6	930	93.56
pairs_d362e38	928	90.00999999999999
pairs_d3e0857	934	83.36
pairs_e33a968	930	93.87
pairs_e4b0e39	951	93.08
pairs_e4b11ef	936	93.85
pairs_e790ac4	937	90.17
pairs_e81e736	932	89.58
pairs_e91fe0d	928	90.29
pairs_eba65c9	938	90.79
pairs_edb4e83	940	85.08
pairs_efd0fee	928	92.28
pairs_f46412c	939	89.10999999999999
pairs_f624394	947	92.24000000000001
pairs_f6701e0	939	94.05
pairs_f70cd62	933	82.37
pairs_fa3c52f	925	93.59
pairs_44ed2f2	2001	355.77
pairs_acc0fa4	2003	324.24
pools_2k_00b4c6b	2002	343.24
pools_2k_2461672	2001	345.32
pools_2k_53d7b3b	2003	354.42
pools_2k_78eada3	2003	354.39
pools_2k_7f66057	2001	353.44
pools_2k_8a60c70	2002	347.87
pools_2k_8f74ed6	2003	356.65999999999997
pools_2k_91af9ed	2001	324.68
pools_2k_9e413ac	2002	350.46
pools_2k_9efdb6b	2003	346.73
pools_2k_b9b1886	2002	347.83000000000004
pools_2k_c305095	2002	351.71
pools_2k_d1a41f7	2002	329.24
pools_2k_f858151	2003	358.25
pools_2k_f9249b5	2001	359.58000000000004
pairs_0046771	1054	163.96
pairs_01acec5	1045	129.32
pairs_051c9e4	1043	135.35
pairs_0967c35	1048	134.81
pairs_09f5fc2	1035	135.55
pairs_1aac73d	1055	129.51
pairs_26153ed	1035	135.54
pairs_2c9d9cd	1053	133.73000000000002
pairs_2fdccb6	1049	133.82999999999998
pairs_305586b	1036	129.92
pairs_31e5d75	1058	135.38
pairs_327588d	1057	115.87
pairs_33e23e5	1042	132.4
pairs_3793594	1034	136.51
pairs_436789b	1045	133.93
pairs_4648719	1045	124.39
pairs_4657afd	1059	115.74
pairs_4a960cc	1059	129.01999999999998
pairs_4b53a17	1038	134.51
pairs_5d014f3	1052	131.83
pairs_5f8c144	1042	133.18
pairs_609ee25	1052	136.28
pairs_6292c0f	1049	135.36
pairs_62a8fde	1051	135.85
pairs_64436fb	1054	114.91
pairs_6fba95a	1046	129.54
pairs_70d9c19	1055	136.2
pairs_725cd69	1049	133.45
pairs_740901a	1050	134.88
pairs_749276f	1042	133.72
pairs_77e37bd	1044	128.99
pairs_7f363b3	1041	133.16
pairs_83e6f52	1036	134.77
pairs_843e1f2	1035	130.53
pairs_849c00f	1058	132.71
pairs_8553c57	1046	133.71
pairs_89bae87	1040	124.95
pairs_939cf60	1049	120.6
pairs_a6d9bd0	1043	121.91
pairs_a80b4c2	1036	119.83000000000001
pairs_a997766	1059	136.14
pairs_aad54e2	1033	133.82
pairs_b3d0423	1044	124.61
pairs_b3ec0d6	1042	117.35
pairs_b56f18f	1035	132.49
pairs_b83c3dd	1049	114.5
pairs_bd446d9	1045	135.47
pairs_be83b35	1051	135.41
pairs_c183633	1054	130.29
pairs_c6042d0	1040	121.9
pairs_c745df4	1034	131.38
pairs_ca7d781	1035	114.53
pairs_ca97a2f	1043	114.41999999999999
pairs_cb9ba5e	1036	129.35
pairs_cbd2b09	1058	134.73000000000002
pairs_cbdccff	1048	117.25
pairs_d25eeac	1059	127.74
pairs_d2ece0e	1046	118.58
pairs_d6fdc5e	1058	117.86
pairs_d8928e8	1036	135.91
pairs_dab4f73	1056	127.14999999999999
pairs_e22103c	1049	132.68
pairs_e974126	1041	135.51
pairs_f0e1822	1054	133.11
pairs_f7ffea8	1060	130.64
pairs_fbaf7b6	1041	134.61
pools_5k_536de2e	5013	3099.45
pools_5k_b77b968	5013	3083.76
pools_5k_3d3ee9c	5112	3108.46
pools_5k_dddbbad	5112	3047.03
pools_5k_eb2fa3c	5112	3022.1
pairs_03885a6	1633	358.86
pairs_0697494	1588	333.46
pairs_0f6ac13	1618	312.06
pairs_19d0567	1579	318.15999999999997
pairs_41dcda1	1608	318.4
pairs_4668cbb	1629	321.23999999999995
pairs_6cddc40	1597	329.52000000000004
pairs_7727ca4	1588	338.4
pairs_7ae59d4	1600	313.7
pairs_84dedf7	1625	329.98
pairs_872cf95	1628	306.37
pairs_87a7643	1623	314.62
pairs_97466da	1585	306.22
pairs_9b00f33	1622	336.15
pairs_a1729b0	1599	309.21999999999997
pairs_b829e7f	1587	335.59000000000003
pairs_b95163a	1609	310.96000000000004
pairs_ca12822	1612	308.11
pairs_d10d8df	1588	309.76
pairs_d45d0b7	1616	319.77000000000004
pairs_d7075cc	1591	312.19
pairs_e46ffe5	1611	306.27
pairs_e5a4048	1587	321.37
pairs_e968974	1609	338.63
pairs_f897bd7	1604	307.98
pairs_fe94763	1584	319.26
pools_2k_3dbc900	1628	335.21000000000004
pools_2k_46e9f15	1583	333.19
pools_5k_527e5e0	5092	3069.92
pools_5k_9fa31a7	5092	3054.6200000000003
pools_5k_660625c	5022	3110.09
pools_5k_a06efaa	5023	3089.2
pools_5k_8c04eec	5050	3152.72
pools_5k_c866317	5050	3124.8199999999997
pools_3k_0f072a0	3027	872.01
pools_3k_461dea4	3028	851.03
pools_3k_7bb98f5	3029	843.6800000000001
pools_3k_814096e	3026	839.07
pools_3k_87ce772	3027	850.1899999999999
pools_3k_e9b73e9	3028	838.8199999999999
pools_3k_f6965be	3029	848.24
pairs_8386243	2100	556.6
pools_2k_0429b7a	2101	546.56
pools_2k_0871a5c	2100	533.22
pools_2k_2bbbb06	2101	553.4599999999999
pools_2k_2f43301	2101	547.92
pools_2k_395e0ec	2101	551.14
pools_2k_6553ca9	2100	538.89
pools_2k_7c45ce3	2100	533.13
pools_2k_81203c8	2101	543.81
pools_2k_94a0e39	2099	551.35
pools_2k_9558409	2100	556.1899999999999
pools_2k_ad89f40	2100	547.82
pools_2k_c79a52c	2100	533.8399999999999
pools_2k_f8dc2c6	2101	553.8
pools_2k_fcdbae3	2101	536.88
pools_3k_00c6ac9	3119	1245.9099999999999
pools_3k_08f5637	3120	1191.83
pools_3k_4631161	3119	1188.3400000000001
pools_3k_73ce31e	3119	1224.44
pools_3k_cb2ad07	3119	1210.29
pools_3k_dfb8972	3120	1206.49
pools_3k_f598d85	3119	1210.97
pairs_6c22eb7	2090	546.62
pools_2k_1dc1598	2087	544.02
pools_2k_25db934	2088	541.18
pools_2k_280654b	2089	539.46
pools_2k_3daa2a0	2090	542.35
pools_2k_4aa15e9	2089	546.96
pools_2k_5ed00cf	2089	542.47
pools_2k_5fbafae	2090	548.8100000000001
pools_2k_654acf5	2087	558.38
pools_2k_90b22d4	2088	542.17
pools_2k_98fe2b1	2088	534.64
pools_2k_a89d640	2088	545.03
pools_2k_c3b566e	2087	554.66
pools_2k_dbfabab	2089	542.04
pools_2k_ee62899	2087	548.98
pools_4k_3aa0833	4092	1790.67
pools_4k_a11f2f3	4092	1764.02
pools_4k_db8efea	4092	1784.94
pools_2k_03e5968	2107	577.7
pools_2k_09b1680	2108	536.6
pools_2k_2663ffd	2107	535.37
pools_2k_2e96b05	2108	537.05
pools_2k_4027aa8	2108	550.77
pools_2k_6cb6289	2107	551.96
pools_2k_70bc604	2109	534.56
pools_2k_717582d	2107	537.53
pools_2k_a20e8ba	2108	551.44
pools_2k_a4746ad	2109	542.1899999999999
pools_2k_aee13fb	2107	545.18
pools_2k_bc9915c	2107	534.66
pools_2k_cbcbbfd	2108	535.44
pools_2k_e27b61b	2108	537.97
pools_2k_f513e3f	2108	556.39
pools_4k_49b90eb	4040	1723.72
pools_4k_6a54b6a	4041	1705.23
pools_4k_8c3b80a	4041	1717.0
pools_4k_c7cac9c	4040	1732.58
pools_4k_d280e93	4040	1721.2
pairs_0197d04	393	59.510000000000005
pairs_0270315	376	28.18
pairs_037553c	414	24.87
pairs_0407255	396	31.310000000000002
pairs_040b61b	385	27.32
pairs_0466a4e	407	24.95
pairs_04c9507	415	32.51
pairs_05c0763	391	26.919999999999998
pairs_06b032e	385	31.86
pairs_06d338c	397	24.96
pairs_0705c9f	403	28.09
pairs_077ea75	380	28.98
pairs_079cb92	401	27.79
pairs_083b813	407	31.22
pairs_09247f2	411	29.67
pairs_0c7c907	385	29.729999999999997
pairs_0cdfeae	421	28.54
pairs_0df1e71	396	24.880000000000003
pairs_0f03b45	381	26.49
pairs_0f21453	392	25.76
pairs_111e421	395	30.310000000000002
pairs_114a3d5	398	27.27
pairs_11fb801	382	25.47
pairs_12897e9	389	27.07
pairs_129dfaf	406	25.66
pairs_12e4815	384	24.82
pairs_12fbc37	413	28.58
pairs_1385307	417	32.230000000000004
pairs_138cb99	388	28.93
pairs_13a1b81	385	29.409999999999997
pairs_13b21f5	415	25.14
pairs_14c3e01	399	32.86
pairs_15f7c51	394	25.43
pairs_16ae31f	383	32.26
pairs_17e6f16	387	30.16
pairs_1b6feef	391	25.369999999999997
pairs_1c31fe4	416	31.85
pairs_1d32cfd	399	27.779999999999998
pairs_1dd6e6b	380	31.189999999999998
pairs_1eec546	406	28.88
pairs_1f0e34f	418	33.25
pairs_2067409	420	29.53
pairs_2101d02	395	31.64
pairs_21706ea	378	29.72
pairs_21d7b03	399	29.02
pairs_22becac	391	30.409999999999997
pairs_25924ce	384	29.0
pairs_25f1239	403	32.61
pairs_26ac7dc	411	33.19
pairs_27c1b04	398	32.35
pairs_27c2194	415	27.93
pairs_288b27a	388	30.409999999999997
pairs_295d191	419	27.91
pairs_29defc8	377	29.880000000000003
pairs_29f11c1	417	25.59
pairs_2a661a8	407	28.95
pairs_2a8d6b9	381	29.77
pairs_2b796c6	420	25.2
pairs_2b7a09d	407	28.01
pairs_2b861f9	380	24.49
pairs_2d55093	381	28.54
pairs_2d565d1	415	27.3
pairs_2da1ad4	421	32.28
pairs_2eed649	411	28.59
pairs_2f0f623	395	29.310000000000002
pairs_2f4f6b1	405	30.25
pairs_303b6d5	406	31.29
pairs_322dcef	393	30.6
pairs_32953c5	386	31.299999999999997
pairs_32dc224	417	26.98
pairs_344b227	378	24.53
pairs_34d3598	419	27.41
pairs_35eaa9a	390	28.740000000000002
pairs_37e65b3	391	25.02
pairs_38fc046	386	25.119999999999997
pairs_396b93c	421	27.470000000000002
pairs_39929a1	415	32.75
pairs_3ab0a93	394	28.84
pairs_3beea94	379	31.590000000000003
pairs_3cd18c0	378	29.75
pairs_3d1468e	377	29.11
pairs_3ede9b1	418	25.380000000000003
pairs_3f7cf80	392	31.419999999999998
pairs_3fb8b15	394	27.16
pairs_3fd4e40	405	32.81
pairs_40294dd	380	27.849999999999998
pairs_40a5f81	417	26.98
pairs_4102435	390	24.54
pairs_4121d3a	406	31.07
pairs_43f3ae3	381	26.0
pairs_44eb126	396	28.91
pairs_4501f31	413	29.6
pairs_45f9025	385	31.15
pairs_460c41b	374	24.36
pairs_4a07322	418	31.91
pairs_4a7e24a	414	29.23
pairs_4aee270	384	30.87
pairs_4c4676f	387	28.830000000000002
pairs_4c54932	397	24.55
pairs_4e0ff3f	403	25.290000000000003
pairs_4f51a9a	389	27.73
pairs_50c985d	401	25.15
pairs_514a198	405	30.22
pairs_514fe50	390	28.080000000000002
pairs_518c534	391	32.46
pairs_51aae62	412	31.67
pairs_52513c2	417	24.73
pairs_5349faa	409	27.55
pairs_53a470c	386	24.72
pairs_53fb7d7	379	25.259999999999998
pairs_54ae33e	404	25.51
pairs_551cbe1	402	31.53
pairs_5632374	391	27.36
pairs_57a9e95	379	28.5
pairs_57ea1fe	377	31.07
pairs_583900b	412	25.42
pairs_58bd39e	415	30.75
pairs_58e3b67	378	27.82
pairs_59723ee	405	28.78
pairs_59d7fd1	389	28.43
pairs_5a00d67	416	32.339999999999996
pairs_5b05d1b	409	24.990000000000002
pairs_5b8fc23	421	27.5
pairs_5ba8da9	418	25.0
pairs_5c92f64	409	29.72
pairs_5d10d35	414	29.58
pairs_5d49a08	391	27.810000000000002
pairs_5e27326	398	31.75
pairs_5eeff31	414	32.32
pairs_5f38c74	412	30.07
pairs_602fdac	419	32.84
pairs_60849e0	383	24.64
pairs_60c5659	402	31.02
pairs_63a0cae	411	28.79
pairs_64e8e9e	400	32.21
pairs_6561a77	420	25.369999999999997
pairs_65a6ed0	419	27.89
pairs_66b5b85	392	24.55
pairs_6832c5c	420	30.12
pairs_69c8a51	404	27.590000000000003
pairs_6b10ffe	401	25.0
pairs_6b55b6d	414	29.9
pairs_6c2fcba	375	30.64
pairs_6ddcbf9	408	27.340000000000003
pairs_6e6239f	411	29.0
pairs_700dfa3	398	29.27
pairs_715ca9c	420	30.740000000000002
pairs_71f31d2	377	31.410000000000004
pairs_726784f	389	29.759999999999998
pairs_728ce30	416	30.64
pairs_735701e	389	31.369999999999997
pairs_737a61e	417	32.54
pairs_75b1784	383	27.15
pairs_763dc55	412	28.270000000000003
pairs_7664b71	380	32.19
pairs_766ed82	414	31.939999999999998
pairs_77cd599	414	32.72
pairs_77d09b2	379	30.189999999999998
pairs_77e90a3	383	26.09
pairs_7815c1e	414	26.54
pairs_78e47f6	408	28.939999999999998
pairs_78fbc34	375	25.12
pairs_79ae61f	399	24.42
pairs_7aaca34	415	29.74
pairs_7d07f46	414	30.55
pairs_7dd25df	416	31.130000000000003
pairs_7dfbb58	389	28.81
pairs_7eeb1f2	404	28.950000000000003
pairs_807b582	387	26.04
pairs_80a0485	401	28.17
pairs_8135eac	379	28.31
pairs_81867c0	400	32.2
pairs_8234da8	376	29.24
pairs_82c0a67	402	25.11
pairs_834b3ad	390	28.85
pairs_83a4946	382	31.35
pairs_84474a6	420	30.83
pairs_84a9b9b	410	32.89
pairs_84ecbe7	409	30.64
pairs_8507e54	419	27.380000000000003
pairs_8565938	407	31.36
pairs_869b96d	383	30.509999999999998
pairs_8782830	398	30.729999999999997
pairs_87866ab	403	27.15
pairs_88ebe69	375	27.02
pairs_8a268e8	394	32.64
pairs_8a7106d	418	29.770000000000003
pairs_8a72b3a	405	28.62
pairs_8a81730	400	32.54
pairs_8d58383	406	27.28
pairs_8dca598	418	31.61
pairs_8e8ca11	406	30.22
pairs_8f2df55	385	28.25
pairs_903e894	418	30.169999999999998
pairs_9076f2a	393	27.14
pairs_91ed472	389	28.56
pairs_939d972	399	31.759999999999998
pairs_95463e4	416	25.05
pairs_958ad7b	395	28.400000000000002
pairs_95fa86e	415	27.73
pairs_983443b	415	30.52
pairs_990bd9b	379	29.340000000000003
pairs_9b35716	394	31.53
pairs_9c4b26f	387	27.78
pairs_9c7cf6e	409	30.88
pairs_9caf0e6	400	24.689999999999998
pairs_9cfb9c9	403	31.77
pairs_9db29db	404	27.71
pairs_9f42548	387	26.47
pairs_9fb8bcb	389	31.880000000000003
pairs_a0f1563	417	28.25
pairs_a107cc5	393	29.82
pairs_a1398c2	382	27.02
pairs_a35e559	386	30.08
pairs_a3a7994	419	28.68
pairs_a3cc0f7	392	27.03
pairs_a4ac583	421	26.02
pairs_a4bcfce	397	30.49
pairs_a559e8c	383	28.97
pairs_a7a385a	379	31.6
pairs_a90a793	389	25.16
pairs_a932ba3	405	25.919999999999998
pairs_a9ab5c7	409	30.919999999999998
pairs_a9b70ff	410	29.72
pairs_ad8716e	420	31.62
pairs_ae59ef8	410	29.75
pairs_ae5f5e0	407	27.55
pairs_aff66c0	393	29.83
pairs_b0954ca	394	32.23
pairs_b0d1628	393	28.02
pairs_b163726	384	31.439999999999998
pairs_b380b62	414	27.72
pairs_b40a0a5	410	30.700000000000003
pairs_b442122	395	28.25
pairs_b49f3f9	405	30.46
pairs_b54bb61	389	29.119999999999997
pairs_b62ab68	386	25.15
pairs_b956892	411	25.46
pairs_b9bb178	382	28.04
pairs_ba51657	384	27.97
pairs_bb04db6	413	27.78
pairs_bbfc40b	399	27.36
pairs_bc714c2	410	24.869999999999997
pairs_be028ae	386	28.42
pairs_bf285bd	374	28.330000000000002
pairs_c02d9b4	408	25.020000000000003
pairs_c1e79ef	389	32.14
pairs_c1e93d6	400	28.15
pairs_c1f812f	401	31.38
pairs_c208524	419	31.200000000000003
pairs_c438b3b	420	24.959999999999997
pairs_c74212e	402	24.880000000000003
pairs_c7b96ed	388	25.830000000000002
pairs_ca5625a	400	31.11
pairs_cae0e2f	386	31.54
pairs_cb680b5	392	29.32
pairs_cdc4e6b	388	30.27
pairs_ce14fc4	408	24.939999999999998
pairs_d00d8c7	411	28.68
pairs_d1b4ef5	390	25.18
pairs_d22dc92	391	29.05
pairs_d298fc2	411	28.049999999999997
pairs_d379e18	403	27.5
pairs_d4583e1	374	32.35
pairs_d489ff5	375	27.310000000000002
pairs_d5a90bb	394	28.46
pairs_d7e5d1b	386	30.29
pairs_d9aa6c5	405	25.380000000000003
pairs_da1e9b2	398	31.87
pairs_db011ac	410	24.99
pairs_dbc339a	380	31.25
pairs_dbd3f92	397	28.66
pairs_dc3aec9	406	32.67
pairs_dd52657	376	29.630000000000003
pairs_e0ebc10	398	32.230000000000004
pairs_e1830aa	415	28.049999999999997
pairs_e56c3d4	388	32.150000000000006
pairs_e6202d9	415	32.71
pairs_e66652e	405	27.38
pairs_e7cf8c8	381	29.020000000000003
pairs_e872cef	419	33.44
pairs_e8b5c0d	409	26.94
pairs_eb5c693	375	24.5
pairs_ec80e27	397	27.090000000000003
pairs_ed38569	417	32.67
pairs_ed7ba7a	397	30.84
pairs_ef6ef0b	380	30.14
pairs_f0bf5d4	381	24.97
pairs_f0d97ed	397	28.830000000000002
pairs_f1e6d8d	396	28.03
pairs_f2adf3e	407	32.980000000000004
pairs_f4732ed	382	29.19
pairs_f47ec28	406	30.810000000000002
pairs_f7c95a8	410	26.96
pairs_f9e9175	418	26.770000000000003
pairs_fa63555	392	30.57
pairs_fa863d0	374	27.34
pairs_faab576	397	26.63
pairs_fae75f3	407	28.6
pairs_fb050d9	403	26.880000000000003
pairs_fccfa79	404	32.660000000000004
pairs_fd8c559	407	31.07
pairs_fe6e136	376	25.02
pairs_fe9959e	419	25.16
pairs_fecaa3a	380	27.04
pairs_fedd0ce	378	29.619999999999997
pairs_ff08dda	397	30.44
pairs_ff27523	398	25.49
pairs_ff30870	408	28.15
pairs_ffa9937	382	30.37
pools_5k_6c9b2b2	5107	3076.05
pools_5k_74e407e	5107	3028.25
pools_5k_9233153	5107	3031.36
pairs_621665d	3421	1220.8500000000001
pairs_9e3cf01	3136	1180.6100000000001
pools_3k_08f5637	3120	1200.77
pools_3k_4631161	3119	1196.45
pools_3k_4a030aa	3173	1202.3100000000002
pools_3k_4cb65ae	3234	1205.24
pools_3k_8335d4c	3120	1207.76
pools_3k_ab04b5e	3120	1228.55
pools_3k_cb2ad07	3119	1224.8
pools_3k_dfb8972	3120	1216.64
pools_4k_105e36e	4068	1707.16
pools_4k_248ce56	4068	1703.94
pools_4k_76158c8	4068	1693.71
pools_4k_a3a664f	4068	1709.62
pools_4k_a42c6b4	4068	1728.9099999999999
pools_4k_adcab30	4068	1715.03
pairs_06e4bd1	2060	549.8699999999999
pairs_14ccfa8	2062	519.6
pairs_8f8e8bf	2062	526.21
pairs_b56542b	2062	517.84
pools_2k_003c6be	2063	542.84
pools_2k_0a03822	2061	530.8199999999999
pools_2k_25c978b	2060	545.5
pools_2k_26cd837	2061	553.51
pools_2k_35aa0f2	2062	539.86
pools_2k_4edabca	2063	524.81
pools_2k_5396c7c	2062	537.27
pools_2k_5617db3	2063	543.1800000000001
pools_2k_5ea27dd	2062	548.4499999999999
pools_2k_6a47a36	2062	530.07
pools_2k_718c724	2060	544.78
pools_2k_89b7507	2061	544.51
pools_2k_997c119	2062	557.53
pools_2k_9c2d435	2062	542.74
pools_2k_a3e9827	2060	550.82
pools_2k_ae41768	2062	537.23
pools_2k_b30cecb	2063	547.78
pools_2k_c975e6d	2060	561.36
pools_2k_eb13737	2061	546.99
pools_2k_f99ef20	2063	553.87
pools_5k_3cc131f	5100	3013.9100000000003
pools_5k_963628d	5100	2979.99
pools_5k_b396f98	5100	2987.46
pools_5k_e81b97c	5099	2992.09
pairs_0ace2ca	1425	223.3
pairs_1362d24	1400	182.7
pairs_154496d	1382	181.37
pairs_1756a05	1410	178.85
pairs_182d40f	1386	178.08
pairs_200414a	1394	190.79
pairs_2332432	1390	185.05
pairs_27fac4d	1441	188.56
pairs_3343445	1455	168.4
pairs_37f9c63	1433	172.15
pairs_4193e3b	1451	187.45000000000002
pairs_4d234a7	1435	179.32
pairs_4ed6c5c	1393	178.69
pairs_62f5f6f	1415	192.70000000000002
pairs_636f5ef	1401	181.03
pairs_6457a84	1400	193.22000000000003
pairs_73532e4	1458	193.29999999999998
pairs_7915dbd	1382	185.74
pairs_7fa0d8b	1394	182.68
pairs_817ce90	1395	192.93
pairs_8499977	1459	167.83999999999997
pairs_8b728b5	1431	167.97000000000003
pairs_8cb51a6	1426	181.01
pairs_96e297b	1405	186.77
pairs_9a7d465	1445	181.42000000000002
pairs_a1f0cf7	1391	185.88
pairs_a59d925	1454	182.07000000000002
pairs_a5b378f	1430	185.39000000000001
pairs_a7e6da1	1391	167.21
pairs_ac111cd	1391	192.54000000000002
pairs_adf974a	1408	167.38
pairs_ae54d40	1393	167.67000000000002
pairs_b3fabe6	1424	181.92
pairs_b4d64aa	1385	180.79999999999998
pairs_b6c8136	1424	198.31
pairs_b91b2eb	1437	168.28
pairs_b97c30c	1428	189.57000000000002
pairs_c3235f6	1422	186.29
pairs_c9d5ddc	1404	175.51
pairs_ca81f53	1390	185.82999999999998
pairs_cc3cb96	1424	181.88
pairs_cd026a4	1411	188.87
pairs_d4b6062	1420	181.18
pairs_d962846	1450	191.66000000000003
pairs_da25e73	1392	192.33999999999997
pairs_ddba3ea	1439	169.66
pairs_e279c7e	1386	193.45000000000002
pairs_e444798	1445	197.26
pairs_e791376	1443	192.87
pairs_f22be52	1394	190.65
pairs_f30ee40	1440	195.99
pairs_f4c2d84	1420	194.29
pairs_f8710ff	1441	168.49
pairs_ff64436	1407	195.48999999999998
pools_4k_65300f5	4109	2335.19
pools_4k_72b2d1e	4109	2302.94
pools_4k_76cefc4	4108	2303.0
pools_4k_abbc9c6	4110	2307.4199999999996
pools_4k_bad24b2	4110	2313.25
pools_4k_fdff45b	4110	2297.61
pairs_00f5def	755	91.4
pairs_011a1e6	742	52.949999999999996
pairs_01e071d	741	61.489999999999995
pairs_0279dba	758	53.11
pairs_0465a8e	774	114.06
pairs_052c2ca	766	59.92
pairs_057d72f	744	60.91
pairs_05a8a9a	761	62.809999999999995
pairs_0702997	748	54.97
pairs_07d6668	766	50.06
pairs_0baade3	742	51.91
pairs_0c3027f	755	61.61
pairs_0e72cc4	770	74.79
pairs_16655bd	769	80.63
pairs_175da4b	753	62.43
pairs_17fbf74	762	63.010000000000005
pairs_1817f3d	770	72.46
pairs_1942c1e	775	85.77
pairs_19f14f3	742	63.050000000000004
pairs_1a888ad	743	61.92
pairs_1b19125	746	59.91
pairs_1b3290a	764	48.03
pairs_1c27bd3	739	61.260000000000005
pairs_1ce0a0b	764	47.440000000000005
pairs_1d48452	765	61.900000000000006
pairs_1eb4a5e	744	53.39
pairs_21ca297	768	58.93000000000001
pairs_220ab89	753	58.68000000000001
pairs_2289301	744	56.32
pairs_24d4a61	776	87.84
pairs_24d7bec	769	86.57
pairs_25690ed	755	61.28
pairs_25d3f05	748	59.46
pairs_27ec1cd	756	59.81999999999999
pairs_296540a	740	53.6
pairs_29ddc14	774	86.03999999999999
pairs_2a9b3c7	770	73.11999999999999
pairs_2bfe1f8	743	56.85
pairs_2cb0a0b	764	58.33
pairs_2e3c0d1	744	47.66
pairs_2f4adc8	768	48.04
pairs_353910c	770	85.3
pairs_3969d1c	762	58.959999999999994
pairs_3b26db0	767	47.8
pairs_3c7b7de	771	73.19000000000001
pairs_3d195d1	761	63.230000000000004
pairs_40be483	747	59.269999999999996
pairs_4327f39	774	85.19
pairs_45f7897	768	56.75
pairs_461f5d1	763	61.5
pairs_46d03df	752	60.28
pairs_48d97ea	763	59.54
pairs_4955a43	745	50.230000000000004
pairs_4bfb4e2	765	60.11
pairs_4dc9e71	766	51.18000000000001
pairs_4e66e96	741	54.96
pairs_4eabe3b	772	86.48
pairs_4f6873c	747	48.0
pairs_529f300	748	52.11
pairs_52d3896	763	58.75
pairs_532efa1	742	56.78
pairs_55cf969	751	53.81
pairs_56669a3	758	55.620000000000005
pairs_56f4654	770	73.61
pairs_5797f5f	769	87.41
pairs_5a8b6e9	746	56.21
pairs_5ab531e	773	87.17999999999999
pairs_5cecbd2	748	59.46
pairs_6007c5d	743	53.85
pairs_60eefaf	758	59.879999999999995
pairs_6344200	761	50.269999999999996
pairs_6383a60	758	59.3
pairs_646ee13	769	86.33000000000001
pairs_687c702	752	47.29
pairs_68b3a9e	772	84.34
pairs_6a9b433	744	62.46
pairs_6b50eee	773	87.34
pairs_6e9b6ea	756	60.949999999999996
pairs_6ea28cc	739	57.71000000000001
pairs_6ffa112	766	59.15
pairs_701bf3f	748	47.800000000000004
pairs_732c6f4	744	58.83
pairs_7527dc3	760	62.17
pairs_766f410	751	47.65
pairs_7719345	754	62.260000000000005
pairs_7bcadd0	774	80.44
pairs_7ccba80	746	62.42
pairs_7f28e0c	757	60.22
pairs_7f8db80	756	61.760000000000005
pairs_80eb557	756	47.739999999999995
pairs_822c4f2	739	62.03
pairs_83400b8	764	51.81
pairs_8487e11	767	58.01
pairs_850e7e4	761	62.36
pairs_867f415	758	49.64
pairs_8871861	761	62.69
pairs_88f288b	765	55.529999999999994
pairs_890f740	767	51.0
pairs_8ba80c0	763	54.75
pairs_8ca00fa	757	57.24
pairs_8d04f7e	740	49.620000000000005
pairs_8d69988	749	50.38
pairs_8da11e2	769	73.02
pairs_915006b	746	57.269999999999996
pairs_9d94fc0	753	60.260000000000005
pairs_9dc4abd	772	84.54
pairs_9f1fadd	774	72.99
pairs_9fd35ae	754	48.14
pairs_a06eaa3	750	59.239999999999995
pairs_a62fcb5	740	59.85000000000001
pairs_a75d313	776	72.89
pairs_a794100	741	47.419999999999995
pairs_a7f57dc	766	54.72
pairs_a874bd7	764	62.480000000000004
pairs_aac90ca	775	72.57000000000001
pairs_ac5377c	769	75.32000000000001
pairs_ac5fc60	753	60.019999999999996
pairs_ad8c8b9	766	53.91
pairs_af286ce	762	60.3
pairs_afadabc	763	58.010000000000005
pairs_b12cd0f	752	48.85
pairs_b37a244	752	49.64
pairs_b47f485	772	74.25
pairs_b78316e	758	63.12
pairs_b90e456	770	77.8
pairs_b975998	758	48.190000000000005
pairs_bc25c6c	756	62.17
pairs_becc38b	769	81.85
pairs_bf12005	752	60.67999999999999
pairs_bffdbbc	743	54.67
pairs_c1068b7	765	62.59
pairs_c2c5e53	761	49.86
pairs_c30042f	760	63.2
pairs_c38f5f9	747	55.33
pairs_c4d2077	767	62.81999999999999
pairs_c5fec92	764	59.78
pairs_c6088d1	774	84.93
pairs_c6467a4	760	62.910000000000004
pairs_c7b2397	754	48.18
pairs_c8d493d	764	63.22
pairs_c9476a4	741	54.54
pairs_cb35ce4	756	56.44
pairs_cc4f2c8	765	56.07
pairs_ce030df	767	60.870000000000005
pairs_cf6cffd	763	50.15
pairs_d328d2e	743	61.84
pairs_d6a3cca	759	50.89
pairs_da4405a	752	54.36
pairs_db1a34b	773	76.69
pairs_db8b6ab	756	47.36
pairs_dc4d1c3	771	84.87
pairs_dd06726	757	61.46
pairs_e3c6206	743	57.300000000000004
pairs_e550c74	769	86.93
pairs_e771bfe	769	84.79
pairs_e84fab9	749	52.57
pairs_e9b9a7a	755	50.13
pairs_ea6049c	771	73.4
pairs_ebd8784	776	87.59
pairs_ed07803	757	58.02
pairs_ed0be62	751	62.7
pairs_ee116a1	752	60.56
pairs_ee65ddc	747	60.019999999999996
pairs_eee28fd	757	51.16
pairs_f180654	775	87.85
pairs_f66475d	740	47.34
pairs_f751151	755	59.959999999999994
pairs_f89eefe	768	54.66
pairs_f8b209a	757	47.7
pairs_fc0c475	739	53.28
pairs_fef4331	776	77.37
pairs_ff006e9	759	61.33
pairs_8bda875	2074	569.41
pairs_901f97f	2073	531.26
pools_2k_0516010	2075	552.52
pools_2k_0658263	2074	554.72
pools_2k_0d00649	2074	552.96
pools_2k_0d948af	2072	554.82
pools_2k_240e6e0	2072	554.0
pools_2k_31b571d	2075	530.7
pools_2k_3ff0d27	2074	541.1800000000001
pools_2k_415df0a	2072	562.39
pools_2k_43785fd	2073	556.12
pools_2k_5b4bb67	2072	565.86
pools_2k_5b72639	2074	546.2
pools_2k_69cdf8c	2072	560.29
pools_2k_6a68e83	2073	561.4499999999999
pools_2k_6fc7b79	2073	548.4
pools_2k_7897a60	2075	554.92
pools_2k_a7daab8	2075	543.88
pools_2k_b08f2e9	2072	553.9
pools_2k_b70c57a	2073	563.64
pools_2k_c8b2e13	2074	554.97
pools_2k_de181ba	2073	545.8199999999999
pools_2k_ded6e41	2075	538.79
pools_2k_e5a5f7d	2075	546.57
pools_4k_231161f	4086	1729.61
pools_4k_2832fd3	4086	1704.82
pools_4k_4b090c1	4085	1718.9899999999998
pools_4k_9704d51	4086	1706.53
pools_4k_dc77d6c	4086	1713.6
pairs_3b3810a	2059	567.37
pools_2k_030220d	2055	563.1800000000001
pools_2k_0cf2e63	2059	559.1899999999999
pools_2k_1a7d140	2057	556.15
pools_2k_202460f	2059	565.79
pools_2k_22a935d	2056	547.66
pools_2k_25a0364	2058	536.54
pools_2k_3b38179	2058	569.72
pools_2k_4875f0d	2057	557.3000000000001
pools_2k_4a33863	2055	548.94
pools_2k_5a5d059	2054	553.6
pools_2k_5a89b05	2056	564.67
pools_2k_5ae0118	2058	530.7
pools_2k_7bec313	2054	548.72
pools_2k_8d8eeb5	2057	544.6
pools_2k_8ebb68e	2058	535.53
pools_2k_a0e9fad	2057	544.62
pools_2k_a7bcd83	2057	534.54
pools_2k_b81d607	2058	541.82
pools_2k_b85c279	2056	559.23
pools_2k_d941612	2059	560.78
pools_2k_d9f0422	2055	544.86
pools_2k_ec16fae	2056	566.75
pools_2k_f19d34b	2055	566.92
pools_2k_f301a1e	2058	556.7
pools_4k_024d7b6	4080	1745.52
pools_4k_084705a	4081	1735.74
pools_4k_1339730	4080	1720.04
pools_4k_d3678fb	4081	1704.98
pools_4k_fb83f4c	4080	1735.33
pairs_44ed2f2	2001	356.78
pairs_acc0fa4	2003	321.5
pools_2k_00b4c6b	2002	338.37
pools_2k_0bf3995	2001	346.48
pools_2k_2461672	2001	339.99
pools_2k_43c2cfc	1999	354.04999999999995
pools_2k_53d7b3b	2003	346.4
pools_2k_54e87a6	2000	334.8
pools_2k_60d1308	2000	344.38
pools_2k_6666210	2003	349.0
pools_2k_78eada3	2003	350.91
pools_2k_7f66057	2001	346.89
pools_2k_8a60c70	2002	341.05
pools_2k_91af9ed	2001	319.02
pools_2k_9e413ac	2002	343.51
pools_2k_9efdb6b	2003	339.79
pools_2k_b9b1886	2002	343.23
pools_2k_c305095	2002	345.02
pools_2k_c7607d8	2000	338.64
pools_2k_d1a41f7	2002	324.7
pools_2k_dbcf2d7	2000	336.35
pools_2k_eaaf90d	2000	336.82
pools_2k_ed05d74	2001	346.97
pools_2k_f46d1cd	2000	343.8
pools_2k_f858151	2003	349.63
pools_2k_f9249b5	2001	350.5
pools_5k_089e248	5109	3132.41
pools_5k_1b9072d	5108	3072.4700000000003
pools_5k_4b18c4c	5108	3095.04
pairs_690df9e	2029	344.32
pools_2k_0590e63	2029	335.23
pools_2k_0d9a053	2031	346.32
pools_2k_1d1e3e6	2032	332.84
pools_2k_212b01e	2033	335.40999999999997
pools_2k_2b58306	2031	336.26
pools_2k_2ed51cb	2031	340.75
pools_2k_35d7dbe	2030	331.55999999999995
pools_2k_43dcf79	2034	328.57
pools_2k_5648343	2033	345.09
pools_2k_5c343b6	2032	341.67
pools_2k_5e25999	2029	343.87
pools_2k_621888d	2030	347.0
pools_2k_7074b29	2033	340.78999999999996
pools_2k_7311833	2032	343.28000000000003
pools_2k_74aedea	2034	332.81
pools_2k_8bc170b	2029	329.5
pools_2k_93666ad	2030	337.84
pools_2k_9f3d3c6	2031	338.0
pools_2k_a0e3284	2031	314.79
pools_2k_bd4015d	2030	343.70000000000005
pools_2k_dcdafae	2034	343.44
pools_2k_ed5eb49	2034	313.03
pools_2k_ff1028b	2029	330.16
pools_2k_ff4349d	2030	334.06
pools_5k_1ed5d54	5019	3105.16
pools_5k_42adbf9	5019	3050.02
pools_5k_8b8ceaf	5019	3055.0099999999998
pools_5k_c73d4a8	5019	3060.0699999999997
pools_5k_4a79789	5111	3041.84
pools_5k_8b4ea3d	5111	3030.1
pools_5k_a0f27ad	5110	3007.5299999999997
pools_5k_eb361b7	5111	3040.4700000000003
pairs_01ebe72	783	114.97
pairs_034df12	786	87.17
pairs_05ff5c0	793	92.33000000000001
pairs_0611fcc	776	92.02000000000001
pairs_09f466b	789	85.33
pairs_0b4d54b	796	75.60000000000001
pairs_0b66127	784	91.95
pairs_0b85132	793	89.11
pairs_0c9e4b4	790	85.85
pairs_111eb38	779	78.56
pairs_12c3171	811	85.93
pairs_14b2111	786	89.31
pairs_159c225	793	80.19000000000001
pairs_174f2e2	800	92.51
pairs_18cb47e	805	92.83000000000001
pairs_1b4023a	783	91.78
pairs_1e2b83f	798	81.18
pairs_1e644d6	800	81.89
pairs_1f798fc	778	91.87
pairs_2033eeb	804	92.96000000000001
pairs_206351a	794	90.17999999999999
pairs_24d64f6	785	86.84
pairs_26c278f	787	88.99000000000001
pairs_2b2cf23	799	88.83
pairs_2b345f9	813	89.29
pairs_2c051ef	808	91.78999999999999
pairs_2db24cb	798	88.58
pairs_2dbdee8	776	87.69
pairs_2f1d821	800	92.7
pairs_307742b	813	79.48
pairs_313daaa	812	92.36
pairs_33cfaef	803	88.75
pairs_34a1159	809	79.47
pairs_3528e7b	793	89.35000000000001
pairs_37724ce	789	75.27000000000001
pairs_3858b41	810	75.96000000000001
pairs_3920e77	795	78.5
pairs_39856f6	795	90.42
pairs_3e4c8c1	791	84.12
pairs_4359be8	791	91.16999999999999
pairs_451c60a	804	79.97
pairs_473ff8f	793	75.55000000000001
pairs_47bfb71	789	88.44999999999999
pairs_4868744	796	92.56
pairs_49f70a5	792	91.44
pairs_4a01405	811	89.46000000000001
pairs_4a84230	780	85.53999999999999
pairs_4d38638	809	92.5
pairs_4e78924	802	76.37
pairs_4f3113b	796	91.75
pairs_4f60539	809	82.48
pairs_517e4a1	790	92.4
pairs_54e9976	808	83.78999999999999
pairs_5742180	797	77.46
pairs_574a8e9	803	91.50999999999999
pairs_5787bb2	802	91.49000000000001
pairs_58c4ac6	781	89.75
pairs_58e9c43	784	78.15
pairs_5bee58f	777	87.36999999999999
pairs_5decbca	796	75.86999999999999
pairs_6167986	788	83.67999999999999
pairs_6208d86	780	89.62
pairs_6595ccf	798	90.68
pairs_6885b15	811	75.82000000000001
pairs_6919e5c	811	84.19
pairs_6b71ecb	789	88.61999999999999
pairs_6c76ebb	800	75.71000000000001
pairs_6ed6aa2	796	92.27
pairs_7340062	783	89.08
pairs_73418d7	780	89.23
pairs_7646fb0	807	88.7
pairs_7797853	780	81.04
pairs_7a6afeb	798	92.71
pairs_7b64776	796	89.74
pairs_7b969b8	792	76.77
pairs_818fd48	797	88.28
pairs_82331c5	810	91.94999999999999
pairs_827343a	804	88.81
pairs_839fd38	803	94.34
pairs_847898c	788	86.22
pairs_85d903b	812	91.95
pairs_8697fe6	778	74.84
pairs_87c7914	800	91.67
pairs_8aaa1d9	812	85.61000000000001
pairs_8b0bc73	802	81.78999999999999
pairs_8cc0906	781	91.38999999999999
pairs_8cfa2cc	801	75.58999999999999
pairs_8e9bd60	794	80.76
pairs_8fa8100	810	90.08
pairs_8fc6316	799	92.82
pairs_91e7333	788	85.69
pairs_9232484	812	91.4
pairs_9a5bffc	780	74.77000000000001
pairs_9d87cb3	786	89.07
pairs_a2e3e7b	778	91.71
pairs_a459bd8	792	88.21
pairs_aa2983a	813	75.53999999999999
pairs_abcd5e6	798	75.6
pairs_afe2c97	805	78.64
pairs_b34121b	801	85.33
pairs_b52c408	804	88.43
pairs_b64e0d8	808	82.35
pairs_b6f30d4	808	91.78
pairs_b8d5ee0	798	90.43
pairs_b9e77ad	810	78.14
pairs_baac267	799	89.27
pairs_bd41ee5	782	91.34
pairs_bf92882	814	78.16
pairs_c1baf6c	808	88.83000000000001
pairs_c26671d	812	88.79
pairs_c3733e4	806	86.94999999999999
pairs_c78eb14	783	90.49
pairs_c899605	789	91.72
pairs_ca6dca4	787	89.66
pairs_ca7f793	815	75.69
pairs_cd32d81	792	87.34
pairs_ce15842	792	75.88
pairs_ce1e7ca	780	86.92
pairs_d02b476	807	93.13999999999999
pairs_d2087b0	793	92.39
pairs_d38ba08	808	86.05
pairs_d398b43	809	88.81
pairs_d3e3bff	794	91.34
pairs_d518f13	801	92.17
pairs_d61690c	797	90.41
pairs_d6ce858	778	92.17
pairs_d81882b	785	81.84
pairs_d874bf4	813	80.05
pairs_db195d4	782	88.75
pairs_dc98d0b	809	87.49
pairs_e09fdbc	805	86.99
pairs_e2daaf9	799	79.97
pairs_e42f60f	783	88.8
pairs_e54c8cb	783	82.96
pairs_e6f74dc	785	88.46
pairs_e7705c1	788	88.06
pairs_e856b1e	814	92.06
pairs_e900a44	811	90.21000000000001
pairs_eae9eb4	799	79.41000000000001
pairs_eb03883	782	87.89
pairs_ec1d1a5	797	88.25999999999999
pairs_ed1933d	812	89.16
pairs_ed30533	777	79.87
pairs_eee7845	777	83.65
pairs_ef1f49a	806	90.2
pairs_f07859f	803	77.44000000000001
pairs_f0dc3ec	793	81.96000000000001
pairs_f10cd9c	793	84.12
pairs_f18301b	787	76.30000000000001
pairs_f37f0e4	803	93.0
pairs_f3c5e8d	785	88.42999999999999
pairs_f45101a	811	83.48
pairs_f52a8da	792	92.14
pairs_f54b175	800	91.97
pairs_f6c6344	797	88.72
pairs_f9e6851	781	88.27
pairs_fa19623	804	78.66
pairs_fbf7284	801	78.21
pairs_fd14cb0	807	85.47
pairs_fef96c7	781	86.61
pools_4k_0f76f89	4088	1737.29
pools_4k_48a4ed2	4087	1712.1599999999999
pools_4k_5812359	4089	1693.04
pools_4k_76afa1e	4089	1739.78
pools_4k_ab746f8	4089	1725.06
pools_4k_bcf81cb	4089	1710.72
pairs_01b6623	551	75.16
pairs_02e2a78	549	50.97
pairs_03e09e1	519	46.18
pairs_03fd761	564	52.39
pairs_043441a	533	50.099999999999994
pairs_0563493	539	45.19
pairs_06bad5f	549	50.72
pairs_070de4f	559	52.22
pairs_075d863	520	47.61
pairs_07839be	547	53.78
pairs_07d8b58	555	54.86
pairs_0b1207d	523	50.949999999999996
pairs_0b3a919	516	53.71
pairs_0bbd279	535	47.419999999999995
pairs_0c5179b	549	56.13
pairs_0e2b9b6	550	55.18
pairs_0e44cc3	564	51.94
pairs_0fc7770	523	48.1
pairs_1026d3f	564	50.48
pairs_13e6893	552	47.84
pairs_149ce14	550	47.64
pairs_181e38b	558	50.68
pairs_18410aa	546	53.57
pairs_191a225	557	52.44
pairs_1b13ac3	552	54.36
pairs_1c21c05	530	50.97
pairs_1d73fbe	551	53.08
pairs_1fa4dd8	535	51.96
pairs_210caa9	550	52.82
pairs_21903b6	546	54.89
pairs_227eedf	565	48.71
pairs_230176c	520	45.269999999999996
pairs_236a34f	565	56.37
pairs_2478bbf	565	48.08
pairs_2666d3a	551	45.51
pairs_26ab146	527	45.730000000000004
pairs_28c0503	560	55.78
pairs_2906df4	553	45.790000000000006
pairs_2a15352	521	55.19
pairs_2b3e03d	530	48.91
pairs_2b5999b	517	52.66
pairs_2cd41b9	548	55.449999999999996
pairs_2f4dc41	548	54.92
pairs_2ff372f	526	50.11
pairs_302ad7e	555	55.13
pairs_31af482	554	54.980000000000004
pairs_3523aea	556	53.629999999999995
pairs_3953337	550	52.73
pairs_3a42b32	522	53.46
pairs_3b8af36	544	54.58
pairs_3c42a12	526	55.39
pairs_3fa001a	554	47.300000000000004
pairs_41bdf2e	521	52.739999999999995
pairs_420caf5	528	50.43
pairs_42d1ff9	560	54.300000000000004
pairs_4386f1f	530	55.14
pairs_4430e53	534	54.989999999999995
pairs_44408e6	540	45.55
pairs_44c741e	561	49.58
pairs_457660b	537	53.690000000000005
pairs_46175a0	545	48.16
pairs_4644b9a	521	51.1
pairs_478ba5b	516	52.300000000000004
pairs_494ee69	533	51.82
pairs_4995a72	532	45.510000000000005
pairs_4a10797	535	54.41
pairs_4a691bb	566	54.78
pairs_4aec27a	516	44.83
pairs_4b543cb	538	54.58
pairs_4b99841	558	45.74
pairs_4bf3052	520	53.66
pairs_4cb0ca3	524	51.0
pairs_4e03fb8	522	50.47
pairs_4e91e55	560	54.11
pairs_4f30a47	547	55.46
pairs_4fdf054	541	47.28
pairs_50132c5	541	44.989999999999995
pairs_514feee	532	53.69
pairs_5183cfc	540	48.370000000000005
pairs_537e0b9	539	50.21
pairs_53e1fc7	526	54.92
pairs_556a10b	563	46.24
pairs_55cf820	554	48.63
pairs_56502d2	542	51.19
pairs_56bfee6	545	52.23
pairs_5746c20	545	49.06
pairs_597d446	546	53.96
pairs_5a6a1b6	558	46.61
pairs_5caa8bb	552	53.209999999999994
pairs_5ce661e	543	55.66
pairs_5e77675	546	51.879999999999995
pairs_5ee3090	542	49.17
pairs_60a8e75	565	45.85
pairs_6203f5a	554	54.61
pairs_6582cbd	523	50.06
pairs_6584537	539	53.52
pairs_67474f1	531	50.39
pairs_6a0fdd6	550	50.910000000000004
pairs_6a58312	537	53.8
pairs_6d8019e	515	47.92
pairs_6db704c	533	49.61
pairs_6eeea24	547	51.11
pairs_6f78451	523	54.71
pairs_6fcc4e7	516	44.93
pairs_704cafc	540	49.379999999999995
pairs_70961d6	529	54.58
pairs_7140ff9	529	53.64
pairs_71681be	548	48.19
pairs_71c227f	549	46.230000000000004
pairs_72eeb4e	546	53.75
pairs_72fc113	526	54.55
pairs_732b306	555	45.45
pairs_7540fc8	521	45.05
pairs_7568c40	566	51.21
pairs_758a07c	524	53.46
pairs_772299b	559	52.89
pairs_774ac1d	534	55.19
pairs_77de5f8	552	54.72
pairs_78f41cc	548	56.39
pairs_7a6fca3	537	49.61
pairs_7b2fee2	520	54.27
pairs_7b7ff7a	536	49.43
pairs_7b9ddfa	521	49.459999999999994
pairs_7c73be7	515	51.86
pairs_7d6a820	516	48.65
pairs_7e10f3d	537	52.19
pairs_7ece4e7	533	46.24
pairs_7f2bc36	517	50.92
pairs_7f7e3e5	536	45.57
pairs_811328f	518	44.76
pairs_81a1080	557	47.809999999999995
pairs_81c4cc0	545	52.82
pairs_8382c93	561	56.47
pairs_83baf0e	542	55.11
pairs_843e58b	529	47.900000000000006
pairs_8468cc5	538	52.22
pairs_84ed319	550	49.3
pairs_8631ac8	528	51.69
pairs_86f36d9	565	51.800000000000004
pairs_890e32f	543	54.739999999999995
pairs_89b49dd	562	45.81
pairs_8c1cd5d	516	46.26
pairs_8e14bbf	517	52.58
pairs_8e4dff5	557	49.660000000000004
pairs_8ed0904	521	52.85
pairs_8eeb90b	541	47.07
pairs_90cd31a	558	48.23
pairs_9257553	517	47.93
pairs_94b7ce0	536	48.89
pairs_9595097	541	44.980000000000004
pairs_95ee2e1	521	45.24
pairs_969876d	534	53.879999999999995
pairs_9775158	549	55.169999999999995
pairs_985c7df	552	54.61
pairs_9c76c3c	541	50.9
pairs_9d3e417	528	49.160000000000004
pairs_9dc549e	533	48.43
pairs_9df111b	551	52.23
pairs_9e4b725	532	52.61
pairs_9e60f1b	522	45.12
pairs_9eeb2b0	561	47.65
pairs_9efe9fb	536	45.09
pairs_9f28775	517	46.04
pairs_9f74b88	530	54.620000000000005
pairs_9fd6ef6	519	45.11
pairs_a13480c	554	47.21
pairs_a4494a7	562	52.68000000000001
pairs_a466714	557	49.43
pairs_a576348	548	45.15
pairs_a8c70b5	566	55.629999999999995
pairs_a9fb197	529	52.16
pairs_aba7ff7	521	54.04
pairs_aca529c	547	50.28
pairs_ad3329f	532	55.14
pairs_ad41ea0	565	56.459999999999994
pairs_b2b4600	557	55.82
pairs_b520efe	547	55.269999999999996
pairs_b6434a9	553	45.5
pairs_b7fd46a	565	52.72
pairs_b84ee4e	548	45.41
pairs_b927c8a	549	55.43
pairs_ba15fff	538	53.66
pairs_ba8df20	551	46.730000000000004
pairs_bca2b58	530	45.089999999999996
pairs_bd63a6e	545	47.94
pairs_bed8654	520	54.74
pairs_c001e8d	552	53.980000000000004
pairs_c09c4da	523	48.01
pairs_c2698e1	541	52.24
pairs_c3f31cd	519	54.120000000000005
pairs_c53c583	556	53.86
pairs_c6763f6	560	47.43
pairs_c78266d	522	49.03
pairs_ca44828	534	45.870000000000005
pairs_cab6ca2	532	51.59
pairs_cb221f9	563	52.400000000000006
pairs_cb4621d	550	53.230000000000004
pairs_cc4dd63	541	47.82
pairs_cdef5eb	546	55.12
pairs_cdf0e8b	523	51.85
pairs_ce269e2	561	55.89
pairs_cfc954d	516	50.78
pairs_d184965	561	47.400000000000006
pairs_d1a9645	557	53.83
pairs_d274c06	556	52.809999999999995
pairs_d313c29	553	54.47
pairs_d3e1b34	529	51.64
pairs_d496e3a	528	54.31
pairs_d4f8c5c	543	45.03
pairs_d8ce213	523	53.519999999999996
pairs_d8f122b	531	50.72
pairs_d964521	540	47.21
pairs_dada21a	554	52.31999999999999
pairs_db13119	540	55.19
pairs_dc85c0c	547	45.43
pairs_dc9e2a8	535	52.400000000000006
pairs_dd9897c	525	54.47
pairs_ded3a11	554	52.739999999999995
pairs_df03a51	528	52.21
pairs_dff8e81	548	47.099999999999994
pairs_e0ed7e7	546	45.230000000000004
pairs_e13ace1	554	49.36
pairs_e5417bc	533	45.61
pairs_e7e0c56	552	54.239999999999995
pairs_e813399	561	54.3
pairs_e881ed2	556	52.760000000000005
pairs_e8862a9	544	52.629999999999995
pairs_e8bc390	544	52.2
pairs_e9c4e4f	535	54.79
pairs_eb707f8	549	48.169999999999995
pairs_ebdbd0e	521	54.3
pairs_eda4f8e	551	55.81
pairs_eee42ba	562	54.61
pairs_f05d94b	561	55.72
pairs_f0b6cdf	546	53.93
pairs_f0e435f	523	51.94
pairs_f1803f4	525	52.53
pairs_f2e4228	524	53.56
pairs_f37c85d	517	54.46
pairs_f3e111e	552	53.8
pairs_f515390	561	52.66
pairs_f59e0e3	524	48.98
pairs_f6e2501	551	56.300000000000004
pairs_f719ed7	522	49.260000000000005
pairs_f791b7e	551	50.370000000000005
pairs_f796b73	535	52.75
pairs_f80866d	526	54.56
pairs_f86f543	558	52.459999999999994
pairs_fa51dd6	532	45.36
pairs_fc4206e	545	53.31
pairs_fc9bbee	561	55.21
pairs_fd2bc84	555	51.940000000000005
pairs_fd321d2	542	45.85
pairs_fd56043	544	44.980000000000004
pairs_feea88e	561	45.75
pairs_fefff3e	552	49.36
pairs_ff3be7c	535	47.26
pairs_ffc1245	528	49.83
pools_5k_15074b4	5091	3089.2000000000003
pools_5k_9fa31a7	5092	3040.3199999999997
pools_5k_f09fdce	5092	3050.12
pools_5k_654956a	5001	3123.2
pools_5k_69621c0	5002	3100.0099999999998
pools_5k_ac30512	5002	3090.3
pools_5k_d4d660f	5002	3064.39
pools_4k_1e35977	4092	1689.51
pools_4k_3aa0833	4092	1663.77
pools_4k_434f71d	4093	1662.95
pools_4k_a11f2f3	4092	1668.71
pools_4k_db8efea	4092	1693.12
pools_4k_0f6fc5b	4031	1765.55
pools_4k_46c5e53	4031	1717.97
pools_4k_90c1df8	4029	1725.57
pools_4k_b57ee5a	4032	1719.08
pools_4k_b67f7bc	4032	1749.36
pools_4k_f4159c6	4031	1696.6399999999999
pools_5k_3f8d6c8	5093	3079.19
pools_5k_473116b	5093	3050.75
pools_5k_b6138b6	5093	3062.4900000000002
pools_4k_1216aa2	4102	2324.1
pools_4k_1e283e5	4100	2274.98
pools_4k_4d07034	4100	2274.83
pools_4k_a87db34	4102	2276.22
pools_4k_d0cb8b0	4101	2265.65
pools_4k_f8d096d	4102	2255.29
pools_5k_3511e4c	5118	3018.65
pools_5k_54d29a1	5119	2994.8399999999997
pools_5k_77e5f15	5119	2997.49
pools_5k_e60b88e	5118	3009.57
pools_4k_2bbd479	4119	2310.85
pools_4k_5ba1c3c	4120	2271.56
pools_4k_6297c00	4120	2250.49
pools_4k_8d48056	4120	2291.1
pools_4k_9c91cd5	4120	2273.77
pools_4k_f120f7c	4119	2249.29
pools_3k_1fd15af	3030	862.49
pools_3k_32164d3	3030	819.34
pools_3k_3a9666e	3030	844.47
pools_3k_461dea4	3028	846.7
pools_3k_51fec52	3030	833.6099999999999
pools_3k_6ff74e8	3030	825.38
pools_3k_7bb98f5	3029	840.8
pools_3k_c87e2d2	3030	835.4799999999999
pools_3k_eb92719	3031	818.54
pools_3k_f6965be	3029	846.75
pools_4k_15b87d7	4060	1754.43
pools_4k_233753a	4060	1714.8
pools_4k_63983e0	4060	1701.77
pools_4k_83c56e9	4060	1716.3700000000001
pools_4k_d6f4437	4061	1721.3200000000002
pools_4k_2b506b6	4105	2355.12
pools_4k_a81885e	4102	2317.06
pools_4k_c383ec6	4102	2329.3999999999996
pools_4k_d7b2ead	4105	2306.0800000000004
pools_4k_e45e97b	4103	2324.42
pools_4k_ebe3399	4105	2338.25
pools_5k_436b6d4	5104	3016.86
pools_5k_b2a4031	5106	2979.7999999999997
pools_5k_cd6757d	5105	2983.09
pools_5k_ddec3a5	5105	2963.61
pools_4k_2d07f3a	4011	1691.5900000000001
pools_4k_3f83997	4010	1666.94
pools_4k_6aae9dd	4008	1686.39
pools_4k_7cf89d4	4016	1692.12
pools_4k_7e06e14	4007	1705.76
pools_4k_d8c3036	4008	1702.7199999999998
pools_5k_8705466	5034	3087.64
pools_5k_c8aab5e	5034	3051.17
pools_5k_d5aca5d	5034	3072.93
pools_5k_f40fe2a	5033	3047.8900000000003
pools_4k_50d5791	4113	2329.11
pools_4k_5b4f02b	4113	2283.8999999999996
pools_4k_74f65a6	4114	2301.6
pools_4k_8f6e003	4114	2297.01
pools_4k_a280cf4	4113	2302.21
pools_4k_fb9ac14	4114	2281.14
pools_4k_15cf9b3	4006	1729.3700000000001
pools_4k_58a7030	4001	1709.66
pools_4k_9679392	4006	1697.74
pools_4k_9ff3b50	4005	1701.95
pools_4k_c689ea7	4003	1697.19
pools_4k_ee57692	4002	1685.52
pairs_164a265	2053	562.92
pools_2k_03f840a	2049	540.66
pools_2k_09c08e7	2051	549.32
pools_2k_13b9b90	2049	546.24
pools_2k_1dd4181	2051	548.88
pools_2k_1ea0883	2054	533.17
pools_2k_1eafd38	2054	515.7
pools_2k_20f066e	2054	544.99
pools_2k_3363855	2051	519.73
pools_2k_3500a86	2053	542.18
pools_2k_37da4e4	2054	541.53
pools_2k_48b3819	2051	534.48
pools_2k_511b1dd	2052	548.18
pools_2k_517c43a	2049	538.5500000000001
pools_2k_7613bf0	2050	551.32
pools_2k_8f80726	2050	531.63
pools_2k_a0ddd67	2053	555.79
pools_2k_a971afa	2051	552.28
pools_2k_b585412	2050	553.04
pools_2k_c1599df	2049	538.15
pools_2k_cb89383	2051	539.67
pools_2k_d5cfaf8	2051	548.45
pools_2k_ec8134e	2053	547.04
pools_2k_fd28576	2053	542.6899999999999
pairs_02eccc9	1115	150.55
pairs_0434fcc	1122	129.73
pairs_0a7c82b	1127	124.57
pairs_0d09671	1116	138.54
pairs_0f7ba52	1104	131.3
pairs_119545a	1103	137.57999999999998
pairs_1347a34	1121	135.68
pairs_156dd80	1109	135.04000000000002
pairs_1fa35c8	1101	129.05
pairs_244a440	1110	124.0
pairs_26acba2	1113	122.83
pairs_2beaacd	1105	138.05
pairs_2d90f94	1104	124.10999999999999
pairs_2fa046e	1134	135.57
pairs_32bdb0d	1115	136.9
pairs_33f6e74	1124	133.78
pairs_3611fbc	1108	131.17000000000002
pairs_3641231	1105	135.87
pairs_37032bc	1131	137.47
pairs_45ce764	1128	135.33
pairs_4632d1e	1119	134.83
pairs_4744809	1135	117.32
pairs_48a6386	1110	126.98
pairs_4a659da	1106	131.48
pairs_4af8047	1118	131.21
pairs_4dacc6c	1106	137.28
pairs_513e78a	1127	130.58
pairs_519fd2c	1130	127.91999999999999
pairs_53dff0a	1131	139.25
pairs_56adf39	1101	135.7
pairs_5acebce	1134	138.11
pairs_5b56858	1109	136.34
pairs_5c0a3fc	1103	135.37
pairs_5f58a6f	1110	136.13
pairs_6229eba	1101	139.7
pairs_64da1c1	1104	127.42
pairs_6c57abe	1133	131.81
pairs_79454a3	1109	134.83
pairs_7bef5d5	1136	117.66
pairs_7e5a362	1118	138.37
pairs_821f0ea	1105	129.08
pairs_869770e	1135	129.52
pairs_87bd2b7	1111	126.56
pairs_8c81a6f	1127	135.86
pairs_8c8214d	1126	135.03
pairs_90a77d8	1104	135.13
pairs_9229dbe	1119	136.6
pairs_93707a6	1128	128.79
pairs_94eb34d	1131	138.33
pairs_9669b72	1137	140.11
pairs_96af0e5	1135	139.08
pairs_97cd92a	1114	136.52
pairs_9b3efd1	1132	130.97
pairs_9d4d9f7	1135	138.87
pairs_a294884	1105	137.26999999999998
pairs_a2b724e	1122	139.01
pairs_a58e478	1117	135.59
pairs_a67b3f3	1106	138.36
pairs_a6a7cdd	1117	137.05
pairs_ad570e3	1108	138.03
pairs_b09b301	1130	131.28
pairs_b36b2f6	1118	138.56
pairs_b409998	1102	137.81
pairs_b44140f	1138	139.79
pairs_b7ab7f7	1122	119.46000000000001
pairs_c0ad808	1125	123.39999999999999
pairs_c6a0f7c	1108	117.65
pairs_cc0544c	1108	123.75
pairs_cc05f6c	1125	138.82
pairs_ce08929	1103	120.06
pairs_d1e6380	1131	135.12
pairs_d680b91	1103	136.38
pairs_d858734	1103	129.08
pairs_d9e8c74	1116	130.42000000000002
pairs_e05179a	1103	129.38
pairs_e1c409a	1126	135.6
pairs_e3c444a	1116	119.6
pairs_e3edc35	1115	135.16
pairs_e75ce85	1112	122.0
pairs_eceb672	1109	138.78
pairs_f05905b	1122	136.11
pairs_f1454e1	1130	130.82
pairs_f2404b8	1132	128.26
pairs_f810a32	1125	131.65
pairs_f84d38a	1132	117.34
pairs_f91cc99	1119	135.57
pairs_fa8b25b	1106	128.72
pools_5k_0b2072a	5063	3059.9100000000003
pools_5k_9221464	5063	3003.1
pools_5k_de0604c	5062	3030.6
pools_4k_248ec45	4071	1785.47
pools_4k_67b5c71	4072	1757.36
pools_4k_7bec61b	4071	1756.14
pools_4k_921f833	4073	1748.12
pools_4k_984c4f0	4071	1762.54
pools_5k_0941025	5084	3052.7
pools_5k_270962a	5082	3008.21
pools_5k_95d1217	5082	2994.5299999999997
pools_5k_ca7073b	5081	3002.75
pools_3k_02b7118	3095	1236.98
pools_3k_1577669	3094	1206.6399999999999
pools_3k_59e8609	3091	1211.4
pools_3k_675923a	3093	1201.67
pools_3k_6c339d9	3093	1216.51
pools_3k_6f193cb	3091	1203.7199999999998
pools_3k_910966f	3094	1211.08
pools_3k_a94291a	3090	1217.62
pools_3k_e824853	3094	1213.49
pools_3k_fd5ea3a	3092	1206.2399999999998
pools_2k_0717495	2103	596.88
pools_2k_170932d	2102	562.09
pools_2k_35cb6f6	2103	566.1
pools_2k_40dacd7	2103	570.6
pools_2k_41ed572	2104	559.17
pools_2k_4cf62c2	2104	531.32
pools_2k_5aceb6e	2103	557.13
pools_2k_5d0ff9f	2104	563.04
pools_2k_629fefe	2105	561.3199999999999
pools_2k_76c87ac	2104	564.04
pools_2k_904e621	2103	546.86
pools_2k_9b7b4e2	2103	554.56
pools_2k_a583c41	2103	547.97
pools_2k_b44ec4c	2103	527.65
pools_2k_b80f9e4	2105	546.3
pools_2k_bd3c1a7	2103	550.1600000000001
pools_2k_c0497eb	2104	540.03
pools_2k_c5209cf	2103	537.94
pools_2k_cc4232b	2105	542.6
pools_2k_ceaac95	2105	553.4
pools_2k_d1fa4eb	2104	555.0799999999999
pools_2k_d57c316	2104	558.76
pools_2k_e453543	2105	546.23
pools_4k_039f98d	4117	2321.62
pools_4k_197d6a1	4117	2286.27
pools_4k_497fa64	4118	2308.7400000000002
pools_4k_dbcea46	4118	2302.44
pools_4k_e1f5007	4118	2299.62
pools_4k_e713ff6	4117	2293.15
pools_5k_3991a11	5044	3134.7799999999997
pools_5k_69f3390	5044	3137.5600000000004
pools_5k_c4f129b	5044	3083.2599999999998
pairs_01b06f0	1017	121.51
pairs_023f1af	1011	93.7
pairs_0429cf6	987	93.23
pairs_04357ea	1002	93.54
pairs_070c971	1005	95.24
pairs_0a9b4e8	1002	85.46000000000001
pairs_0aaa9c0	995	93.94
pairs_0b5895c	996	95.85000000000001
pairs_0c45281	992	81.41000000000001
pairs_0c5d096	1015	93.58
pairs_1009a22	982	94.12
pairs_11dd602	1004	91.36999999999999
pairs_128b5e0	996	95.94
pairs_12f7653	987	90.5
pairs_153dfb6	986	87.55
pairs_1636ac4	1016	97.38
pairs_168e11b	983	86.92
pairs_1c546c6	997	96.35
pairs_2124d18	1017	94.34
pairs_21b2ef4	985	78.08
pairs_25983f3	986	75.81
pairs_2620a61	1006	91.11
pairs_264fada	1002	90.1
pairs_2717892	988	95.17
pairs_2801454	993	92.94000000000001
pairs_36b3951	1000	86.17
pairs_38ae639	1001	95.03999999999999
pairs_39ba53c	1016	92.79
pairs_3a43b69	1012	94.09
pairs_3ea2412	989	91.34
pairs_3f07852	1013	76.85000000000001
pairs_4056318	1011	90.99000000000001
pairs_436debc	996	94.71000000000001
pairs_4580cd1	994	82.03
pairs_48122cb	1004	94.18
pairs_4e7e75d	1018	90.63
pairs_4fbbaf7	995	95.07
pairs_52c3914	1013	91.75999999999999
pairs_5412d39	994	90.75999999999999
pairs_556aae2	1010	93.68
pairs_558e96b	1010	93.77
pairs_581e8c8	991	94.83
pairs_5aca330	1011	95.72
pairs_5acfb24	1018	84.53
pairs_5c4e1c7	1001	92.55
pairs_608e4a3	1014	89.39
pairs_60ece54	1000	88.66
pairs_64b9038	1003	85.35
pairs_652cf23	1016	93.75
pairs_65f413a	1002	83.11
pairs_6dcde33	992	80.25
pairs_71fd8a3	989	91.53
pairs_780b327	997	95.31
pairs_7c1b2db	986	91.82000000000001
pairs_7c215a1	1013	93.69999999999999
pairs_7ca0e2c	1021	88.44
pairs_7f7bba4	1008	91.49000000000001
pairs_8d07924	1019	79.35000000000001
pairs_907b63c	995	92.18
pairs_9138a71	1002	77.64
pairs_92bdae4	1020	95.64000000000001
pairs_959067d	996	88.03
pairs_96efe9b	984	88.85000000000001
pairs_98e2bd9	983	95.11
pairs_9b21baa	1015	95.49
pairs_9cbba55	989	87.85
pairs_9fc1045	1000	89.14999999999999
pairs_a3d126f	1001	84.09
pairs_a72a25c	1003	89.75
pairs_a7e508d	1004	92.27000000000001
pairs_a7fc9bd	984	93.02000000000001
pairs_a8ecbed	996	95.13
pairs_aa65a99	1023	95.64000000000001
pairs_abbe828	992	94.53999999999999
pairs_ace0f0c	1020	94.80000000000001
pairs_ad1b394	1002	84.38
pairs_ae6ceab	986	76.45
pairs_afe2626	1022	86.77
pairs_b0ee5c6	1015	92.34
pairs_b58dd9b	1013	96.11
pairs_b671079	999	93.93
pairs_b8f143e	991	81.78999999999999
pairs_be5a3b0	1020	89.08000000000001
pairs_bef4e81	1021	93.69999999999999
pairs_c3d568c	990	76.02
pairs_c66590d	995	89.46000000000001
pairs_c751f67	1008	90.46000000000001
pairs_c75c53b	985	90.53
pairs_ca5fe99	985	75.75
pairs_cc47f06	987	75.38
pairs_ccf4d4b	1013	96.41000000000001
pairs_cd496e6	1009	95.52
pairs_ce4a0c4	994	93.04
pairs_cf1d4f8	994	93.78
pairs_d4f371f	1019	93.57000000000001
pairs_db16f99	1010	78.96000000000001
pairs_de02a55	995	95.18
pairs_e24933d	992	95.33000000000001
pairs_e40ec6c	984	88.13
pairs_e8e9c95	1003	96.05000000000001
pairs_ea94ad2	1000	81.76
pairs_eef432e	1006	95.83
pairs_f04ba03	1014	92.92999999999999
pairs_f0fd7e6	1005	89.52000000000001
pairs_f128c4a	993	88.53999999999999
pairs_f3d31e5	990	93.01
pairs_f4654d4	1017	92.77
pairs_01ea412	1493	225.73999999999998
pairs_042175d	1494	184.3
pairs_0debcd8	1493	198.26
pairs_118fb5e	1472	171.92000000000002
pairs_164dd11	1486	194.10000000000002
pairs_19752ca	1477	172.19
pairs_1b9e10d	1467	189.36999999999998
pairs_269a960	1464	182.89999999999998
pairs_2a43f50	1465	197.6
pairs_3491fd3	1478	169.14000000000001
pairs_34ea327	1480	197.62
pairs_35ac0bd	1464	195.35999999999999
pairs_411152c	1478	180.01999999999998
pairs_510f619	1498	170.47
pairs_5c90e5b	1484	199.48
pairs_6006d0c	1528	184.16
pairs_64470e3	1527	170.54000000000002
pairs_6a63f82	1488	176.3
pairs_6adfd6b	1506	172.47
pairs_6bcdaa9	1520	198.39
pairs_6db7054	1494	187.89000000000001
pairs_7004463	1515	175.32
pairs_72b3baf	1468	169.01999999999998
pairs_78513a9	1524	173.51
pairs_8985e61	1459	196.43
pairs_8b73502	1463	196.93
pairs_9560c2f	1497	196.29999999999998
pairs_9e3baa3	1481	171.22
pairs_a3d6e9b	1509	170.06
pairs_b205094	1524	181.89
pairs_b3d9c77	1469	169.95999999999998
pairs_b73916b	1517	181.70999999999998
pairs_b80c832	1495	198.01999999999998
pairs_bbd3a24	1527	197.20999999999998
pairs_be19d91	1531	170.18
pairs_c15e24b	1467	169.79
pairs_c5ecfa4	1477	192.75
pairs_c9c4120	1468	172.10999999999999
pairs_dd31ebd	1470	182.2
pairs_df1094b	1482	169.12
pairs_e141b68	1529	171.5
pairs_e489718	1520	176.48999999999998
pairs_eae262e	1499	170.35999999999999
pairs_ed4129b	1461	193.88
pairs_ef3686c	1514	199.63
pairs_f49fa72	1515	188.88
pairs_fb775c6	1515	179.01999999999998
pools_2k_42f9395	1525	198.64999999999998
pools_5k_0dca0b7	5072	3090.14
pools_5k_38b999f	5072	3078.05
pools_5k_76f3394	5074	3087.64
pools_5k_a73c42c	5073	3078.33
pools_5k_254dd2d	5086	3106.7999999999997
pools_5k_392d6cb	5086	3065.3
pools_5k_438a91e	5087	2998.66
pools_5k_62c5cbc	5086	2990.8799999999997
pools_5k_9f66e4e	5103	3086.51
pools_5k_a3176b3	5102	3049.23
pools_5k_dc21068	5103	3063.08
pools_5k_de733f0	5103	3077.08
pools_5k_03752e2	5074	3083.08
pools_5k_9160600	5074	3068.41
pools_5k_bbbce85	5075	3087.0899999999997
pairs_0092162	577	75.33
pairs_022cec1	593	53.050000000000004
pairs_03d2b7e	614	58.15
pairs_04e2834	583	54.48
pairs_051f03f	590	54.6
pairs_057b364	570	49.94
pairs_06cd023	588	54.04
pairs_06fa54a	603	57.78
pairs_0752ef5	584	54.59
pairs_07938c8	586	48.58
pairs_07d62f2	593	57.04
pairs_0849c70	587	57.78
pairs_085e45b	605	56.22
pairs_099bba8	594	54.98
pairs_0b35a50	581	46.56
pairs_0ccb096	598	55.13
pairs_114057b	612	49.57
pairs_11cf082	602	47.29
pairs_1330230	616	46.95
pairs_1525acb	612	58.08
pairs_1580f13	602	58.33
pairs_15c7a6e	571	55.21
pairs_16d3c6b	573	53.66
pairs_172b339	593	55.04
pairs_199d420	580	47.239999999999995
pairs_19c7bed	607	51.9
pairs_1c4bc90	588	57.56999999999999
pairs_1e3ca97	581	55.4
pairs_1ec2a55	608	46.86
pairs_1fa061e	611	50.459999999999994
pairs_216a77a	602	47.449999999999996
pairs_228fcad	603	58.41
pairs_22ffd5b	585	55.3
pairs_232bd0a	583	57.44
pairs_27110be	608	57.8
pairs_28ddeeb	573	49.56
pairs_2902de2	599	50.56999999999999
pairs_29ad334	570	56.739999999999995
pairs_29cdae4	569	56.489999999999995
pairs_29e64e0	584	56.2
pairs_2a7445c	585	55.4
pairs_2ad57bc	617	49.32
pairs_2b46905	617	58.79
pairs_2c2c9f5	589	52.72
pairs_2c397eb	610	53.68
pairs_2e44d51	617	49.14
pairs_30defe3	594	56.25
pairs_31b05a3	584	55.84
pairs_35594e8	573	46.660000000000004
pairs_3a6aa33	610	47.43
pairs_3d88dce	576	50.0
pairs_3dd8382	587	57.71
pairs_3e8894c	611	58.18000000000001
pairs_3eed0b4	606	55.81
pairs_3f9eaab	597	55.480000000000004
pairs_4121326	593	49.99
pairs_4390da6	604	57.92
pairs_43d065b	592	57.6
pairs_441d765	582	50.56
pairs_44a5a3c	576	55.919999999999995
pairs_45116c5	615	50.67
pairs_451346f	573	53.78
pairs_4597f34	579	49.62
pairs_45b5434	575	54.53
pairs_46e0b7c	612	56.47
pairs_48075bd	571	46.5
pairs_4dce1d0	591	55.69
pairs_4e2cf18	578	46.91
pairs_4fec076	594	57.31
pairs_50035a4	579	48.8
pairs_5086a49	575	54.949999999999996
pairs_5151b1b	609	47.410000000000004
pairs_515663d	579	47.65
pairs_51a2e87	600	46.709999999999994
pairs_51f52e6	580	56.54
pairs_5220c56	591	53.7
pairs_549de22	568	53.35
pairs_54cd2d7	596	54.43
pairs_54ee561	608	54.47
pairs_562c778	615	53.74
pairs_57c9364	594	56.25
pairs_584b948	604	49.4
pairs_58b91cd	587	46.15
pairs_594c2b8	613	56.239999999999995
pairs_5a4ed58	608	50.43
pairs_5b04338	589	46.599999999999994
pairs_5b78fa7	579	51.32
pairs_5c5eddc	592	56.9
pairs_5d329d9	576	53.88
pairs_622da05	583	55.150000000000006
pairs_63cfb1c	611	54.53
pairs_6408d79	593	46.809999999999995
pairs_64be61f	616	58.03
pairs_6651efc	571	47.11
pairs_667405e	609	48.4
pairs_691c0c1	574	55.519999999999996
pairs_697eb54	617	56.64
pairs_6af692c	584	48.39
pairs_6ba7da7	568	50.11
pairs_6c8d5b6	612	57.14
pairs_6dbe744	585	56.17999999999999
pairs_6dc7a39	615	58.67
pairs_6e02879	582	52.64
pairs_6f9ddc9	597	56.31
pairs_6fd89b8	569	55.55
pairs_70c0230	611	47.18
pairs_714a8b2	576	55.349999999999994
pairs_728a704	603	57.52
pairs_73eb1f2	576	50.16
pairs_7581408	606	56.379999999999995
pairs_767408d	592	57.75
pairs_77842d5	597	49.82
pairs_77bfdcb	582	52.42
pairs_77de792	584	46.71
pairs_78cd5ad	618	55.7
pairs_799628b	584	46.71
pairs_79f173e	612	58.33
pairs_7a47e47	600	49.5
pairs_7b7c6ce	611	47.03
pairs_8159291	574	50.68
pairs_8178f30	568	49.7
pairs_8215c9c	595	52.17
pairs_837391b	601	56.209999999999994
pairs_84df1b3	584	54.260000000000005
pairs_85a3037	618	46.589999999999996
pairs_867de3b	604	56.81999999999999
pairs_86d99e7	579	46.3
pairs_8711aa9	572	52.51
pairs_873fa75	578	53.92
pairs_87955a7	572	56.370000000000005
pairs_8870a27	595	46.47
pairs_8b7e9be	580	52.6
pairs_8bf64b5	577	55.300000000000004
pairs_8c5bf3f	574	57.010000000000005
pairs_8de2562	578	56.980000000000004
pairs_8f6feec	612	46.92
pairs_8f9a042	614	57.26
pairs_911518d	582	55.43
pairs_923f55e	613	50.97
pairs_9288a0d	588	49.49
pairs_93d45f9	583	56.84
pairs_96e77e8	571	54.52
pairs_9a2a845	576	46.339999999999996
pairs_9b36a52	590	56.82000000000001
pairs_9bfb8f5	570	55.040000000000006
pairs_9e92d4f	586	57.89
pairs_9ebf700	611	49.43
pairs_9f80a61	612	47.77
pairs_9faefaa	570	57.14
pairs_a06d92f	603	48.3
pairs_a1d2324	617	53.980000000000004
pairs_a375470	618	49.98
pairs_a41b54f	613	55.94
pairs_a526edc	589	46.830000000000005
pairs_a626a28	596	56.59
pairs_a6382c9	582	51.940000000000005
pairs_a6862e6	599	47.28
pairs_a7233e1	577	56.56
pairs_a82d647	567	56.24
pairs_a893385	590	56.15
pairs_a975826	585	57.550000000000004
pairs_a97e3f3	587	57.120000000000005
pairs_aa76f7b	572	53.66
pairs_aaa47e6	608	48.89
pairs_ac01a9a	591	52.29
pairs_ad39813	573	54.44
pairs_ad5520b	590	54.43000000000001
pairs_ae31eee	589	51.35
pairs_b148a94	578	46.019999999999996
pairs_b1cceac	582	53.79
pairs_b2be357	597	56.660000000000004
pairs_b3af518	608	50.25
pairs_b3b98ab	601	48.02
pairs_b491fc8	570	46.37
pairs_b4cafa5	589	56.8
pairs_b78df68	607	46.900000000000006
pairs_b84f041	579	57.650000000000006
pairs_b923a7a	601	50.92
pairs_b937cde	584	57.18
pairs_bc2e5d2	603	56.22
pairs_bcab503	602	46.29
pairs_be02f61	594	55.25
pairs_be0a8eb	582	47.98
pairs_c1e67dc	599	57.209999999999994
pairs_c2b9b02	618	49.300000000000004
pairs_c3062ed	605	56.099999999999994
pairs_c382552	574	46.78
pairs_c430809	568	57.19
pairs_c4ac434	618	46.559999999999995
pairs_c82e076	587	57.39
pairs_c92b11d	579	54.35
pairs_c978408	606	51.47
pairs_cb6a8ad	582	46.190000000000005
pairs_cb6c38e	596	53.96
pairs_cc990d5	588	48.68
pairs_cd84c00	575	50.959999999999994
pairs_cd91312	602	56.519999999999996
pairs_cec5ba4	572	48.82
pairs_cf02241	614	57.900000000000006
pairs_d04ebc7	578	49.01
pairs_d0c24d7	568	57.660000000000004
pairs_d104a0b	596	57.96
pairs_d2c2980	597	53.62
pairs_d30e233	613	56.24
pairs_d3692dd	593	46.35
pairs_d52ae92	581	52.47
pairs_d766714	613	58.55
pairs_d7abfb0	597	57.05
pairs_d8a66b2	615	50.28
pairs_d9d60bf	614	56.57
pairs_daf6a33	609	47.099999999999994
pairs_db74d4b	601	58.019999999999996
pairs_dc3ab2b	604	46.620000000000005
pairs_dc437ec	606	58.21
pairs_dc6ba2c	574	54.58
pairs_deca588	582	53.53
pairs_df7f1a4	586	56.599999999999994
pairs_e22e03c	590	48.79
pairs_e30642e	583	53.43
pairs_e3b45dc	581	57.519999999999996
pairs_e45214f	591	52.190000000000005
pairs_e4533bf	597	56.480000000000004
pairs_e520b8e	618	51.48
pairs_e587467	574	56.699999999999996
pairs_e6791fa	607	58.84
pairs_e719781	609	53.39
pairs_e774cd9	597	52.12
pairs_e837896	602	55.36
pairs_e953ee5	596	57.17
pairs_ea27acd	567	48.089999999999996
pairs_ef5f943	578	48.21
pairs_f0182af	614	53.13
pairs_f180e02	574	56.44
pairs_f683791	600	50.99
pairs_fb0b259	595	48.72
pairs_fd93fc6	577	47.22
pairs_fea8c7f	607	47.0
pools_2k_09ffa33	2039	370.94
pools_2k_1361f7c	2038	354.2
pools_2k_1f3d8ee	2036	352.28999999999996
pools_2k_1fb2cf3	2035	342.09
pools_2k_1fb6a4e	2036	345.64000000000004
pools_2k_2110258	2034	347.11
pools_2k_3194ed4	2036	353.46000000000004
pools_2k_35fc90c	2036	353.66999999999996
pools_2k_38dbd24	2036	350.07
pools_2k_3feca35	2037	357.96
pools_2k_471f194	2037	345.26
pools_2k_5c373dc	2038	355.07
pools_2k_612efb3	2039	335.06
pools_2k_64dd978	2039	339.8
pools_2k_703e15c	2035	353.47
pools_2k_70e4d28	2037	351.22
pools_2k_741f715	2035	343.0
pools_2k_7726821	2036	357.79
pools_2k_7793859	2039	346.16
pools_2k_8a9191c	2038	320.83
pools_2k_acabb6f	2037	355.70000000000005
pools_2k_b16d087	2038	350.21999999999997
pools_2k_d882534	2037	332.09
pools_2k_e090b2c	2036	350.52
pools_2k_f5e7e90	2035	334.95000000000005
pairs_8682913	2097	560.16
pools_2k_0153030	2094	544.49
pools_2k_0803b2d	2094	520.95
pools_2k_12aa322	2096	542.42
pools_2k_155e359	2097	549.02
pools_2k_1a22903	2095	547.0
pools_2k_28370b6	2094	536.77
pools_2k_347d888	2096	546.93
pools_2k_467966e	2094	541.23
pools_2k_46d4795	2094	551.1
pools_2k_4a2593a	2094	548.59
pools_2k_53bde58	2095	536.37
pools_2k_6ceabe4	2096	542.8100000000001
pools_2k_8024d12	2095	541.51
pools_2k_952dcbf	2094	542.84
pools_2k_9b5f515	2096	557.2099999999999
pools_2k_a29172c	2095	541.76
pools_2k_a6d7566	2095	533.22
pools_2k_bd6c929	2097	554.83
pools_2k_d38a851	2096	536.23
pools_2k_db6af54	2094	558.52
pools_2k_e8490f9	2097	555.04
pools_2k_f0eb5f8	2094	551.16
pairs_9189bb3	2112	572.62
pools_2k_02b46ec	2110	532.29
pools_2k_0af5b02	2112	535.56
pools_2k_2a10292	2110	549.45
pools_2k_2c5fb7e	2110	535.28
pools_2k_35fad2d	2110	555.23
pools_2k_541430e	2111	542.03
pools_2k_55b444a	2110	528.9499999999999
pools_2k_61bee51	2110	527.4499999999999
pools_2k_8b28532	2111	535.99
pools_2k_8b3c462	2111	528.62
pools_2k_8cd1196	2112	547.74
pools_2k_98659cc	2112	544.41
pools_2k_abafc07	2111	549.64
pools_2k_c014d8e	2109	529.35
pools_2k_cb3d2b7	2110	535.95
pools_2k_d515402	2112	541.18
pools_2k_d6dd281	2112	524.79
pools_2k_d8d4ad2	2111	516.85
pools_2k_e16d0e3	2111	548.17
pools_2k_e65ec45	2111	558.87
pools_2k_e78a4f7	2110	548.71
pools_2k_f087e90	2109	517.89
pools_3k_0dd82b4	3089	1210.75
pools_3k_1c8274f	3089	1208.3100000000002
pools_3k_27ed94f	3089	1209.03
pools_3k_3122bf9	3086	1203.95
pools_3k_3546bec	3087	1192.46
pools_3k_41f364c	3087	1225.64
pools_3k_62f46b8	3090	1183.53
pools_3k_c2610e6	3086	1191.1399999999999
pools_3k_f0b18f4	3088	1195.3700000000001
pools_3k_f36f47a	3087	1210.97
pairs_0519482	1157	157.28
pairs_055e233	1154	143.1
pairs_05db9aa	1184	130.15
pairs_072caaf	1144	139.62
pairs_0d6941b	1163	125.91
pairs_0db13cf	1171	139.69
pairs_104c1b0	1160	145.58
pairs_11cd29c	1176	120.65
pairs_1621fd2	1141	136.45
pairs_192bc33	1162	138.73
pairs_1f0c807	1168	140.95
pairs_20be033	1179	141.77
pairs_21351b3	1176	144.66
pairs_25f1df8	1156	142.9
pairs_28020de	1152	144.0
pairs_282a12a	1158	144.74
pairs_2a6fe9b	1139	145.0
pairs_2af1856	1151	141.29
pairs_2c65308	1187	146.92000000000002
pairs_2cecfc6	1143	143.32
pairs_3b11e69	1146	142.60000000000002
pairs_3c235c2	1160	144.39
pairs_3c79927	1138	122.66
pairs_3d7fbbc	1149	146.28
pairs_3e7ecd4	1185	143.33
pairs_4e2abe4	1143	145.47
pairs_4ea02ae	1183	145.03
pairs_5101481	1139	140.19
pairs_5185964	1165	144.32999999999998
pairs_5392e8f	1163	144.1
pairs_55b0f3b	1166	144.99
pairs_56cbb04	1188	143.55
pairs_57435fb	1151	144.23
pairs_5884f65	1138	148.85
pairs_5cdc854	1150	135.99
pairs_60ed039	1172	146.35
pairs_73d0f64	1176	147.89
pairs_7544c8c	1161	141.42000000000002
pairs_7b34164	1143	150.22
pairs_7bed2f9	1158	143.63
pairs_865f1e4	1151	130.18
pairs_8708579	1176	133.29
pairs_8748c26	1169	145.37
pairs_8bab91d	1164	145.73000000000002
pairs_8ce3070	1147	139.92000000000002
pairs_90e328c	1155	141.62
pairs_914c7a1	1144	126.62
pairs_97f5c2c	1171	135.82999999999998
pairs_982c4b7	1155	147.72
pairs_9abc78b	1146	134.89
pairs_9b1f48e	1175	134.25
pairs_a0929db	1154	143.81
pairs_a7cf347	1180	120.55
pairs_a9e82db	1186	146.39
pairs_ab66923	1177	144.4
pairs_b42d838	1161	148.03
pairs_b6be7bf	1181	136.95
pairs_b7b280f	1185	138.13
pairs_bb9e209	1150	142.72
pairs_bbca271	1180	146.53
pairs_bed953b	1174	146.04
pairs_c04cc39	1172	133.2
pairs_c1ca72e	1152	144.31
pairs_c326412	1173	146.98000000000002
pairs_c85be4c	1145	133.81
pairs_d0abc77	1160	144.22
pairs_da1362f	1171	145.93
pairs_dda75e5	1143	148.25
pairs_e86e13f	1154	130.84
pairs_e94b840	1142	146.04000000000002
pairs_eadeaa4	1148	132.5
pairs_eb70f72	1164	142.76
pairs_ecdffd1	1170	134.0
pairs_ee33987	1182	142.87
pairs_f0dbba7	1168	141.54000000000002
pairs_f41e6ea	1185	134.75
pairs_f552238	1175	133.44
pairs_f69b9be	1140	127.18
pairs_f881d82	1175	138.45999999999998
pairs_fe3e99d	1175	141.32999999999998
pools_4k_2cd1f86	4021	1798.13
pools_4k_39674bb	4020	1755.55
pools_4k_864abfd	4021	1736.81
pools_4k_a76dee3	4022	1729.21
pools_4k_af64ae1	4020	1743.2399999999998
pools_4k_e723f1a	4023	1744.66
pairs_36f4f16	2019	370.69
pairs_8166e66	2018	330.38
pairs_b1ccc51	2021	359.89
pairs_dad3d87	2019	329.89000000000004
pairs_f269259	2020	325.62
pools_2k_40dc6b3	2021	336.25
pools_2k_461c961	2020	371.02
pools_2k_49c2efe	2018	360.24
pools_2k_519194b	2020	337.86
pools_2k_6501558	2018	359.0
pools_2k_78644b3	2020	350.16
pools_2k_8b1ae36	2021	346.05
pools_2k_afe9e12	2022	354.26
pools_2k_b3fdd0f	2019	358.69000000000005
pools_2k_b55e15c	2022	344.21000000000004
pools_2k_b5627aa	2022	344.84
pools_2k_ca51f0f	2022	332.28
pools_2k_d3a455f	2018	334.97999999999996
pools_2k_d53aa0b	2021	358.18
pools_2k_d5500fc	2022	367.95
pools_2k_dbb2f3d	2018	351.23
pools_2k_dfee848	2020	357.42999999999995
pools_2k_e4c3551	2023	364.36
pools_2k_e8ab6a4	2022	357.90999999999997
pools_2k_f83c7a3	2019	348.32
pairs_03ad2a9	1326	215.64999999999998
pairs_0442d6d	1326	181.96
pairs_0759b46	1345	183.70999999999998
pairs_0a665aa	1375	188.95000000000002
pairs_0e17f73	1341	191.95000000000002
pairs_15aff21	1335	177.76999999999998
pairs_1775510	1379	180.98
pairs_1b4c04d	1367	180.56
pairs_1ea4287	1355	184.53
pairs_1ee05a1	1354	190.35999999999999
pairs_2409aa5	1366	185.92
pairs_2c39d75	1354	189.5
pairs_2d90515	1331	192.15
pairs_318db3e	1327	183.26999999999998
pairs_339126b	1348	184.17999999999998
pairs_343536a	1350	189.87
pairs_3437316	1356	191.35
pairs_35672bb	1347	178.5
pairs_365c3d2	1342	191.73
pairs_387638c	1355	172.64
pairs_3e37f90	1336	182.37
pairs_4f07813	1344	175.07000000000002
pairs_5127653	1332	177.39
pairs_5e276f9	1320	190.41
pairs_5ea0d04	1370	186.01999999999998
pairs_66cca77	1339	188.75
pairs_682b6b5	1373	183.48
pairs_6b6c3a7	1370	192.03
pairs_6bffb60	1358	192.17000000000002
pairs_6d57142	1341	192.08999999999997
pairs_6d5b3ea	1334	181.06
pairs_743b0ab	1321	190.55
pairs_78a70a4	1349	181.0
pairs_7b8a22a	1337	176.9
pairs_8277860	1355	189.47
pairs_8354936	1378	182.86
pairs_88cdc21	1362	178.66
pairs_93a093e	1361	193.69
pairs_a4f97d2	1327	177.39
pairs_a93c7d4	1351	166.51
pairs_b2daf7e	1322	178.77
pairs_b3409ba	1323	180.19
pairs_b578939	1361	184.51
pairs_b8c8784	1356	184.15
pairs_bb6991d	1368	166.72
pairs_bc26723	1374	191.59
pairs_bc79707	1321	176.98
pairs_bdb1166	1352	189.28
pairs_c3f580b	1379	193.99
pairs_c558c3a	1381	184.67
pairs_cc4e1f7	1337	178.56
pairs_db6b6b5	1369	185.87
pairs_db88088	1373	193.62
pairs_e2efa39	1333	190.70999999999998
pairs_e356b98	1340	193.44
pairs_e57ca5d	1324	182.70999999999998
pairs_e688dc6	1366	191.61
pairs_eeeeaa5	1339	190.85000000000002
pairs_fe0e3cf	1332	189.05
pairs_009874f	972	107.36
pairs_018e5aa	976	78.51
pairs_030e025	947	92.49000000000001
pairs_04e2df9	956	91.72
pairs_0924c4c	949	90.58
pairs_0a0f050	945	75.85
pairs_0a484ae	962	82.35
pairs_0a86dd9	945	91.63
pairs_0f372d6	977	84.43
pairs_176b3be	942	80.13
pairs_177e147	942	75.05
pairs_1e5943d	953	84.66
pairs_250e527	970	90.03
pairs_25b3a64	972	76.51
pairs_26ea567	955	86.39
pairs_27ed4ae	982	85.94
pairs_2c5191c	970	93.6
pairs_2cd1236	956	93.97999999999999
pairs_2d31eff	940	89.59
pairs_2d94d6c	967	87.72999999999999
pairs_2f51966	957	88.69
pairs_2f62491	961	87.25
pairs_30a81b5	957	90.6
pairs_310b0cf	973	93.97
pairs_316086f	976	94.59
pairs_318e5e6	941	87.61000000000001
pairs_31ff903	963	93.37
pairs_32b1ff3	950	91.93
pairs_3478759	952	92.47999999999999
pairs_3bbe9a8	944	91.06
pairs_3c4c6b0	980	83.32
pairs_3da9c1c	948	91.06
pairs_3e1b91a	945	76.09
pairs_3e8a16f	957	94.42999999999999
pairs_3e8ff12	956	89.39
pairs_4100228	958	93.88
pairs_41801db	950	94.09
pairs_4705230	974	83.82000000000001
pairs_491f47b	959	88.22
pairs_4dcb2be	940	90.8
pairs_4e4def2	968	90.55
pairs_4f2fa4d	943	88.00999999999999
pairs_50e8fdd	944	75.06
pairs_531d83f	956	82.67999999999999
pairs_5596d8a	973	90.99
pairs_588f584	973	77.04
pairs_5896e96	938	92.81
pairs_5a7065d	942	88.69
pairs_5aed392	954	87.31
pairs_5aee3af	958	90.64999999999999
pairs_5ece386	953	88.29
pairs_618712e	946	91.25
pairs_62be425	971	76.57
pairs_6320534	974	93.13
pairs_649f961	980	84.99000000000001
pairs_652860f	960	81.28999999999999
pairs_65b1c8d	956	92.13999999999999
pairs_668e15a	948	88.61
pairs_67837e3	966	90.37
pairs_67b6da5	974	94.92
pairs_6ee3116	957	83.25999999999999
pairs_72cfbee	963	84.72
pairs_72fa90b	940	85.94
pairs_7b31fd5	958	93.66
pairs_7c6c25a	943	93.86
pairs_7c8bf79	967	90.39
pairs_80e8fce	981	93.03999999999999
pairs_82131ac	974	93.7
pairs_8357304	966	90.97
pairs_8467019	964	88.59
pairs_85a10bc	977	89.21
pairs_888caff	951	77.28999999999999
pairs_896d651	951	94.06
pairs_8bac8c9	959	93.57
pairs_8e843d6	972	94.00999999999999
pairs_8fcbf33	958	86.55000000000001
pairs_9435bdf	944	89.97
pairs_94e85a8	945	77.36
pairs_9920846	950	87.65
pairs_9c7f29e	960	84.41
pairs_9d21766	963	76.33999999999999
pairs_9dedcc7	978	95.08000000000001
pairs_a29039d	943	92.05000000000001
pairs_a43d981	948	79.12
pairs_a4de429	943	77.2
pairs_a6f8ad5	980	93.71
pairs_a87f2c0	961	87.85999999999999
pairs_aa585bd	974	93.53
pairs_adecd2a	941	79.64
pairs_b624b3d	968	94.46
pairs_b661d0d	960	75.41
pairs_beb16b4	941	76.85
pairs_c46fafe	961	75.47999999999999
pairs_c6863c6	967	75.21000000000001
pairs_c6d3e28	971	94.24
pairs_ca7133e	982	76.51
pairs_cf6c2b6	973	83.22
pairs_d609649	962	84.51
pairs_da78d5f	979	91.13
pairs_dd7b8b9	981	78.8
pairs_dffe0f2	973	81.50999999999999
pairs_e4b0e39	951	92.77
pairs_e68a582	972	91.47
pairs_e7851a9	956	94.19
pairs_e80415f	981	91.6
pairs_ed5a0fb	962	94.3
pairs_edb4e83	940	84.38
pairs_ef7d5a2	982	93.16
pairs_f1e1b35	957	93.2
pairs_f2eeefb	954	87.62
pairs_f46412c	939	88.59
pairs_f624394	947	91.23
pairs_f6701e0	939	93.51
pairs_f78896b	981	89.29
pairs_f7c9a73	965	93.46
pairs_fd3d183	956	92.68
pools_5k_35241fa	5056	3149.2000000000003
pools_5k_66b8132	5056	3138.87
pools_5k_e32e97f	5053	3123.64
pools_5k_ec8905f	5057	3127.6299999999997
pools_3k_2853d83	3076	1265.28
pools_3k_575bb6e	3073	1221.53
pools_3k_6e9f796	3075	1210.7
pools_3k_7490f08	3074	1218.9299999999998
pools_3k_87e8d2e	3076	1220.35
pools_3k_9943bf7	3074	1230.8400000000001
pools_3k_9a3f31a	3075	1201.47
pools_3k_aa83fe9	3073	1228.41
pools_3k_aec7d90	3076	1195.1599999999999
pools_3k_bd6e43a	3074	1229.93
pools_3k_d0287a0	3076	1235.52
pools_5k_0eb0fdf	5114	3059.1099999999997
pools_5k_1d139de	5115	3036.59
pools_5k_adba490	5114	3023.31
pools_5k_af33b0f	5114	3030.37
pools_5k_8d83e1c	5097	3037.2400000000002
pools_5k_e78a2f4	5096	2991.33
pools_5k_ff9a54a	5097	2993.02
pools_4k_0640a4e	4052	1751.51
pools_4k_6764dfd	4051	1724.72
pools_4k_9d2c6df	4051	1693.12
pools_4k_b6d4717	4051	1734.8000000000002
pools_4k_ba8ae9a	4050	1741.0700000000002
pools_4k_18fccf4	4095	1757.9199999999998
pools_4k_6c76261	4095	1748.17
pools_4k_a38d76b	4096	1753.48
pools_4k_d9293d2	4096	1747.4299999999998
pools_4k_e37ddb4	4096	1752.1599999999999
pools_5k_32af147	5041	3100.58
pools_5k_5006dd3	5044	3045.9700000000003
pools_5k_b537b76	5041	3059.31
pools_5k_b7f12f8	5042	3050.53
pools_3k_0b1f251	3045	874.1400000000001
pools_3k_468d1f6	3045	829.37
pools_3k_5814d70	3041	836.44
pools_3k_5f72fdf	3041	839.3100000000001
pools_3k_898bbdd	3044	831.99
pools_3k_afcbb90	3041	821.54
pools_3k_dab1139	3041	831.2700000000001
pools_3k_ebb5a83	3045	844.09
pools_3k_eca679c	3045	829.19
pools_3k_f14f2e7	3041	833.74
pools_3k_f7907b4	3044	833.24
pools_5k_2f0eaa5	5101	3139.65
pools_5k_363e879	5101	3102.75
pools_5k_a0067bf	5102	3109.85
pairs_000366f	441	53.230000000000004
pairs_00b1df7	424	32.29
pairs_00e4120	446	25.270000000000003
pairs_015c367	431	29.049999999999997
pairs_01d5700	451	28.4
pairs_0320de9	435	28.41
pairs_039ceb0	441	25.470000000000002
pairs_046e660	438	32.79
pairs_054b65a	435	30.75
pairs_057dd78	444	29.11
pairs_05ec45d	435	28.759999999999998
pairs_070df12	422	25.380000000000003
pairs_086f9fd	447	25.58
pairs_08c8377	431	27.6
pairs_0aab2dd	467	31.18
pairs_0ac87f3	450	33.230000000000004
pairs_0e50f1e	435	27.31
pairs_0f501db	465	26.939999999999998
pairs_0fa989c	460	26.63
pairs_0fd4caf	461	32.34
pairs_10a350b	423	26.53
pairs_113394b	459	26.85
pairs_113f190	462	32.739999999999995
pairs_1269ec5	437	27.41
pairs_127fb62	429	30.44
pairs_12e6e09	456	31.560000000000002
pairs_1402d4a	446	27.6
pairs_1592464	429	29.45
pairs_1641fac	468	33.58
pairs_177cd3a	459	32.61
pairs_180221f	461	34.0
pairs_1a20e25	446	32.59
pairs_1b49935	461	31.96
pairs_1bca22f	450	25.23
pairs_1c106ee	435	28.799999999999997
pairs_1c2ac7f	465	29.99
pairs_1e1e478	464	32.22
pairs_1f78d7a	429	28.23
pairs_205ef73	455	30.67
pairs_209a21f	450	29.9
pairs_2116b9c	434	24.73
pairs_218e8b4	457	28.36
pairs_2227c32	440	25.76
pairs_2318aba	466	30.38
pairs_23d9da0	452	30.67
pairs_2503da3	430	25.060000000000002
pairs_26b10b5	426	27.369999999999997
pairs_2704041	434	26.8
pairs_274bd13	467	28.68
pairs_283767d	443	25.09
pairs_28a8f76	434	26.72
pairs_29a2e9e	432	27.26
pairs_2c47ef7	455	29.41
pairs_2e585ae	423	31.64
pairs_2f75012	433	29.21
pairs_3071dd9	465	31.72
pairs_30b5d27	457	31.42
pairs_32920b8	460	30.330000000000002
pairs_32e2fd6	462	33.63
pairs_33b5854	464	27.95
pairs_33c1390	454	32.59
pairs_33dd20b	462	28.19
pairs_34909c9	431	32.45
pairs_3563f2d	464	25.79
pairs_36a31ef	465	29.21
pairs_39a93fd	461	30.060000000000002
pairs_39ec866	426	26.84
pairs_3a0c322	442	29.9
pairs_3a7b87e	456	29.869999999999997
pairs_3adfcb6	430	31.03
pairs_3b08d66	424	28.979999999999997
pairs_3c86bf3	430	25.79
pairs_3d6bec9	464	27.43
pairs_3dbb41e	437	32.28
pairs_3eb1107	456	30.380000000000003
pairs_3f60d9e	456	29.23
pairs_3f91613	467	33.43
pairs_3f9377d	422	24.950000000000003
pairs_40b64cc	465	32.120000000000005
pairs_4117f78	462	25.660000000000004
pairs_41fd5f9	442	24.89
pairs_42b7082	466	33.97
pairs_4321132	428	25.53
pairs_4373649	432	31.77
pairs_4379da8	436	26.419999999999998
pairs_459e11f	454	25.599999999999998
pairs_468a106	429	29.83
pairs_46af8a9	447	31.64
pairs_4711842	424	24.81
pairs_476161a	453	29.0
pairs_4805485	452	32.33
pairs_487f8d2	436	30.81
pairs_48deb71	426	28.78
pairs_48f5b21	462	29.07
pairs_4ace058	424	29.85
pairs_4b31e94	428	30.65
pairs_4b5380b	422	24.74
pairs_4bca848	422	29.36
pairs_4bd6bc3	465	30.64
pairs_4c98b88	437	32.02
pairs_4e1e3a3	447	26.66
pairs_515d142	465	25.72
pairs_52b4b91	468	27.240000000000002
pairs_530fe6b	430	31.13
pairs_5467ba5	425	32.47
pairs_54a59e1	449	29.58
pairs_55941fd	436	30.52
pairs_567cae0	427	31.48
pairs_5765f3d	444	30.21
pairs_5789ff2	437	30.85
pairs_5afdaa6	458	33.410000000000004
pairs_5b2118b	458	26.540000000000003
pairs_5b2a3b2	445	31.05
pairs_5b89f8e	428	29.77
pairs_5c8c205	466	32.03
pairs_5cc86f5	466	33.24
pairs_5dc0573	467	28.869999999999997
pairs_5eb9e53	465	29.049999999999997
pairs_60e53b9	430	28.32
pairs_615bf15	447	27.990000000000002
pairs_62d6526	425	29.4
pairs_62f3e91	422	24.46
pairs_63093bc	454	32.089999999999996
pairs_645a78a	457	32.89
pairs_64be5a8	438	28.82
pairs_666bfdf	428	28.520000000000003
pairs_66d74ed	437	29.119999999999997
pairs_67cec2c	464	29.22
pairs_67df69b	442	27.71
pairs_68e75c1	446	30.2
pairs_693035b	462	28.47
pairs_69f2c16	435	33.0
pairs_69f3ff0	433	28.39
pairs_6a8a380	438	28.700000000000003
pairs_6d09b74	468	29.25
pairs_6d9cf06	458	25.08
pairs_6f200ea	453	32.93
pairs_6f6ad0a	437	32.769999999999996
pairs_6f8e37f	434	26.740000000000002
pairs_70c357f	442	32.44
pairs_7120144	455	27.619999999999997
pairs_7225f55	460	33.05
pairs_725c0a7	450	31.56
pairs_728a051	449	33.57
pairs_72b2fcc	461	28.84
pairs_72c7145	445	30.18
pairs_72ce56c	430	30.7
pairs_73786d3	437	28.5
pairs_74023e9	439	28.299999999999997
pairs_768448e	430	26.5
pairs_78b34ec	433	29.67
pairs_78d307b	459	24.84
pairs_7a91113	455	32.97
pairs_7aa340b	425	29.86
pairs_7ac7649	456	30.01
pairs_7b712be	427	29.65
pairs_7d1ce61	467	29.21
pairs_7d3b433	424	31.34
pairs_7d5e955	466	25.45
pairs_7d66a8f	450	25.61
pairs_7dab8b3	434	30.0
pairs_7f2938d	427	24.939999999999998
pairs_8018233	423	27.5
pairs_820d919	427	24.95
pairs_82526f5	456	33.75
pairs_82c2a25	444	31.049999999999997
pairs_8313384	432	26.22
pairs_85e0114	456	33.86
pairs_869252c	436	30.86
pairs_88ee4ed	436	29.369999999999997
pairs_8957928	427	24.78
pairs_8a06fe6	424	29.200000000000003
pairs_8a3628a	448	29.09
pairs_8a3fb5a	433	24.89
pairs_8a8b05c	449	31.96
pairs_8ab5739	424	25.150000000000002
pairs_8af44d8	461	32.629999999999995
pairs_8c07bab	432	25.349999999999998
pairs_8d6253b	455	32.379999999999995
pairs_8e9092d	447	30.43
pairs_8eb207b	425	27.029999999999998
pairs_90f2510	421	27.939999999999998
pairs_919ba1f	438	29.5
pairs_91b1a31	437	27.64
pairs_91f368f	424	26.770000000000003
pairs_940a69e	447	31.369999999999997
pairs_9964174	428	29.16
pairs_9b10b01	445	32.870000000000005
pairs_9c0aa5f	450	32.620000000000005
pairs_9c5bb80	432	25.06
pairs_9d6fa65	465	29.97
pairs_9d8f67f	449	32.480000000000004
pairs_9df0898	467	33.71
pairs_a14b33e	438	30.27
pairs_a190a67	434	32.84
pairs_a2f77c4	448	25.53
pairs_a3b25fc	447	30.39
pairs_a4f0502	453	32.64
pairs_a761167	432	31.849999999999998
pairs_a82cb41	438	26.720000000000002
pairs_a8dc895	443	27.150000000000002
pairs_a950c6e	448	27.490000000000002
pairs_aa1b4c1	444	26.41
pairs_ac1065f	459	30.1
pairs_acba995	428	29.130000000000003
pairs_ae31d2a	459	27.01
pairs_aed5a8b	452	26.03
pairs_aeef6f9	427	27.11
pairs_af4cd49	426	31.78
pairs_b1b887e	443	29.740000000000002
pairs_b1f19b7	466	28.470000000000002
pairs_b3541b9	428	32.019999999999996
pairs_b88dff0	453	33.32
pairs_b97c81c	432	26.68
pairs_b9a899e	444	24.97
pairs_bce61e8	443	30.880000000000003
pairs_bd5b67e	443	28.49
pairs_bda0e2b	467	31.58
pairs_bdc1dcd	432	24.7
pairs_bdfc270	426	32.650000000000006
pairs_be2983e	448	27.36
pairs_bfe5511	454	27.41
pairs_c3de08c	462	33.43
pairs_c4641d9	447	29.18
pairs_c5b1283	441	31.82
pairs_c5c50e4	431	24.82
pairs_c62d2c6	465	28.490000000000002
pairs_c6f1848	422	29.32
pairs_c6faee8	425	28.200000000000003
pairs_c7eac1b	425	30.979999999999997
pairs_c8b0432	436	24.83
pairs_c8e0588	458	29.57
pairs_c93952c	444	30.53
pairs_c9d2e8b	450	30.84
pairs_ca38471	438	24.939999999999998
pairs_ca74383	466	30.28
pairs_cbda5ab	427	31.259999999999998
pairs_cd63cb8	458	25.19
pairs_ceecfe8	448	25.0
pairs_d04af06	456	29.909999999999997
pairs_d13787c	441	29.470000000000002
pairs_d16bcf6	438	29.89
pairs_d3d5a6b	433	32.97
pairs_d419d9a	439	31.25
pairs_d657c98	443	30.72
pairs_d6a12b1	466	29.17
pairs_d7ba403	464	30.119999999999997
pairs_d83badd	462	30.22
pairs_da1a22c	443	29.08
pairs_dc5f285	446	30.0
pairs_ddd0b72	439	33.25
pairs_de86283	435	32.63
pairs_df19f67	456	29.939999999999998
pairs_df95be8	464	32.31
pairs_e1e6cff	431	27.41
pairs_e21c38f	451	25.16
pairs_e25060f	427	31.479999999999997
pairs_e26f586	457	28.28
pairs_e54c871	429	32.47
pairs_e633a79	460	25.59
pairs_e6509f6	440	30.33
pairs_e6fa4ad	454	28.77
pairs_e76cd0a	463	27.47
pairs_e878e04	424	26.580000000000002
pairs_e8b778e	444	32.97
pairs_e954171	455	32.67
pairs_ea40c3c	433	25.09
pairs_ea98d4c	467	28.130000000000003
pairs_eb83871	423	26.71
pairs_ec19132	431	31.919999999999998
pairs_edafd66	460	29.3
pairs_edc1f7f	441	32.730000000000004
pairs_edeb081	445	27.91
pairs_ee0f22b	446	32.99
pairs_eea4901	435	25.5
pairs_eefa58f	421	27.580000000000002
pairs_f2582c6	432	32.19
pairs_f2bbc6e	429	27.57
pairs_f30bd8d	462	33.49
pairs_f34e2e7	465	32.769999999999996
pairs_f43bc4f	443	32.09
pairs_f500ea3	434	31.71
pairs_f5b9643	455	26.61
pairs_f60dd82	457	29.160000000000004
pairs_f645800	450	26.339999999999996
pairs_f707c8b	427	29.119999999999997
pairs_f722475	459	31.59
pairs_f838d91	430	28.38
pairs_f89ec4d	456	29.15
pairs_f8dbffc	453	31.95
pairs_fbebbcf	423	31.83
pairs_fc13c87	425	24.91
pairs_fcb62b1	459	33.120000000000005
pairs_fe6948d	428	26.53
pairs_fed108b	438	27.21
pairs_ff45ac9	438	28.18
pairs_ffda812	436	31.72
pools_5k_0f12395	5112	3072.88
pools_5k_3d3ee9c	5112	3038.91
pools_5k_dddbbad	5112	3004.0600000000004
pools_5k_eb2fa3c	5112	2994.67
pools_5k_285669a	5092	3081.55
pools_5k_3fef6bc	5092	3056.7599999999998
pools_5k_40f9a97	5092	3051.2000000000003
pools_5k_527e5e0	5092	3024.42
pools_5k_33418ec	5060	3087.2
pools_5k_82429a7	5062	3060.1499999999996
pools_5k_b0c8d4f	5060	3043.8700000000003
pools_5k_b238bfd	5062	3058.28
pools_4k_0398b12	4054	1763.04
pools_4k_7ca40df	4053	1718.1899999999998
pools_4k_a65cfca	4055	1696.01
pools_4k_ac362c1	4052	1743.3000000000002
pools_4k_b0bbbe7	4052	1718.72
pools_4k_c339cbe	4053	1714.07
pools_3k_1278486	3051	913.12
pools_3k_3afa35a	3049	879.4
pools_3k_490313b	3051	840.89
pools_3k_4d14b65	3050	867.6899999999999
pools_3k_51b0607	3050	878.5799999999999
pools_3k_5f3da6b	3049	839.49
pools_3k_8771463	3050	865.6099999999999
pools_3k_9131b5f	3050	861.2900000000001
pools_3k_9aaa209	3050	821.8299999999999
pools_3k_a5f15f4	3050	863.84
pools_3k_bb556d7	3049	845.72
pairs_4df4b94	2048	354.18
pairs_947239c	2047	328.40000000000003
pairs_d3b4c94	2045	335.78
pools_2k_0d3a886	2043	347.01
pools_2k_2dec8f0	2046	330.5
pools_2k_2e4973c	2049	586.85
pools_2k_428c946	2043	345.89
pools_2k_534a344	2048	337.1
pools_2k_639a9b1	2045	342.63
pools_2k_6d27b13	2045	330.61
pools_2k_7b0ff1a	2049	551.79
pools_2k_94652ad	2044	335.78000000000003
pools_2k_9c2dc56	2048	357.29
pools_2k_a974b27	2044	345.66999999999996
pools_2k_b35ab6d	2043	346.34999999999997
pools_2k_b3bb645	2045	345.41
pools_2k_b9c2127	2047	345.13
pools_2k_bac2a17	2048	347.27000000000004
pools_2k_bb7af02	2048	359.35
pools_2k_bdf0e73	2045	336.03
pools_2k_be414ce	2044	319.81
pools_2k_c65932c	2048	333.97
pools_2k_cac99c8	2044	344.23
pools_2k_e79c4f8	2045	352.28
pools_2k_eb47ae5	2046	341.55
pools_5k_30570d1	5036	3125.7099999999996
pools_5k_37820d1	5037	3126.75
pools_5k_7048e72	5036	3107.89
pools_5k_a52a8b9	5037	3120.77
pairs_01f3910	1085	167.69
pairs_061d4fd	1098	137.69
pairs_06c47c6	1068	134.39
pairs_0a9df37	1062	135.81
pairs_0adfc32	1088	135.15
pairs_0f1170b	1060	130.04000000000002
pairs_1477d83	1066	137.18
pairs_1490b32	1066	135.3
pairs_1c5de16	1097	137.82
pairs_1f19afc	1098	135.07
pairs_21c2677	1063	137.63
pairs_24816a3	1093	134.49
pairs_27c1f30	1088	139.17000000000002
pairs_28decad	1070	131.46
pairs_294168c	1078	130.74
pairs_2cd08d0	1097	139.28
pairs_2dedbbc	1067	126.62
pairs_2ec9816	1086	128.03
pairs_30ac474	1096	134.82
pairs_31bc0a5	1079	131.45999999999998
pairs_333c3d7	1071	119.71
pairs_362b541	1076	122.51
pairs_3798f37	1069	138.19
pairs_3fdbc19	1090	130.44
pairs_42b2bae	1066	126.74000000000001
pairs_4ab7ac6	1094	117.96
pairs_50bf855	1062	134.76
pairs_5190733	1073	135.73
pairs_535b9f2	1085	125.21
pairs_5c0ed13	1095	136.21
pairs_5ec088d	1079	132.66
pairs_5f9a672	1075	133.89
pairs_60b41d0	1070	134.94
pairs_611c981	1093	137.07
pairs_614a65d	1089	132.55
pairs_64db1d3	1083	138.27
pairs_665f684	1068	138.05
pairs_6728d91	1066	129.22
pairs_6b73848	1075	116.93
pairs_6d276b1	1072	134.91
pairs_6d413f3	1093	130.91
pairs_6d7ed01	1078	121.18
pairs_70ab803	1087	134.87
pairs_74cc66c	1061	132.01999999999998
pairs_77dd2aa	1097	136.7
pairs_7a840b0	1063	130.31
pairs_7b61ec6	1091	135.86
pairs_7edf881	1072	116.14
pairs_84bdbfa	1066	123.93
pairs_86c2bed	1093	134.91
pairs_8a55152	1070	134.9
pairs_8c28192	1070	138.31
pairs_90566c1	1073	140.02
pairs_938917e	1089	118.2
pairs_959cda3	1077	123.73
pairs_9861b4a	1091	126.31
pairs_9c7637b	1090	137.59
pairs_9e26be4	1081	135.51
pairs_a12f3e6	1083	135.4
pairs_a214976	1084	136.93
pairs_a281bdd	1092	135.83
pairs_a3268e7	1065	135.59
pairs_a57fc26	1073	137.69
pairs_a9b7c61	1087	137.6
pairs_abd5ac9	1083	137.22
pairs_ae70a39	1079	138.65
pairs_af87770	1063	135.94
pairs_b20e127	1063	137.02
pairs_b2a7ca6	1064	123.67999999999999
pairs_b3de873	1091	117.36
pairs_b54f8fc	1067	137.16
pairs_b7494f3	1084	139.16
pairs_b7c4193	1062	138.54
pairs_b808b5f	1082	134.54
pairs_b808c2d	1068	127.78
pairs_bc740c0	1088	138.92000000000002
pairs_bc9a237	1085	138.51999999999998
pairs_be40302	1068	117.08000000000001
pairs_c3f5820	1065	137.95
pairs_c535297	1084	127.34
pairs_cde0dc2	1088	127.93
pairs_d58209d	1074	134.59
pairs_de0e7f7	1065	137.63
pairs_e6a5c09	1086	132.38
pairs_eca1109	1092	121.82
pairs_f0f604e	1081	137.01999999999998
pairs_f5c02f6	1074	135.48
pairs_f63f91b	1095	123.14
pairs_f7e39cb	1075	137.42000000000002
pairs_f9c175f	1083	122.0
pairs_feb6cd7	1086	131.76
pairs_fecf99c	1063	131.67
pools_2k_5ca07ad	1090	117.13
pairs_fd1bb77	2729	837.15
pools_2k_8fd491b	2736	818.33
pools_3k_055aa8c	2867	830.19
pools_3k_06e10f9	2876	845.7099999999999
pools_3k_14bc6da	2868	849.1500000000001
pools_3k_3a43c54	2777	837.5899999999999
pools_3k_4c8a9ee	2830	837.51
pools_3k_86ede7d	2842	833.72
pools_3k_c158640	2723	785.86
pools_3k_c707667	2841	846.22
pools_3k_cb22dc7	2902	827.91
pools_3k_dbb6fd1	2838	837.35
pairs_041efce	1230	172.67000000000002
pairs_0558563	1188	132.41
pairs_066c7cd	1247	143.94
pairs_06f0073	1250	141.07999999999998
pairs_0d24994	1245	141.61
pairs_0e7747b	1192	131.57
pairs_13e87be	1205	142.25
pairs_159eebe	1244	143.82999999999998
pairs_1ab3ec4	1246	120.5
pairs_2aac0ad	1208	144.15
pairs_33038d6	1225	141.20999999999998
pairs_3aa4850	1209	133.0
pairs_3ac4c8a	1202	142.07999999999998
pairs_3bb114d	1236	128.87
pairs_3db271a	1205	132.74
pairs_3f2ca29	1248	144.75
pairs_40922b6	1221	136.04000000000002
pairs_43ed01c	1249	139.64
pairs_4982038	1204	143.02
pairs_4cc9c78	1198	144.06
pairs_4e5afa0	1200	120.3
pairs_4f56bae	1211	143.03
pairs_5188fdd	1219	134.4
pairs_5c89b9f	1234	141.5
pairs_5e27b83	1188	134.91
pairs_5fba2cf	1214	132.36
pairs_6be8cd9	1230	135.34
pairs_6c11dca	1232	144.9
pairs_6d03c64	1241	131.88
pairs_704f4a9	1239	121.45
pairs_72fac9e	1196	136.54
pairs_7a869f2	1189	137.58
pairs_7abfd0b	1250	136.71
pairs_7c12e58	1230	143.6
pairs_7eb69f2	1239	137.9
pairs_7f7df56	1217	138.93
pairs_80c827e	1230	133.43
pairs_8398714	1192	140.36
pairs_8430569	1250	131.78
pairs_8827bcb	1223	143.05
pairs_8c3f220	1196	127.47
pairs_8d40ff0	1217	141.49
pairs_905a1dd	1223	133.85
pairs_91b5011	1228	142.28
pairs_922eb55	1228	142.16
pairs_925a725	1189	127.25
pairs_957b491	1226	144.54
pairs_98b6250	1205	134.27
pairs_a1bd82a	1239	133.43
pairs_a5e471f	1217	133.47
pairs_acff646	1227	144.27
pairs_b42e041	1215	135.31
pairs_b43e484	1210	132.48000000000002
pairs_b46b2a3	1251	134.88
pairs_b58eba5	1192	137.7
pairs_b593742	1195	138.09
pairs_b833385	1200	141.61
pairs_bfe6eb9	1200	136.61
pairs_c34f715	1227	142.79000000000002
pairs_c47e5c6	1233	127.56
pairs_c4b89cd	1249	145.87
pairs_c756548	1190	130.95999999999998
pairs_cc43e30	1204	143.46
pairs_d5e16f9	1236	140.26
pairs_d6fd7ff	1249	132.14000000000001
pairs_dc87131	1189	128.24
pairs_e2dd75f	1215	133.94
pairs_f2ac9c0	1209	144.05
pairs_f754db3	1228	143.72
pairs_f76816c	1249	132.93
pairs_f7eee7c	1220	120.0
pairs_fe62437	1213	131.43
pools_3k_be122ec	1193	132.53
pools_5k_09ebe90	5078	3064.09
pools_5k_223b242	5077	3015.04
pools_5k_51e2da7	5078	3031.13
pools_5k_6eee748	5078	3027.7599999999998
pools_2k_0634dc1	2069	552.83
pools_2k_1435a31	2068	533.1
pools_2k_1f7b918	2070	535.38
pools_2k_243fb95	2069	541.95
pools_2k_29f7052	2068	546.74
pools_2k_3672f69	2070	546.58
pools_2k_41c0746	2069	534.28
pools_2k_5516d5f	2068	521.24
pools_2k_7aca315	2070	542.48
pools_2k_9d1e16d	2070	535.31
pools_2k_a5b8124	2070	533.68
pools_2k_a5bc87c	2070	526.86
pools_2k_a8a35e1	2069	540.72
pools_2k_ba9d798	2069	531.72
pools_2k_c1c16d1	2071	515.88
pools_2k_c5de471	2068	525.79
pools_2k_c6381b4	2068	536.1800000000001
pools_2k_d779eec	2069	538.58
pools_2k_f15155a	2068	523.18
pools_2k_f2ba643	2071	533.9200000000001
pools_2k_f53cd80	2069	541.0600000000001
pools_2k_f6dd206	2070	536.49
pools_2k_f98ad8a	2069	543.16
pools_2k_feb0722	2071	536.9
pairs_3afd918	1990	367.88
pairs_3c5c3d1	1994	323.52
pairs_51a1e1f	1987	348.77
pairs_809e6c6	1989	322.18
pairs_b790984	1998	322.61
pairs_fa6b2e1	1995	318.21000000000004
pools_2k_1aaccde	1987	328.74
pools_2k_3b23b85	1995	351.81
pools_2k_40f3b3b	1993	328.1
pools_2k_4479860	1995	334.17
pools_2k_55867da	1988	356.69
pools_2k_6ddccf4	1989	333.27000000000004
pools_2k_7a78410	1994	357.03
pools_2k_895ba97	1994	343.38
pools_2k_8d50d59	1993	343.5
pools_2k_94129cb	1993	342.71000000000004
pools_2k_97cdb8f	1987	342.69
pools_2k_a75ab6d	1995	344.21999999999997
pools_2k_a9d9404	1989	346.54
pools_2k_b7152d5	1995	345.77
pools_2k_c080115	1994	327.27000000000004
pools_2k_cff929d	1986	351.18
pools_2k_dc82ff9	1995	348.08
pools_2k_e5a8a89	1990	350.39
pools_2k_f2c72d1	1994	333.94
pools_2k_fb68905	1987	329.47
pairs_313a1b7	2027	352.43
pairs_4aeda65	2027	325.09
pairs_50fc7b3	2024	324.96999999999997
pairs_d0419da	2028	329.5
pools_2k_080b1c3	2028	350.43
pools_2k_106c466	2023	345.76
pools_2k_12cfe17	2024	336.43
pools_2k_13db759	2026	356.78
pools_2k_168e074	2026	353.71
pools_2k_359bc99	2027	343.7
pools_2k_37ea5d4	2024	339.25
pools_2k_4004746	2025	347.09
pools_2k_4a82b90	2023	360.5
pools_2k_5b57d2b	2027	356.34
pools_2k_5f432bd	2027	363.40000000000003
pools_2k_7262751	2023	352.03999999999996
pools_2k_7e4ce59	2026	333.77
pools_2k_a84e658	2023	349.12
pools_2k_ab034ef	2026	344.56
pools_2k_bac936a	2027	362.85999999999996
pools_2k_c4a3565	2027	363.35
pools_2k_c4a9297	2024	364.56
pools_2k_e04eab9	2024	358.52000000000004
pools_2k_e16aed3	2025	326.75
pools_2k_e9f554f	2025	344.49
pairs_0092129	342	53.91
pairs_014a5c7	324	23.94
pairs_01b3c2c	351	30.509999999999998
pairs_0276a10	318	23.96
pairs_0512a6f	357	24.22
pairs_05d8608	325	28.03
pairs_0626f0a	355	28.2
pairs_070c988	337	26.68
pairs_084a625	343	29.75
pairs_0863b06	351	28.59
pairs_08b8b19	342	26.55
pairs_095378c	322	26.45
pairs_09d2ac4	319	28.11
pairs_0a42381	350	24.64
pairs_0a5b256	350	29.52
pairs_0ad5fbe	369	29.99
pairs_0b06dfb	339	28.580000000000002
pairs_0c7cf13	317	24.49
pairs_0ce8efa	363	25.33
pairs_0d40410	358	26.4
pairs_0e1d92d	334	30.299999999999997
pairs_0f2163c	371	27.16
pairs_1031aa1	329	24.31
pairs_10681cf	333	27.66
pairs_1163a5a	322	24.259999999999998
pairs_118a44e	341	30.049999999999997
pairs_15dc830	339	30.17
pairs_1602631	359	24.47
pairs_1629a8f	372	26.47
pairs_16c35b2	344	24.6
pairs_1705cbc	349	27.19
pairs_171beb0	335	27.67
pairs_17f2c20	336	27.27
pairs_19baa67	342	28.94
pairs_19e24fc	331	28.669999999999998
pairs_19ec628	373	29.72
pairs_1ac6e9b	317	28.72
pairs_1bc4757	365	29.53
pairs_1cabb91	334	24.8
pairs_1ce7b03	349	26.95
pairs_1d28fdc	350	26.33
pairs_1e66a16	350	30.93
pairs_1ed1ccc	350	30.45
pairs_1f764ed	371	28.020000000000003
pairs_208a6f9	321	28.159999999999997
pairs_209c2d3	372	26.21
pairs_209e097	320	29.04
pairs_20a5fe1	364	30.4
pairs_21f7e71	335	26.5
pairs_2228014	367	25.39
pairs_22a22e5	340	29.22
pairs_231da38	353	28.44
pairs_247bd74	346	25.79
pairs_25afa18	352	31.03
pairs_2606fd5	330	30.28
pairs_2652b24	361	30.34
pairs_27db36f	374	24.85
pairs_27ff777	369	24.700000000000003
pairs_2841cdc	357	28.130000000000003
pairs_299a2dd	350	24.61
pairs_2ac94a7	373	24.970000000000002
pairs_2b2ab0c	365	24.78
pairs_2b52898	362	28.259999999999998
pairs_2bd7ab8	374	26.77
pairs_2c796f8	342	24.64
pairs_2d41613	321	26.78
pairs_2e2c0a9	364	30.509999999999998
pairs_3061ada	362	26.82
pairs_32cec31	349	28.86
pairs_32e543e	348	29.65
pairs_334e867	324	26.11
pairs_33b84a5	326	26.439999999999998
pairs_364e723	356	30.32
pairs_384ba76	365	28.67
pairs_3a0579a	360	28.090000000000003
pairs_3af149e	347	24.450000000000003
pairs_3b042bf	346	29.450000000000003
pairs_3b55066	351	26.15
pairs_3c337ba	346	26.05
pairs_3cf5863	361	28.799999999999997
pairs_3d05bf7	329	28.029999999999998
pairs_3d33296	357	30.740000000000002
pairs_3d62b4b	321	28.84
pairs_3ded785	370	29.78
pairs_3e0bd19	351	27.970000000000002
pairs_3eb307b	339	28.76
pairs_3f15c6b	335	30.080000000000002
pairs_3fb84c4	360	26.98
pairs_410516f	368	29.72
pairs_4192188	364	26.25
pairs_4316268	327	25.41
pairs_4353f1f	370	26.93
pairs_4496d90	330	27.13
pairs_45c7e35	365	26.830000000000002
pairs_46339b3	370	30.669999999999998
pairs_4796d0b	366	24.659999999999997
pairs_4865fcd	352	24.86
pairs_4affe33	363	29.470000000000002
pairs_4b5ca43	356	28.75
pairs_4cd602c	351	29.759999999999998
pairs_4f28fcb	354	27.060000000000002
pairs_4f35626	326	29.830000000000002
pairs_4f5db72	338	24.970000000000002
pairs_4fc2bd1	323	27.53
pairs_51e63ae	333	26.450000000000003
pairs_5261f31	333	24.33
pairs_52b98b8	371	29.1
pairs_534b548	354	28.84
pairs_534f1c5	364	30.599999999999998
pairs_54096f0	323	26.66
pairs_545bdec	319	27.8
pairs_54c821f	322	25.13
pairs_55cc8ee	326	24.75
pairs_55e99bb	368	26.64
pairs_5686c3d	373	25.84
pairs_56b5cda	354	30.11
pairs_581ee1f	367	29.020000000000003
pairs_5962f01	341	26.92
pairs_5b66089	332	29.68
pairs_5c2d830	347	24.44
pairs_5d51bef	332	24.17
pairs_5e6ce9b	360	29.849999999999998
pairs_5eed242	319	26.54
pairs_5f01c08	360	27.2
pairs_5fd129d	334	28.68
pairs_612ca18	344	26.75
pairs_675d531	328	24.529999999999998
pairs_6791f73	321	26.3
pairs_6919124	371	31.869999999999997
pairs_6954d94	324	26.49
pairs_6a46eb0	319	28.560000000000002
pairs_6a84db5	326	26.849999999999998
pairs_6b88813	343	27.53
pairs_6c568bf	340	27.16
pairs_6cc69a5	362	30.009999999999998
pairs_6cf245f	339	27.650000000000002
pairs_6e014ac	351	27.810000000000002
pairs_700bfc4	344	27.439999999999998
pairs_7258126	330	26.86
pairs_725a2c4	370	29.450000000000003
pairs_72ae9fa	345	27.83
pairs_747f546	370	28.15
pairs_7538d55	335	27.310000000000002
pairs_75450ec	336	25.560000000000002
pairs_7601cc8	361	26.75
pairs_768ef09	336	24.47
pairs_775f184	360	26.97
pairs_78a0fa1	321	29.15
pairs_78bb309	359	24.59
pairs_790f7b1	357	29.419999999999998
pairs_7abc3e2	369	30.63
pairs_7cb1a42	318	26.37
pairs_7cbb929	350	26.860000000000003
pairs_7e4397e	358	29.27
pairs_7e9b83a	365	27.23
pairs_7f39b50	373	28.01
pairs_7fd6241	329	30.13
pairs_8008d39	359	27.220000000000002
pairs_805adef	316	26.11
pairs_8086766	325	28.57
pairs_80e718b	354	24.82
pairs_812d14f	346	30.73
pairs_81679c8	325	29.27
pairs_8188121	324	24.330000000000002
pairs_8188a0d	365	30.36
pairs_82a68df	374	26.57
pairs_82ab834	344	27.439999999999998
pairs_86ca941	330	24.99
pairs_8961dc0	334	24.84
pairs_8a7d993	360	24.78
pairs_8b0df9f	364	25.04
pairs_8c677da	325	24.93
pairs_8ec6858	346	25.05
pairs_8efc9c5	322	27.970000000000002
pairs_8f69a6a	331	28.53
pairs_8fd90c3	352	29.25
pairs_903cc96	324	26.39
pairs_9072a26	368	30.560000000000002
pairs_9209782	334	24.419999999999998
pairs_92e1879	360	31.11
pairs_931e18b	358	24.66
pairs_9348f36	355	24.65
pairs_9405cb0	342	24.540000000000003
pairs_94a2ad5	326	26.54
pairs_959bde1	370	27.51
pairs_96a44f6	364	26.27
pairs_972d1ed	320	27.53
pairs_9745424	348	27.310000000000002
pairs_9873b7d	355	24.69
pairs_987ab8a	369	26.57
pairs_98a3572	334	24.75
pairs_98bc2c3	331	29.619999999999997
pairs_99baac8	355	26.93
pairs_99ffe53	348	30.55
pairs_9a93872	369	30.28
pairs_9a9fd6c	367	27.86
pairs_9af118f	319	24.240000000000002
pairs_9bc8447	371	29.95
pairs_9d1890f	362	25.32
pairs_9d291fa	347	28.01
pairs_9d87f7e	332	24.34
pairs_9dd0262	345	26.36
pairs_9f564d2	317	26.78
pairs_9ffb48e	351	28.16
pairs_a0fc0d6	348	27.69
pairs_a1599ac	320	26.37
pairs_a34862b	324	28.339999999999996
pairs_a36878e	336	25.23
pairs_a395ff5	344	27.330000000000002
pairs_a63fa8f	354	26.73
pairs_a699779	331	24.63
pairs_a8211c0	346	30.700000000000003
pairs_aa31a8b	331	26.479999999999997
pairs_ab8910d	350	24.46
pairs_abc9bfb	352	24.919999999999998
pairs_ac082ef	364	27.14
pairs_ac2a506	335	24.73
pairs_acbfa74	336	24.560000000000002
pairs_ad14c6e	356	24.48
pairs_ae700fc	317	28.0
pairs_af1f128	368	27.36
pairs_af365e5	320	24.77
pairs_af9d29e	358	28.14
pairs_affa69f	353	29.82
pairs_b0118dd	328	26.049999999999997
pairs_b0f61d5	371	31.89
pairs_b276b37	373	30.659999999999997
pairs_b35c4e8	363	27.09
pairs_b3dae27	365	28.19
pairs_b50857e	339	29.75
pairs_b5a0836	354	30.07
pairs_b844694	322	27.549999999999997
pairs_b950e15	345	30.24
pairs_ba79906	357	28.57
pairs_bb8a01d	346	26.78
pairs_bc10a92	345	24.41
pairs_bc4518d	335	24.57
pairs_be76a4d	343	27.060000000000002
pairs_bf9f029	334	28.35
pairs_bfacbfd	335	27.580000000000002
pairs_bfca262	353	27.95
pairs_c1d0f7d	364	26.27
pairs_c34378a	368	31.52
pairs_c3e5c4c	342	27.55
pairs_c4188e0	363	29.57
pairs_c8d7e4d	329	27.12
pairs_c9c29f6	359	24.53
pairs_cb1c5d6	328	24.71
pairs_cb904f2	373	24.65
pairs_cc15980	361	24.49
pairs_cc18d22	329	24.14
pairs_cc472ea	355	30.990000000000002
pairs_cc624c1	340	27.11
pairs_cf24856	337	27.77
pairs_d017830	358	26.14
pairs_d04097c	361	28.209999999999997
pairs_d1480c4	317	26.97
pairs_d3ae760	355	29.14
pairs_d45c7e4	353	26.740000000000002
pairs_d4eab2c	352	29.130000000000003
pairs_d626fe5	349	26.299999999999997
pairs_d65e569	325	29.35
pairs_d70c84f	350	28.86
pairs_d80ade2	351	24.6
pairs_d86e464	373	28.720000000000002
pairs_d90d9c3	349	25.01
pairs_da3a9bb	360	26.720000000000002
pairs_dbe7c34	321	27.97
pairs_dc2f6bf	321	28.37
pairs_dc88f96	348	29.150000000000002
pairs_dc99ea9	327	28.369999999999997
pairs_dcff713	371	27.8
pairs_de08082	371	24.86
pairs_dea949b	359	24.69
pairs_dfee8f5	374	28.83
pairs_e07067d	360	25.15
pairs_e09eef7	316	25.5
pairs_e2337a9	330	29.259999999999998
pairs_e250c15	325	27.36
pairs_e3f3057	332	25.75
pairs_e532f2e	370	24.8
pairs_e539a35	350	31.09
pairs_e5b91dc	351	24.33
pairs_e6af153	324	28.66
pairs_e70e9b0	356	27.56
pairs_e85aaf6	344	29.509999999999998
pairs_e8fed47	366	29.060000000000002
pairs_e940d78	364	30.69
pairs_eaa786e	347	24.41
pairs_eaf7cce	360	28.54
pairs_ebd773c	330	25.410000000000004
pairs_ec3f82e	345	24.91
pairs_ec45957	342	28.87
pairs_ecc4cbb	324	23.93
pairs_ed8f9c2	343	26.209999999999997
pairs_ef4bc14	359	29.78
pairs_efb274d	337	26.33
pairs_efdd5cb	341	26.84
pairs_efe7d43	362	26.86
pairs_f09a37a	359	30.92
pairs_f2245b9	345	24.84
pairs_f22e438	365	25.75
pairs_f327f2b	361	24.470000000000002
pairs_f333579	343	24.45
pairs_f37dd94	358	27.189999999999998
pairs_f4d521b	359	26.62
pairs_f51ee3c	322	29.560000000000002
pairs_f5aacc6	338	28.14
pairs_f5bdfc6	359	29.729999999999997
pairs_f5e2c33	344	30.99
pairs_f673ffe	348	29.96
pairs_f70323b	356	26.580000000000002
pairs_f8246a2	345	27.06
pairs_f87d174	318	24.74
pairs_fa8db2c	357	25.17
pairs_fb9564e	360	25.84
pairs_fcec4b3	319	29.42
pairs_fd7d3ac	349	29.15
pairs_fd9c28c	337	24.369999999999997
pairs_fda6d93	330	29.9
pairs_fecb451	354	29.86
pairs_ffa4306	325	24.25
pools_3k_00c6ac9	3119	1268.8000000000002
pools_3k_01d6799	3118	1250.18
pools_3k_165eba7	3117	1216.26
pools_3k_383f957	3117	1243.21
pools_3k_4bbec04	3118	1228.6
pools_3k_592f3ed	3118	1214.67
pools_3k_73ce31e	3119	1243.2800000000002
pools_3k_9ccf944	3119	1244.12
pools_3k_d8f1a8f	3118	1245.4399999999998
pools_3k_f598d85	3119	1232.4
pools_3k_04e7a0e	3101	1266.15
pools_3k_0b74fe2	3101	1233.3799999999999
pools_3k_0f2cf71	3101	1194.52
pools_3k_1141ac1	3100	1200.17
pools_3k_3dc13aa	3102	1222.25
pools_3k_426ce75	3103	1226.7
pools_3k_9ac3210	3100	1219.47
pools_3k_afed19d	3100	1222.72
pools_3k_b67a3e0	3099	1212.1
pools_3k_c7476d9	3099	1218.52
pairs_068248a	1823	348.96
pairs_2b26fb7	1802	314.31
pairs_416117a	1800	314.17
pairs_4260d37	1775	320.0
pairs_6b15a8a	1805	315.5
pairs_6e2f734	1777	324.48
pairs_75c5b32	1772	338.46
pairs_8e18ebe	1814	311.66
pairs_92eadcb	1791	313.44
pairs_9b21d0c	1815	326.23
pairs_a1af7ce	1782	344.09
pairs_a58e536	1793	334.93
pairs_aaf7d04	1824	312.59000000000003
pairs_ab1cd68	1809	314.42
pairs_b2aa0a6	1777	318.61
pairs_b603ee6	1816	311.35
pairs_c93187f	1777	322.93
pairs_d24f974	1797	325.46000000000004
pairs_d97abe9	1783	312.48
pairs_d9ca122	1794	309.75
pairs_e177223	1812	310.62
pairs_efe5342	1803	346.91999999999996
pairs_f2dd352	1769	346.46999999999997
pairs_f3a65b2	1773	316.78
pairs_f7d6682	1805	313.68
pairs_f8174ee	1778	322.51000000000005
pools_2k_566d0ad	1816	337.95000000000005
pools_2k_6ac053d	1775	341.90999999999997
pools_2k_ae88597	1778	339.84000000000003
pools_2k_b7ccd8e	1813	324.03000000000003
pools_2k_c8bc29c	1809	324.11
pools_2k_fb35c0c	1818	339.21
pools_3k_1de7392	3068	877.79
pools_3k_3134e94	3066	821.02
pools_3k_4152039	3067	816.37
pools_3k_4416511	3067	807.62
pools_3k_740a417	3066	826.27
pools_3k_833db6c	3068	816.54
pools_3k_8a72f98	3066	829.57
pools_3k_ad67117	3069	807.25
pools_3k_d21ae91	3069	830.63
pools_3k_e0c3079	3067	838.1999999999999
pools_3k_08c9c5c	3070	865.6800000000001
pools_3k_08fb2e8	3070	832.0699999999999
pools_3k_1b885e2	3072	848.36
pools_3k_22913f2	3073	1233.59
pools_3k_44b747f	3073	1197.17
pools_3k_889d52c	3073	1196.82
pools_3k_e2e9f16	3071	837.62
pools_3k_ee43f05	3072	836.49
pools_3k_efbdc7d	3071	846.65
pools_3k_f77ee0a	3072	842.73
pools_4k_040a2cb	4000	1714.86
pools_4k_064cace	3991	1703.09
pools_4k_3006826	3993	1707.6000000000001
pools_4k_4f49668	4001	1690.66
pools_4k_7505f9a	3985	1714.77
pools_4k_dc87d59	4000	1699.6499999999999
pools_2k_0687935	2117	571.06
pools_2k_0e6b137	2118	546.21
pools_2k_13615af	2118	545.44
pools_2k_177a7d7	2118	558.66
pools_2k_1a1e6f6	2118	557.36
pools_2k_20cc800	2118	551.37
pools_2k_3d1fae3	2116	555.19
pools_2k_41b1dad	2119	550.42
pools_2k_46f3e05	2118	547.72
pools_2k_4f5a1c1	2119	548.84
pools_2k_55c0567	2118	529.46
pools_2k_65934e6	2117	529.96
pools_2k_79ae042	2117	545.39
pools_2k_860753b	2116	535.37
pools_2k_88513f7	2117	551.24
pools_2k_91bb385	2117	533.37
pools_2k_a4deaf3	2118	546.04
pools_2k_abe116e	2117	556.6800000000001
pools_2k_baaa64b	2119	550.08
pools_2k_c0e2499	2116	554.49
pools_2k_c6fb202	2118	540.19
pools_2k_e3c90ae	2119	561.62
pools_3k_968c005	2119	560.48
pairs_2062201	1920	367.27
pairs_45deaf8	1916	330.71000000000004
pairs_5ec008c	1913	316.65000000000003
pairs_68efdbc	1933	321.65000000000003
pairs_8a735ca	1919	346.42999999999995
pairs_9045ab4	1913	320.29
pairs_a522868	1915	318.67
pairs_b25e03d	1925	320.78
pairs_ea6f4fe	1911	319.51
pools_2k_03ff016	1933	338.45
pools_2k_07d5212	1915	353.27000000000004
pools_2k_0c583ff	1925	356.20000000000005
pools_2k_212b7f8	1930	323.37
pools_2k_573566c	1914	335.61
pools_2k_61586fa	1932	351.03
pools_2k_89c8908	1923	351.91999999999996
pools_2k_932ac9c	1933	315.04
pools_2k_989dc9e	1927	321.9
pools_2k_9de626f	1929	322.84000000000003
pools_2k_a2e8898	1927	318.71000000000004
pools_2k_b25895c	1926	329.21
pools_2k_c181946	1928	320.1
pools_2k_c53861c	1921	322.45
pools_2k_c589667	1922	338.0
pools_2k_c5d80fb	1934	348.51
pools_2k_c8b3e8a	1922	320.13
pools_2k_e82aa41	1927	314.29
pools_2k_f33ae88	1919	340.81
pools_5k_99ba03f	5036	3079.37
pools_5k_d92a11e	5034	3042.66
pools_5k_fd16d98	5036	3025.7799999999997
pairs_a8a01c2	2078	547.94
pools_2k_0b1b2af	2079	543.87
pools_2k_1fb1667	2078	532.09
pools_2k_2721022	2076	547.33
pools_2k_340b25f	2077	528.29
pools_2k_3e9d5c8	2078	545.05
pools_2k_424e601	2077	538.38
pools_2k_5658fad	2078	542.43
pools_2k_5683286	2078	543.9200000000001
pools_2k_61fa699	2077	526.35
pools_2k_65b9ebf	2076	541.78
pools_2k_6e0e4b9	2079	543.51
pools_2k_9a47a83	2079	525.72
pools_2k_a08fa1b	2076	530.22
pools_2k_a5a2519	2079	546.39
pools_2k_a613739	2076	546.28
pools_2k_b46b780	2078	543.98
pools_2k_ba4c250	2075	548.52
pools_2k_be8520e	2075	534.3199999999999
pools_2k_ca382a2	2078	535.35
pools_2k_e7bdca0	2077	545.27
pools_2k_ed19d5d	2076	526.41
pools_2k_eddd19f	2076	532.96
pools_2k_f2f0a7f	2076	531.61
pools_5k_7937370	5108	3089.77
pools_5k_a3c080e	5107	3063.0299999999997
pools_5k_b494537	5107	3067.2999999999997
pools_5k_e452cb1	5107	3066.3300000000004
pairs_00c6199	820	111.54
pairs_01632be	853	92.59
pairs_0215610	838	75.8
pairs_022aa72	849	93.3
pairs_04a64f8	818	87.99
pairs_05aa105	851	94.94
pairs_08a12de	816	89.38
pairs_0b269ad	821	90.89
pairs_0cd976e	817	89.75
pairs_0d1e332	856	88.89
pairs_0dede61	843	90.2
pairs_0e43f5f	827	86.73
pairs_11e37fd	848	84.62
pairs_128fc73	819	89.72
pairs_1489731	846	92.46
pairs_1584526	817	82.28999999999999
pairs_15f0935	842	83.0
pairs_187ccbb	846	94.27000000000001
pairs_2278782	843	79.14
pairs_22d69dd	843	89.85
pairs_23a0285	849	88.24
pairs_26295fe	845	92.72999999999999
pairs_26a8323	852	94.54
pairs_2849620	833	80.91
pairs_292cf44	827	97.45
pairs_2a53452	848	83.4
pairs_2afa260	851	93.67999999999999
pairs_2f0477e	836	75.91999999999999
pairs_2fc6b69	816	81.07
pairs_3009740	855	91.82
pairs_303616d	850	85.6
pairs_3272294	834	93.22999999999999
pairs_32f6c57	816	96.88
pairs_35b6b67	826	94.66
pairs_3621df1	831	80.44999999999999
pairs_3901904	842	85.01
pairs_391b1a1	843	91.49000000000001
pairs_397e0c8	857	91.25
pairs_399e2ce	825	84.84
pairs_3a8cdec	816	76.26
pairs_3b66713	821	90.85000000000001
pairs_3ce5bdb	834	82.3
pairs_3e72814	831	90.85
pairs_41a6877	853	80.19
pairs_4356cad	842	92.39
pairs_44c88f6	824	92.11
pairs_44ce600	823	88.93
pairs_45222cf	817	93.84
pairs_459dfe3	826	93.71
pairs_46d961f	825	82.55
pairs_5020940	850	89.33000000000001
pairs_50ec961	834	81.88
pairs_5144019	851	87.49
pairs_532b6d4	847	88.81
pairs_550054f	842	93.99
pairs_566c24c	835	86.0
pairs_5679764	837	94.12
pairs_571ffa8	843	93.11
pairs_5afb586	849	98.08
pairs_5be6819	833	93.08
pairs_5c2245b	855	90.45
pairs_5efae24	837	91.38999999999999
pairs_5f0d7a6	820	95.16
pairs_62d79bf	847	88.96000000000001
pairs_669512e	823	87.49000000000001
pairs_67b3f34	842	78.42
pairs_689ad16	854	94.5
pairs_6976fd5	827	91.46
pairs_6b59ac6	853	84.45
pairs_6beacf0	828	86.13000000000001
pairs_6c9d2dc	831	88.73
pairs_6f1c909	848	88.67
pairs_720e7d1	834	83.94
pairs_749ba05	830	89.5
pairs_7882031	818	94.61999999999999
pairs_7d7871e	817	89.38999999999999
pairs_7e59911	818	92.1
pairs_82d810a	857	95.75999999999999
pairs_832f284	841	89.79
pairs_8a3097c	826	94.43
pairs_8a97ec7	828	78.04
pairs_8bcb088	827	79.49000000000001
pairs_8d3b4b8	828	97.16
pairs_8d8a762	839	80.16
pairs_8e7fd70	829	76.2
pairs_8f85624	848	79.46
pairs_90de3bc	825	91.56
pairs_913fe3c	821	95.36999999999999
pairs_92459b1	850	91.22
pairs_9273ac2	831	93.36
pairs_92a5ddc	822	92.80000000000001
pairs_962f918	838	91.0
pairs_966701d	815	76.52000000000001
pairs_98a204e	855	89.97999999999999
pairs_996702f	832	91.89
pairs_997bb52	839	77.32
pairs_9b85953	831	77.72
pairs_9ca8062	833	93.99000000000001
pairs_9cf37ca	826	89.87
pairs_9f42845	816	93.3
pairs_a2e1ee5	837	90.63999999999999
pairs_a36996c	842	76.61
pairs_a7b284d	843	80.08000000000001
pairs_a9468c5	844	80.82000000000001
pairs_a9db9cd	825	81.80000000000001
pairs_a9e2bfd	827	93.34
pairs_aaa0c08	839	76.83999999999999
pairs_aadf147	830	88.41
pairs_ae5ab17	824	78.98
pairs_b07463c	819	93.25
pairs_b118ce1	828	84.95
pairs_b34af3c	834	87.57
pairs_b60b5dd	856	78.57
pairs_b76ff07	852	92.94
pairs_b81aa15	855	94.96000000000001
pairs_b8a55e0	838	94.09
pairs_bb0b0fb	830	93.1
pairs_bb2cec2	839	89.84
pairs_bbc27d7	842	93.68
pairs_bc707d8	821	93.83000000000001
pairs_bca07be	838	89.34
pairs_be604f7	829	89.28999999999999
pairs_c3e1c11	820	93.15
pairs_c4be029	837	88.94
pairs_c557ce4	843	93.22
pairs_cb1a677	832	92.59
pairs_cd8ae95	837	78.10000000000001
pairs_d54b835	817	85.81
pairs_d801702	857	84.74000000000001
pairs_d813943	848	94.0
pairs_da3cd06	815	89.14
pairs_dcd645c	847	91.64999999999999
pairs_de61db1	831	87.42999999999999
pairs_de83890	853	76.78
pairs_e12e559	828	92.52000000000001
pairs_ec49fc2	849	88.08000000000001
pairs_ed63c37	821	81.14
pairs_efce012	818	76.96000000000001
pairs_f397738	842	92.46000000000001
pairs_f3b2903	836	76.6
pairs_f3ec713	837	93.66999999999999
pairs_f6b7bb6	840	92.29
pairs_f70e66b	855	83.21
pairs_f84eea3	833	89.5
pairs_f901619	829	89.39
pairs_f919459	844	76.67999999999999
pairs_fa961fc	850	92.27000000000001
pairs_ff4a5d3	833	79.59
pools_5k_2ed407b	5016	3113.42
pools_5k_3ca514a	5018	3091.26
pools_5k_6828836	5015	3099.5699999999997
pools_5k_68316de	5016	3095.03
pools_4k_038580a	4070	1725.75
pools_4k_2d2326e	4069	1685.6
pools_4k_2e5e10c	4070	1721.01
pools_4k_7a13b38	4069	1719.94
pools_4k_d3a267c	4069	1697.62
pools_4k_d967c7d	4070	1713.58
pairs_093dfa0	2166	558.2199999999999
pairs_0f421ff	2166	513.91
pairs_1262769	2235	530.51
pairs_3564445	2205	535.9
pairs_50bdcb0	2216	518.35
pairs_51ee95d	2201	528.39
pairs_63f4e0b	2209	516.8399999999999
pairs_69dc13d	2226	536.78
pairs_7d7f25e	2236	514.97
pairs_8ccb8cc	2159	527.19
pairs_9fcde3e	2205	528.25
pairs_ae71c09	2185	522.35
pairs_af8f5c5	2229	530.45
pairs_bd088e1	2170	516.83
pairs_e77ff1c	2239	530.42
pairs_ed0624f	2172	512.91
pools_2k_2d8d1fb	2169	531.88
pools_2k_3a11311	2145	513.4499999999999
pools_2k_6deb3f2	2236	532.74
pools_2k_7d5d7d6	2146	530.45
pools_3k_f6eefc9	2161	550.29
pairs_34fd144	1951	351.42
pairs_3a2d871	1972	317.37
pairs_3df7102	1952	314.78
pairs_6ed9ee4	1953	322.65
pairs_744d9f8	1956	314.98
pairs_89eb899	1962	322.58
pairs_b0bf3c8	1970	322.57
pairs_c48b85b	1955	316.32
pairs_d55e016	1951	313.31
pools_2k_032715c	1968	313.76
pools_2k_0a0e51d	1970	336.26
pools_2k_0e9ee80	1962	347.95
pools_2k_116eed7	1959	343.21999999999997
pools_2k_20b1cae	1958	328.72
pools_2k_246bf62	1967	338.95
pools_2k_26515b8	1966	327.75
pools_2k_278caa9	1961	333.77
pools_2k_3df32d2	1962	329.15000000000003
pools_2k_42b95a0	1959	323.99
pools_2k_61d7e73	1967	346.23
pools_2k_63af901	1960	335.73
pools_2k_63ee21d	1967	346.97
pools_2k_794638e	1951	343.86
pools_2k_9dad8ce	1970	340.46000000000004
pools_2k_d24fe1f	1962	343.72999999999996
pools_2k_dd4cd5f	1969	333.72
pools_2k_eed07c6	1956	345.6
pairs_055e355	1907	355.32
pairs_1f7f0f7	1893	322.2
pairs_22e5427	1905	320.72999999999996
pairs_32ef51b	1897	319.04
pairs_440dccd	1908	326.96999999999997
pairs_627443b	1885	326.28999999999996
pairs_8940fd5	1889	317.27000000000004
pairs_8a7a17f	1887	318.5
pairs_aceecc6	1894	349.44
pairs_b9d19c4	1903	319.99
pairs_d25e152	1896	318.48
pairs_d3ee48c	1884	320.91999999999996
pairs_f6e4034	1900	327.94
pairs_f90f67d	1894	324.25
pools_2k_204f3ed	1904	349.05
pools_2k_5c5d2f1	1911	341.21
pools_2k_620d330	1883	343.02
pools_2k_641127a	1898	339.62
pools_2k_7501fe6	1911	344.12
pools_2k_8757696	1910	349.68999999999994
pools_2k_8ffd56f	1901	350.63
pools_2k_9115ab1	1898	350.96
pools_2k_9ebdd75	1898	335.55
pools_2k_a60e3ba	1909	356.03000000000003
pools_2k_b831fd1	1898	355.02
pools_2k_ba301c4	1903	334.19
pools_2k_da13985	1893	334.5
pools_2k_df9e9ba	1884	350.14
pools_2k_f767912	1899	322.83
pools_3k_100c810	3065	854.63
pools_3k_43bda07	3064	850.5799999999999
pools_3k_46a1a3c	3064	862.33
pools_3k_4b20fad	3065	827.48
pools_3k_64b55e4	3062	848.55
pools_3k_ac08ce2	3063	846.91
pools_3k_b193cca	3066	844.4
pools_3k_b3cfaca	3065	845.52
pools_3k_da68cfb	3063	853.24
pools_3k_f3220de	3065	847.67
pools_5k_2ad33ee	5049	3151.3100000000004
pools_5k_3cb2e82	5049	3113.8199999999997
pools_5k_5761f58	5049	3132.01
pools_5k_77aa0c7	5048	3113.32
pools_4k_1fda782	4062	1787.97
pools_4k_29d7313	4061	1737.6599999999999
pools_4k_8199331	4061	1746.85
pools_4k_b7395c9	4063	1745.29
pools_4k_ece2602	4062	1755.0500000000002
pools_4k_f542fe4	4064	1746.22
pools_3k_3293f52	3059	849.14
pools_3k_5339451	3060	838.6300000000001
pools_3k_66e0c99	3058	817.65
pools_3k_6772f8f	3061	840.56
pools_3k_679634b	3061	840.8100000000001
pools_3k_7146297	3059	833.44
pools_3k_9b92b44	3058	814.14
pools_3k_9f17067	3059	839.6400000000001
pools_3k_cf7cb6d	3059	806.28
pools_3k_da87378	3058	821.42
pools_3k_f17d4a1	3060	832.07
pools_5k_1069ab0	5088	2998.99
pools_5k_1c99639	5088	2967.77
pools_5k_5f5cdb7	5088	2998.8599999999997
pools_4k_100a318	4018	1826.6599999999999
pools_4k_22a54e6	4016	1757.44
pools_4k_8e698ed	4016	1750.5400000000002
pools_4k_96395fd	4020	1758.06
pools_4k_b625e60	4020	1778.05
pools_4k_d8bc2a8	4019	1743.1299999999999
pools_5k_2698697	5057	3063.56
pools_5k_3c0df03	5058	3031.8500000000004
pools_5k_7174ea0	5058	3048.1899999999996
pools_5k_49e911c	5067	3090.65
pools_5k_87a7f81	5069	3054.55
pools_5k_a5a5508	5067	3061.89
pools_5k_d46a383	5066	3072.78
pools_3k_00cb27f	3078	1230.1999999999998
pools_3k_1800055	3078	1201.76
pools_3k_32ed47d	3077	1191.44
pools_3k_393409f	3078	1217.4099999999999
pools_3k_46caba1	3077	1206.83
pools_3k_593cdf2	3078	1201.92
pools_3k_5dbecfd	3078	1208.63
pools_3k_83829ea	3077	1189.92
pools_3k_edf132a	3077	1220.69
pools_3k_fe01f6d	3077	1200.32
pools_4k_48b774e	4049	1765.37
pools_4k_61f8947	4049	1711.3899999999999
pools_4k_aba04eb	4047	1718.45
pools_4k_b4d1fc0	4046	1707.2800000000002
pools_4k_d744916	4047	1732.1399999999999
pools_4k_fa26d97	4047	1721.8600000000001
pools_5k_2323652	5120	3179.34
pools_5k_6a4173c	5120	3168.98
pools_5k_9988d4c	5120	3118.02
pools_5k_622c84b	5094	3113.1899999999996
pools_5k_7d5db03	5094	3085.83
pools_5k_cc8ad13	5093	3088.33
pools_5k_de00515	5095	3116.42
pools_3k_152d350	3037	854.55
pools_3k_607dfbe	3039	823.4
pools_3k_6dfbbbb	3039	823.5699999999999
pools_3k_706c49f	3039	839.68
pools_3k_789a1d4	3038	837.66
pools_3k_a2dfd94	3039	843.01
pools_3k_a655760	3037	818.2
pools_3k_a84027f	3037	836.73
pools_3k_d12372a	3039	823.1099999999999
pools_3k_fdd0226	3036	813.76
pools_4k_01c85c1	4067	1762.96
pools_4k_0b9cdf1	4068	1747.87
pools_4k_255aeeb	4066	1737.32
pools_4k_26bca97	4067	1725.7
pools_4k_b8eef54	4067	1722.48
pools_4k_261f03d	4096	1734.31
pools_4k_43072b5	4096	1710.0400000000002
pools_4k_4553b5e	4098	2298.95
pools_4k_8f2809e	4096	1677.32
pools_4k_94520e0	4096	1719.7
pools_4k_b2f6f90	4098	2272.95
pools_3k_0e273ee	3085	1251.12
pools_3k_131c30b	3085	1246.82
pools_3k_275ea11	3084	1228.99
pools_3k_2a77597	3085	1230.6
pools_3k_39e35f4	3084	1237.03
pools_3k_445e8c6	3085	1215.4199999999998
pools_3k_48727e9	3084	1237.6
pools_3k_72eb551	3084	1236.34
pools_3k_7a711dd	3085	1221.5900000000001
pools_3k_d06876a	3085	1236.94
pools_3k_eeb5552	3086	1215.0
pools_5k_099e93d	5070	3016.2099999999996
pools_5k_4ad769b	5069	2970.35
pools_5k_ea7d7a8	5070	2990.76
pools_5k_0a17f38	5059	3029.46
pools_5k_1158234	5058	2957.9100000000003
pools_5k_e2d6ec4	5060	3010.18
pools_5k_edef8f3	5059	2979.34
pairs_6a25a91	2102	550.31
pools_2k_0429b7a	2101	550.82
pools_2k_098dabc	2102	539.6
pools_2k_0bfd915	2101	546.95
pools_2k_181e3d8	2102	528.49
pools_2k_21cb433	2101	533.0699999999999
pools_2k_2bbbb06	2101	554.8
pools_2k_2d4143c	2101	547.97
pools_2k_2f43301	2101	544.51
pools_2k_395e0ec	2101	551.4399999999999
pools_2k_5accd13	2102	547.53
pools_2k_600806d	2102	548.99
pools_2k_72352e6	2101	552.73
pools_2k_723dda2	2102	539.57
pools_2k_7c5cdca	2101	551.82
pools_2k_81203c8	2101	543.84
pools_2k_827d0f1	2102	515.27
pools_2k_87dc871	2102	549.36
pools_2k_9a1e420	2102	543.59
pools_2k_dfb9ebc	2102	542.0799999999999
pools_2k_ea56f2d	2101	542.28
pools_2k_f8dc2c6	2101	557.16
pools_2k_fcdbae3	2101	541.18
pools_5k_3818e32	5065	3077.6499999999996
pools_5k_695ef2e	5066	3059.68
pools_5k_ac8381e	5066	3057.13
pairs_055b542	1254	164.11
pairs_079d284	1265	139.41
pairs_0a3be36	1282	204.79999999999998
pairs_0b6ff5a	1312	181.31
pairs_0f51372	1253	141.11
pairs_17ab152	1301	178.42000000000002
pairs_193ef6f	1260	130.82999999999998
pairs_250a2ce	1313	179.26
pairs_2673e86	1260	138.26
pairs_26b172d	1319	180.78
pairs_2b0c635	1311	183.78
pairs_2e7c96b	1265	148.73
pairs_2f542af	1273	137.59
pairs_311958b	1253	136.78
pairs_3669975	1285	189.08
pairs_38d3f1e	1319	197.07
pairs_3cd5199	1281	177.10999999999999
pairs_3efa764	1303	200.20000000000002
pairs_3f87e06	1306	169.79999999999998
pairs_415803c	1319	181.26000000000002
pairs_417c875	1264	134.25
pairs_44b656c	1259	131.43
pairs_46b30c1	1277	135.2
pairs_475319a	1309	168.4
pairs_4a22951	1272	143.25
pairs_4e85a2a	1299	185.44
pairs_4f6d5b9	1320	183.52999999999997
pairs_4fc861f	1306	186.84
pairs_5068134	1259	135.56
pairs_5aa34d6	1279	134.28
pairs_5eea37e	1297	183.96
pairs_65e8e69	1297	180.52999999999997
pairs_6a33a85	1270	136.63
pairs_6b5939e	1252	142.67000000000002
pairs_716ab83	1283	179.85
pairs_71e26cd	1252	141.55
pairs_747ad66	1298	192.37
pairs_773b447	1279	126.94
pairs_82e75c0	1299	188.0
pairs_8431190	1263	134.72
pairs_8751177	1290	191.14000000000001
pairs_8900996	1255	135.15
pairs_892746f	1299	192.53
pairs_8df248e	1283	190.26
pairs_9bde1d8	1302	185.23999999999998
pairs_9e82ae8	1293	192.82999999999998
pairs_9f8b86a	1280	135.65
pairs_a12c774	1252	136.07
pairs_a1ca80a	1306	186.49
pairs_a8d4799	1318	191.26
pairs_ac7a22f	1281	178.26999999999998
pairs_b083f74	1300	176.81
pairs_b176b3c	1278	138.32999999999998
pairs_bbf2223	1264	147.15
pairs_be69eae	1288	184.46
pairs_be988db	1262	144.91
pairs_bfdabf2	1309	178.48
pairs_c33dda9	1284	166.06
pairs_c86f715	1291	179.41
pairs_c8e681a	1278	143.89000000000001
pairs_cf53d34	1301	188.33999999999997
pairs_d42486e	1280	133.86
pairs_dc8cac3	1270	134.59
pairs_de33143	1318	192.81
pairs_e22606e	1320	194.94
pairs_fcfe876	1269	144.02
pools_3k_1665408	3107	1246.1899999999998
pools_3k_2e14736	3107	1211.02
pools_3k_3b6f2f7	3104	1211.51
pools_3k_42bbc95	3107	1216.67
pools_3k_6c3af72	3107	1207.53
pools_3k_7a358b4	3107	1209.23
pools_3k_c0645f6	3106	1197.7099999999998
pools_3k_c702ab9	3106	1199.6399999999999
pools_3k_cb66adc	3104	1211.27
pools_3k_d0b899f	3104	1209.25
pools_4k_2a190dc	4081	1741.0900000000001
pools_4k_5426b7c	4083	1723.81
pools_4k_aa1f5a2	4083	1697.8999999999999
pools_4k_b290030	4083	1701.19
pools_4k_cba7654	4082	1718.6100000000001
pools_4k_e8fba21	4082	1717.1100000000001
pairs_6a76180	2012	358.43
pairs_d3faac3	2011	331.43
pairs_dd930b8	2016	328.03
pairs_fa56654	2013	323.65
pools_2k_1192215	2014	327.84000000000003
pools_2k_164e6b4	2014	347.96999999999997
pools_2k_22d4d4a	2013	359.78999999999996
pools_2k_3b479b7	2017	333.60999999999996
pools_2k_5910f28	2017	331.32
pools_2k_6004693	2015	348.95000000000005
pools_2k_73de8fd	2017	358.45
pools_2k_8ea399e	2015	346.89
pools_2k_94e878f	2014	344.86
pools_2k_9b2588f	2015	339.94
pools_2k_9dae90d	2015	338.68
pools_2k_9f74ca9	2016	334.90000000000003
pools_2k_b383ffa	2017	358.83
pools_2k_b696c3f	2016	350.49
pools_2k_b6c2ef9	2011	330.03999999999996
pools_2k_bb11d2f	2017	342.98
pools_2k_c719fa4	2015	351.92
pools_2k_dda4a96	2014	351.79
pools_2k_e67a937	2012	345.41999999999996
pools_2k_f381f60	2017	321.89
pools_2k_f98b1d9	2012	359.81
pools_2k_ff4fc27	2013	342.44
pairs_b72a584	2082	558.16
pools_2k_07cb165	2080	526.52
pools_2k_1a8e33b	2082	549.26
pools_2k_249a102	2080	559.1800000000001
pools_2k_2a72f5d	2081	545.58
pools_2k_2e5465e	2081	558.03
pools_2k_318955c	2080	552.71
pools_2k_3d23bc3	2081	553.61
pools_2k_5ef081a	2080	530.74
pools_2k_6473d08	2080	555.16
pools_2k_6da193c	2080	555.99
pools_2k_992dec3	2081	541.09
pools_2k_a64e9cf	2080	555.96
pools_2k_bdd1a47	2081	552.41
pools_2k_c89e43d	2080	517.58
pools_2k_d48e88d	2081	538.74
pools_2k_d7c87b9	2082	545.37
pools_2k_de30fcb	2081	536.36
pools_2k_ec20018	2080	550.6700000000001
pools_2k_f5e790f	2081	541.1
pools_2k_f7e13ce	2081	541.8299999999999
pools_2k_f92234c	2081	525.18
pools_2k_f9df684	2080	532.0
pools_5k_0040f80	5103	3090.3399999999997
pools_5k_723ec54	5103	3054.75
pools_5k_b541af4	5104	3042.5699999999997
pools_3k_2c2c3c8	3002	887.58
pools_3k_5b1b770	3002	847.01
pools_3k_5ffa22a	3006	843.06
pools_3k_605aeb7	3006	853.25
pools_3k_81e5015	3006	829.46
pools_3k_a327c31	3000	859.57
pools_3k_b3cf4e8	2990	861.96
pools_3k_c3162d5	3000	834.16
pools_3k_c5aa5cf	2996	850.24
pools_3k_d0c21f1	3003	844.48
pools_3k_d99e005	3007	847.25
pools_4k_0d0507c	4079	1769.33
pools_4k_3f6c44f	4077	1723.3700000000001
pools_4k_4760e63	4078	1722.36
pools_4k_966f454	4080	1731.6799999999998
pools_4k_bf149fb	4078	1744.0
pools_4k_c8f956d	4078	1754.2
pools_5k_66bd9c1	5072	3154.3799999999997
pools_5k_6ef4129	5072	3118.51
pools_5k_a99bd4b	5070	3125.12
pools_5k_fcb9a7c	5072	3124.69
pools_5k_381d9da	5021	3074.1800000000003
pools_5k_5377acb	5022	3033.83
pools_5k_660625c	5022	3042.97
pools_5k_a06efaa	5023	3038.07
pools_3k_0c0ebdd	3018	842.48
pools_3k_0e09912	3017	854.15
pools_3k_0e9395b	3017	833.99
pools_3k_30cbca4	3017	853.25
pools_3k_3826ccf	3016	843.1199999999999
pools_3k_3cf99eb	3020	836.44
pools_3k_45d0867	3020	845.6199999999999
pools_3k_77fbff8	3019	850.6899999999999
pools_3k_9541057	3021	855.24
pools_3k_b33d702	3017	837.68
pools_3k_e45b532	3018	850.52
pairs_04f639a	1554	366.42
pairs_0697494	1588	334.35
pairs_0a5774b	1545	308.23
pairs_19d0567	1579	314.42999999999995
pairs_27c04cf	1559	328.41
pairs_33296b6	1554	311.21
pairs_34de92f	1555	308.78999999999996
pairs_406e0c1	1545	315.48
pairs_465973a	1538	311.3
pairs_547c249	1559	331.62
pairs_584e04f	1574	311.08
pairs_63fd511	1575	336.99
pairs_6cddc40	1597	332.87
pairs_7645d9b	1550	309.2
pairs_7727ca4	1588	340.34999999999997
pairs_7ae59d4	1600	317.75
pairs_7af4070	1579	332.54999999999995
pairs_7cbae82	1559	329.1
pairs_89f80f0	1567	310.75
pairs_9245112	1560	331.17999999999995
pairs_97466da	1585	309.61
pairs_9dc62f2	1554	335.99
pairs_a1729b0	1599	311.99
pairs_ae2ace9	1572	323.79
pairs_b18369b	1538	325.94
pairs_b30facc	1557	328.07
pairs_b3fc28c	1549	324.08
pairs_b829e7f	1587	337.25
pairs_c390a4a	1553	308.37
pairs_c5000e0	1567	336.22
pairs_d05c76f	1573	316.88
pairs_d10d8df	1588	314.08
pairs_d7075cc	1591	314.53
pairs_d79e62e	1539	307.78000000000003
pairs_d91e156	1544	310.41
pairs_e565e2b	1542	311.97
pairs_e5a4048	1587	324.36
pairs_e5b2f67	1537	332.33
pairs_f897bd7	1604	309.34000000000003
pairs_fd04603	1533	228.55
pairs_fe94763	1584	320.22999999999996
pools_2k_46e9f15	1583	339.05
pools_2k_76e9a91	1577	308.04999999999995
pools_5k_185d188	5063	3080.98
pools_5k_4bd15cd	5065	3047.56
pools_5k_77a47a7	5063	3075.02
pools_5k_92497cf	5064	3074.52
pools_3k_06ab459	3112	1241.05
pools_3k_3011678	3112	1233.33
pools_3k_5bc365d	3114	1219.8600000000001
pools_3k_63f313b	3113	1185.0500000000002
pools_3k_93c9095	3112	1202.18
pools_3k_af2c157	3113	1273.17
pools_3k_bea7170	3111	1224.47
pools_3k_cd9914b	3115	1239.9299999999998
pools_3k_db4fdaf	3115	1203.2
pools_3k_e796b16	3114	1212.98
pairs_1cf5b59	2114	574.79
pools_2k_036e5be	2116	556.43
pools_2k_0d4ebc1	2115	556.01
pools_2k_0dfb8b9	2114	565.64
pools_2k_2463552	2115	544.31
pools_2k_3dc79dc	2116	553.83
pools_2k_47c2267	2116	544.72
pools_2k_4f32e57	2113	547.23
pools_2k_5018e95	2114	561.18
pools_2k_508716e	2114	557.53
pools_2k_5e9845a	2116	562.0699999999999
pools_2k_71e0ea6	2115	558.72
pools_2k_8239e1c	2114	560.38
pools_2k_84456d5	2113	563.05
pools_2k_8f894d0	2116	566.5
pools_2k_91e751f	2114	570.6700000000001
pools_2k_a857a09	2115	553.4
pools_2k_b0f5677	2114	555.62
pools_2k_d81c448	2115	544.15
pools_2k_e47fa2f	2114	568.9200000000001
pools_2k_e7f10c0	2113	548.26
pools_2k_ec507bc	2113	547.03
pools_2k_ecae651	2114	549.44
pairs_0061302	722	93.21000000000001
pairs_01a0581	716	53.26
pairs_04378d4	725	48.38
pairs_05e36fe	732	59.62
pairs_071ef82	725	57.46000000000001
pairs_09c5741	719	61.67
pairs_0ad6472	728	59.6
pairs_0cc3dac	721	62.019999999999996
pairs_0d4fd21	723	62.57
pairs_0d5bab1	723	48.6
pairs_0d8e629	710	51.26
pairs_0def9b3	731	61.08
pairs_0e348cd	715	61.620000000000005
pairs_1170eb0	716	53.84
pairs_11cdfa1	721	60.72
pairs_13f4c53	719	55.71
pairs_1473f62	706	49.56
pairs_17905b1	707	61.269999999999996
pairs_17978c5	727	60.6
pairs_17a622b	739	63.55
pairs_17c3442	728	53.93000000000001
pairs_194f90a	713	52.97
pairs_209e364	716	55.1
pairs_2229d4d	731	53.94
pairs_22f52be	706	57.760000000000005
pairs_23d30ce	716	61.13
pairs_25d2fe1	707	47.49
pairs_26f1785	726	48.27
pairs_27ac20e	733	49.38
pairs_29a2ab7	730	48.07
pairs_2b5d5c3	704	58.43
pairs_2ba69d1	709	57.980000000000004
pairs_2d09ab7	738	58.98
pairs_3063ad9	731	59.34
pairs_31297f0	729	50.699999999999996
pairs_33013f3	733	58.739999999999995
pairs_3428e5e	732	52.75
pairs_3590404	706	56.300000000000004
pairs_36ae004	739	51.239999999999995
pairs_3886bdb	739	52.5
pairs_397b53d	720	60.34
pairs_3a627cf	729	59.93
pairs_3a7fc26	725	59.980000000000004
pairs_3b09b11	713	51.839999999999996
pairs_3ca079c	733	57.53
pairs_3eec69e	726	47.68
pairs_3f0d3ac	705	59.75
pairs_3f94e64	723	63.660000000000004
pairs_423ee7b	731	50.0
pairs_428ee61	739	50.809999999999995
pairs_440a505	721	56.989999999999995
pairs_44da379	714	48.07
pairs_459d612	719	51.989999999999995
pairs_464f934	735	61.879999999999995
pairs_46a4053	710	58.55
pairs_46d8173	707	60.480000000000004
pairs_4725404	725	60.31999999999999
pairs_4955f59	720	55.11
pairs_4b6334c	719	56.5
pairs_4ed499b	708	58.81999999999999
pairs_4f238d0	735	62.230000000000004
pairs_529d316	726	54.839999999999996
pairs_52b22b9	734	62.209999999999994
pairs_5342206	703	60.76
pairs_5802e63	735	61.33
pairs_58807fb	720	58.459999999999994
pairs_5a6452e	727	60.44
pairs_5e8be44	709	60.760000000000005
pairs_5f9500c	714	61.599999999999994
pairs_606b78b	721	61.410000000000004
pairs_65a0f59	703	60.31
pairs_6a7bf43	732	61.95
pairs_6b47344	703	57.739999999999995
pairs_6b8605e	738	62.120000000000005
pairs_6b9795a	712	58.44
pairs_6c6b630	704	60.21
pairs_6d097da	723	50.04
pairs_6d86877	721	61.22
pairs_6eeb05b	705	62.76
pairs_72560b5	707	63.69
pairs_75658dc	706	59.32000000000001
pairs_7724014	708	58.03
pairs_787365d	723	61.11
pairs_7da75f9	727	57.089999999999996
pairs_7da823b	734	47.559999999999995
pairs_7f6bf95	725	61.0
pairs_7fd8f85	730	53.709999999999994
pairs_828b4fb	724	54.98
pairs_8447ad9	731	58.19
pairs_8583aaf	712	58.27
pairs_8616cd6	717	54.050000000000004
pairs_87225c1	725	61.4
pairs_8936566	733	58.72
pairs_89f3553	738	61.45
pairs_8c512a8	715	60.17
pairs_8e319e7	731	63.650000000000006
pairs_8e8dab7	720	59.43000000000001
pairs_8e992d9	714	51.690000000000005
pairs_8ea2b34	720	52.989999999999995
pairs_909a8d3	713	59.760000000000005
pairs_90ce767	703	53.68
pairs_90fcafc	726	61.67
pairs_9148a5b	727	50.879999999999995
pairs_91cba31	714	58.44
pairs_91cf15f	733	62.010000000000005
pairs_91ef4ab	735	47.61
pairs_9341b1e	726	58.519999999999996
pairs_953546a	722	53.78
pairs_960eff6	722	60.45
pairs_9828e2a	717	53.230000000000004
pairs_98f8625	724	47.5
pairs_9ad0a39	720	47.92
pairs_9ee0ea0	715	60.47
pairs_a01bfba	724	60.83
pairs_a246ed2	722	51.02
pairs_a39d720	735	61.36
pairs_a4474c2	711	58.36
pairs_a5dd08a	717	60.11
pairs_a6490a9	726	59.65
pairs_a68eda1	734	61.480000000000004
pairs_a74a899	727	61.47
pairs_a8e9ef3	736	61.22
pairs_aa05186	719	58.480000000000004
pairs_ae0c7c8	731	52.56
pairs_aee2b0f	715	59.160000000000004
pairs_af945d8	716	47.52
pairs_b036e17	717	59.69
pairs_b54adb1	712	48.07
pairs_b60b9da	703	47.269999999999996
pairs_b873e05	716	61.660000000000004
pairs_baf43f4	706	59.61
pairs_bba08c1	736	61.39
pairs_bea68f1	720	53.669999999999995
pairs_bf55704	728	51.9
pairs_c126c12	734	53.32
pairs_c226a76	726	57.06
pairs_c521e02	722	61.480000000000004
pairs_c52faea	724	61.8
pairs_c661b75	723	61.150000000000006
pairs_c88b858	719	61.21000000000001
pairs_c947f73	738	47.59
pairs_c9875ba	727	58.730000000000004
pairs_cb52d95	705	56.83
pairs_cc49583	713	58.81
pairs_cd0c678	734	58.5
pairs_cf79f01	723	60.38
pairs_d1472aa	708	47.7
pairs_d1b1765	724	60.79
pairs_d3b49bc	730	62.239999999999995
pairs_d5a8bcc	728	49.21
pairs_d605013	707	59.21000000000001
pairs_d66fbbf	734	58.96
pairs_d87eb5d	720	56.650000000000006
pairs_d8dcad8	726	62.28
pairs_d9430ae	719	56.94
pairs_da33132	714	61.61
pairs_dbb11b5	704	57.09
pairs_dbfdac4	717	59.370000000000005
pairs_ddff560	726	50.35
pairs_de6e94f	708	62.42999999999999
pairs_de867fc	718	55.830000000000005
pairs_defdd84	734	52.739999999999995
pairs_e04a8e1	726	59.55
pairs_e78f976	730	47.690000000000005
pairs_e85f57e	707	49.05
pairs_e9ac775	728	58.510000000000005
pairs_eaf928d	710	59.03
pairs_eb02fa8	736	60.160000000000004
pairs_ed203fd	728	48.66
pairs_eec1e51	713	61.44
pairs_f1ae6c0	736	58.64
pairs_f34af0b	713	54.71
pairs_f3fcfde	727	56.81
pairs_f4d7365	736	60.42
pairs_f4da9a0	704	56.69
pairs_f689f8c	727	61.01
pairs_f78f49b	705	50.35
pairs_f7eadaa	736	60.29
pairs_fa823ee	726	61.839999999999996
pairs_faa44a8	726	61.92
pairs_fb60ffc	706	58.33
pairs_fd03cca	725	62.199999999999996
pairs_fe04839	734	58.650000000000006
pairs_fefeba6	709	50.730000000000004
pairs_ff6cc27	726	62.239999999999995
pairs_01e0272	1698	365.80999999999995
pairs_03885a6	1633	330.92999999999995
pairs_09f0925	1640	320.63
pairs_0f6ac13	1618	315.8
pairs_18c7f8a	1663	337.84000000000003
pairs_207b706	1668	320.77
pairs_3309987	1653	310.38
pairs_41dcda1	1608	318.77000000000004
pairs_4668cbb	1629	323.93
pairs_4d5b9f4	1701	346.28
pairs_4f8cb35	1676	345.39
pairs_5064f04	1680	343.49
pairs_5e48308	1689	343.40999999999997
pairs_67e9f72	1641	326.81
pairs_6d7b6bf	1693	312.85
pairs_7137f97	1678	311.04
pairs_840f2b1	1655	343.07
pairs_84dedf7	1625	336.11
pairs_872cf95	1628	312.41
pairs_87a7643	1623	320.27
pairs_98c6bf9	1682	333.56
pairs_9b00f33	1622	340.05999999999995
pairs_a305c61	1653	312.73999999999995
pairs_a8db747	1659	318.52
pairs_b95163a	1609	318.66
pairs_c84d777	1696	314.75
pairs_ca12822	1612	313.34000000000003
pairs_d45d0b7	1616	326.31
pairs_e46ffe5	1611	313.54
pairs_e968974	1609	344.96000000000004
pairs_ebe7684	1669	324.3
pairs_f11a364	1685	321.53999999999996
pools_2k_256e003	1698	336.51
pools_2k_3dbc900	1628	342.10999999999996
pools_2k_5beb2e2	1641	340.19
pools_2k_7109d13	1654	327.76
pools_2k_92ab815	1669	340.9
pools_2k_a544bd5	1637	328.55
pools_2k_b444820	1676	322.64
pools_4k_2f1459e	4065	1716.0600000000002
pools_4k_4662bbb	4066	1664.3600000000001
pools_4k_6181f7f	4064	1689.76
pools_4k_9b92c0a	4064	1692.5700000000002
pools_4k_a5ebead	4065	1694.1599999999999
pools_4k_fc031cf	4066	1686.3600000000001
pairs_014a33a	2611	829.6
pairs_1de8d73	2511	573.4
pairs_4304540	2700	811.91
pairs_432bfd2	2713	804.92
pairs_7dafab8	2679	813.99
pairs_9f075aa	2640	792.12
pairs_a1c0622	2524	539.18
pairs_b832cee	2586	803.7199999999999
pairs_c376ade	2519	543.29
pairs_d84e163	2490	542.89
pools_2k_97f04ea	2497	524.23
pools_2k_b7f9020	2562	814.5300000000001
pools_2k_dc31f5d	2714	788.77
pools_3k_8b2356b	2694	808.36
pools_3k_ea85f7b	2548	524.12
pairs_013307e	2422	559.79
pairs_0210663	2425	517.97
pairs_0966627	2361	514.71
pairs_1707200	2464	534.51
pairs_1a0ed19	2469	517.27
pairs_2661778	2424	532.14
pairs_379d593	2451	514.52
pairs_3d60eae	2394	530.99
pairs_767b1ed	2355	533.09
pairs_82d33ac	2444	529.05
pairs_84fe368	2390	533.4200000000001
pairs_902498b	2397	528.38
pairs_d4d9388	2485	528.38
pairs_d7a02fd	2374	524.64
pools_2k_453f06c	2426	537.6
pools_2k_f13dcc0	2345	540.14
pools_3k_49fd18d	2352	546.38
pools_4k_2c51a34	4108	2284.7000000000003
pools_4k_7498651	4107	2267.87
pools_4k_8f94f4e	4106	2265.42
pools_4k_bc369fb	4106	2255.8199999999997
pools_4k_debd2a8	4107	2269.3
pools_5k_2f4ebb0	5000	3002.1800000000003
pools_5k_2ff4cd2	5001	2964.92
pools_5k_b830a41	5000	2939.3
pools_4k_12107d4	4043	1719.5700000000002
pools_4k_1f32eb5	4042	1720.3999999999999
pools_4k_47eaa82	4043	1707.8700000000001
pools_4k_4d1cfc1	4042	1703.93
pools_4k_f4065f1	4043	1719.61
pools_4k_f95a938	4043	1711.0100000000002
pairs_7916dd2	2947	825.05
pairs_bbf46e7	2918	809.12
pools_3k_3c73883	2985	815.63
pools_3k_3d4f0ea	2980	849.26
pools_3k_4ab79f5	2948	843.72
pools_3k_772a28b	2975	840.52
pools_3k_8786133	2946	819.98
pools_3k_bf8ef26	2985	846.41
pools_3k_c4721bc	2977	812.1800000000001
pools_3k_e9174b5	2977	854.15
pools_4k_1bb3312	2952	826.5799999999999
pools_4k_1ad2f14	4034	1762.28
pools_4k_2bf8ee7	4034	1769.3999999999999
pools_4k_5581561	4034	1766.76
pools_4k_803c110	4032	1737.62
pools_4k_84a5f5e	4033	1748.54
pools_4k_f996355	4032	1758.8700000000001
pools_5k_15fda8d	5111	3068.81
pools_5k_5a6844e	5111	3030.78
pools_5k_fbe639b	5111	3028.71
pools_4k_39a6e23	4091	1701.34
pools_4k_3df0a0d	4090	1682.3899999999999
pools_4k_4cb1c02	4090	1670.78
pools_4k_c1806c4	4091	1679.3
pools_4k_d53168b	4091	1667.6799999999998
pools_4k_f4c5635	4091	1673.2399999999998
pools_4k_1ca4962	4039	1720.54
pools_4k_457a32e	4036	1705.62
pools_4k_4c17ee7	4039	1694.8500000000001
pools_4k_af3fda4	4035	1692.6999999999998
pools_4k_d35a488	4035	1656.48
pools_4k_ff762e0	4034	1682.73
pairs_8386243	2100	561.3100000000001
pools_2k_07ee6e7	2099	523.99
pools_2k_0871a5c	2100	530.51
pools_2k_11458ff	2098	550.61
pools_2k_1d90b1c	2098	527.42
pools_2k_2c9e1b6	2097	532.36
pools_2k_39538a4	2098	543.21
pools_2k_3b5b1a8	2099	522.59
pools_2k_4b283bc	2097	536.75
pools_2k_6553ca9	2100	537.8199999999999
pools_2k_6b8bdea	2099	538.77
pools_2k_74a52cc	2099	533.41
pools_2k_7b8a473	2098	540.96
pools_2k_7c45ce3	2100	528.34
pools_2k_94a0e39	2099	552.18
pools_2k_9558409	2100	552.39
pools_2k_9b2085b	2099	540.49
pools_2k_ad89f40	2100	543.69
pools_2k_af2c907	2098	533.22
pools_2k_c6bd7c6	2098	547.41
pools_2k_c79a52c	2100	531.1800000000001
pools_2k_ce148df	2097	545.1
pools_2k_d4bda2a	2097	545.38
pools_2k_e31ce7a	2099	549.88
pairs_007a3ac	636	89.61999999999999
pairs_0578cc3	651	58.63
pairs_05d0e98	622	57.8
pairs_06ade5d	648	55.4
pairs_06f058d	622	55.38
pairs_07e2970	631	54.09
pairs_08a7afc	645	55.86
pairs_09a9c6a	647	49.980000000000004
pairs_09ff05c	633	46.51
pairs_0a1409c	622	46.93
pairs_0f336c4	630	46.54
pairs_11ac9d5	626	53.790000000000006
pairs_11c4ebd	649	59.04
pairs_139091f	644	55.39
pairs_15d53c9	659	50.989999999999995
pairs_15d71ce	658	57.92
pairs_15e5cd5	634	49.3
pairs_15feb43	621	57.95
pairs_163de9b	637	57.89
pairs_1646532	625	46.29
pairs_168f27b	642	55.89
pairs_16a7ef5	627	54.01
pairs_17a3712	659	59.07
pairs_1974847	647	48.23
pairs_1c9efb2	632	58.95
pairs_1e29017	641	56.15
pairs_1f08d75	656	59.449999999999996
pairs_2223ba9	660	50.13
pairs_2334740	622	49.83
pairs_24dfd05	646	49.36
pairs_2538f96	631	58.879999999999995
pairs_2713f27	656	58.760000000000005
pairs_279771d	655	59.32
pairs_29b75c7	649	50.47
pairs_29c84f7	619	46.62
pairs_2a47803	620	52.120000000000005
pairs_2b61638	640	57.32
pairs_2bbc138	661	59.269999999999996
pairs_2d239ea	649	46.83
pairs_2e01b14	658	49.59
pairs_2ecd7c5	646	55.29
pairs_2fe5fee	635	58.97
pairs_2fe84f0	659	53.72
pairs_340ad46	653	48.64
pairs_34bf333	624	55.6
pairs_355e0f7	623	58.95
pairs_35ea5f0	621	46.78
pairs_36d113d	618	46.53
pairs_373efb0	654	57.989999999999995
pairs_37ed8a8	658	47.1
pairs_3989aa4	646	58.93000000000001
pairs_3a1454b	622	56.63
pairs_3ad07a2	620	55.25
pairs_3d118ad	642	54.56
pairs_3d564d2	622	56.81999999999999
pairs_410f5ab	656	47.79
pairs_425459a	658	59.88
pairs_445a794	635	56.09
pairs_4481c74	623	46.230000000000004
pairs_449bb90	659	56.97
pairs_45991c7	647	55.300000000000004
pairs_47361fe	621	56.019999999999996
pairs_4896e0d	627	49.44
pairs_4919539	658	50.589999999999996
pairs_4963eb6	657	55.76
pairs_4b8fae5	619	45.76
pairs_4e03fa6	624	47.17
pairs_4e6494a	643	51.18000000000001
pairs_4ed6ee2	658	54.12
pairs_53276d1	624	55.3
pairs_535720a	619	46.230000000000004
pairs_56f2fb7	633	49.23
pairs_57903c6	650	58.17
pairs_57c235d	658	59.6
pairs_58daa65	652	46.87
pairs_59c0e9d	633	46.34
pairs_5a08728	660	58.43000000000001
pairs_5a0a615	652	47.56
pairs_5bcbc07	648	52.879999999999995
pairs_5cb7638	634	58.46000000000001
pairs_5f40297	625	58.68
pairs_6487e0f	650	58.7
pairs_655c6c4	632	55.33
pairs_659f82a	622	55.1
pairs_65a38f7	657	59.39
pairs_65cf964	635	56.67
pairs_664c22a	662	56.730000000000004
pairs_6718ea7	635	46.62
pairs_67c731a	635	57.68
pairs_68f4754	652	59.83
pairs_6a1bb46	638	59.160000000000004
pairs_6b32ed9	638	46.73
pairs_6c25f57	621	58.66
pairs_6de7ae3	642	51.13
pairs_7141ece	657	53.89
pairs_71a635b	628	54.3
pairs_72b7309	659	57.64
pairs_72f6f5d	626	46.370000000000005
pairs_730b7f8	650	57.44
pairs_736fc0a	646	58.82000000000001
pairs_752e0f2	651	57.31999999999999
pairs_75c28cf	653	58.35
pairs_7690909	629	58.66
pairs_76c59d1	646	54.31
pairs_76fae2e	641	59.53
pairs_7acce28	620	50.440000000000005
pairs_7acff05	631	51.15
pairs_7d7f67b	661	51.18
pairs_80b00dc	640	58.54
pairs_8116c00	648	57.540000000000006
pairs_83153ef	654	54.82
pairs_8493ea7	660	55.88
pairs_853fbd1	631	58.33
pairs_8568834	619	56.03
pairs_85eb3d0	630	51.82
pairs_8793db3	638	55.0
pairs_88b9499	653	46.07
pairs_88ef24a	657	58.2
pairs_88f4bd8	643	55.18
pairs_898ba11	660	58.019999999999996
pairs_8a49d3f	625	55.07
pairs_8af77d1	646	53.77
pairs_8c24bee	649	56.96
pairs_8ca7b9e	659	58.68
pairs_8e4acca	644	46.89
pairs_8e628eb	653	58.480000000000004
pairs_8ed473c	655	55.410000000000004
pairs_919beb4	662	57.06
pairs_91dde45	638	47.23
pairs_935441a	660	58.53
pairs_93aec05	639	58.45
pairs_93c0177	628	50.5
pairs_93d7530	653	59.620000000000005
pairs_97cb2a1	627	57.81
pairs_9855fc9	644	56.230000000000004
pairs_9dbac6b	646	55.769999999999996
pairs_9fcefbf	654	55.92
pairs_a1350f0	662	58.980000000000004
pairs_a2ab512	661	55.980000000000004
pairs_a338c95	634	52.519999999999996
pairs_a35768d	657	47.4
pairs_a6be079	659	59.48
pairs_a7b8d0b	646	52.01
pairs_a923d8e	645	46.57
pairs_a9c2f8a	651	54.42
pairs_aa256e0	644	57.93
pairs_aa4416c	660	53.879999999999995
pairs_ab36810	631	51.49
pairs_ab6a8fc	640	48.14
pairs_ad25b6b	657	49.29
pairs_adbfd7d	622	57.120000000000005
pairs_aea9793	621	48.61
pairs_b05e436	618	57.65
pairs_b1ad301	631	56.81999999999999
pairs_b1c025e	628	47.71
pairs_b227e5a	626	46.57
pairs_b2e0824	623	58.76
pairs_b307335	654	47.19
pairs_b31f9e2	658	59.28
pairs_b4df40b	662	58.66
pairs_b538ad0	652	53.01
pairs_b612999	660	56.7
pairs_b6704a5	658	52.76
pairs_b6bb41d	622	52.5
pairs_b932f9d	624	48.93
pairs_babd23d	626	58.89
pairs_bb78fa5	652	48.44
pairs_bbbafdb	655	57.48
pairs_bc3818c	661	56.02
pairs_bc56958	624	51.400000000000006
pairs_bcc8ed8	634	54.09
pairs_bdba6fa	660	59.6
pairs_bddaf01	633	56.43
pairs_c298bcf	654	49.98
pairs_c491506	655	49.49
pairs_c601564	647	58.28999999999999
pairs_c92717f	624	53.11
pairs_ca14b03	637	56.34
pairs_cac2f19	630	57.480000000000004
pairs_cc0cb46	630	58.42
pairs_ccbefab	621	56.75
pairs_cd21fdb	656	52.44
pairs_ce51daa	625	50.27
pairs_d0b5212	657	52.25
pairs_d3fc7a0	631	57.629999999999995
pairs_d47a816	635	58.66
pairs_d5a2f28	620	56.300000000000004
pairs_d86fcef	639	57.480000000000004
pairs_d94e781	662	48.760000000000005
pairs_d9cb1cc	634	54.33
pairs_da4c70d	628	55.91
pairs_da875cd	653	52.349999999999994
pairs_daed8bb	643	55.86
pairs_dd79c07	647	58.620000000000005
pairs_ddceed3	652	51.510000000000005
pairs_dec1e04	633	56.599999999999994
pairs_dfce9fd	620	56.28
pairs_e05b9e0	625	51.17
pairs_e0d4e61	641	47.57
pairs_e23589f	625	47.03
pairs_e23798f	622	46.53
pairs_e3b9a3c	644	52.98
pairs_e60ce07	625	50.480000000000004
pairs_e65e2e1	642	53.68000000000001
pairs_e70dc61	622	50.16
pairs_e9cb288	620	58.27
pairs_eaf4c0b	640	52.88
pairs_ed038af	646	48.47
pairs_ef2f26b	650	50.230000000000004
pairs_f160f2f	651	55.99
pairs_f33fea6	637	56.5
pairs_f7045e9	641	58.510000000000005
pairs_f7d39c0	622	57.120000000000005
pairs_f865fc3	657	56.60000000000001
pairs_fe4b2a3	630	56.9
pairs_fe725c5	624	55.36
pairs_3d93019	2041	347.44000000000005
pairs_8323780	2040	325.39
pools_2k_0366f79	2042	348.01000000000005
pools_2k_292e8d8	2041	341.94
pools_2k_2dc76c2	2039	346.16999999999996
pools_2k_38b34ce	2041	351.07
pools_2k_3d5adcd	2039	348.13
pools_2k_41e2f47	2043	346.21000000000004
pools_2k_6b250cc	2043	336.69000000000005
pools_2k_736b57c	2042	339.95
pools_2k_74209b3	2043	338.06
pools_2k_80687cb	2042	335.64
pools_2k_9427c21	2041	326.32
pools_2k_9ea8a20	2043	342.6
pools_2k_b4497d3	2042	348.15
pools_2k_b77ca8c	2042	325.91999999999996
pools_2k_bd575e7	2041	329.57
pools_2k_cd6d0a6	2043	335.73
pools_2k_ce92fd4	2040	344.59999999999997
pools_2k_d1f5fa2	2043	336.22999999999996
pools_2k_dd49b31	2042	329.11
pools_2k_e87a089	2040	353.72
pools_2k_f55101e	2041	350.49
pools_3k_e79311c	2042	323.83000000000004
pools_5k_5338d4c	5032	3108.9300000000003
pools_5k_5d5e4ba	5031	3055.4700000000003
pools_5k_bf1dcf9	5032	3052.03
pools_4k_024dab7	4084	1721.3500000000001
pools_4k_057146f	4085	1725.24
pools_4k_4242ea6	4085	1677.37
pools_4k_787cea2	4085	1708.2199999999998
pools_4k_928d13b	4085	1691.91
pools_4k_db89907	4084	1698.16
pools_4k_474a9e7	4113	2317.15
pools_4k_4f44ca9	4110	2274.93
pools_4k_62249c7	4112	2275.67
pools_4k_746307d	4112	2297.98
pools_4k_b438a24	4113	2272.2799999999997
pools_5k_a824d15	5006	3072.73
pools_5k_d4953e6	5008	3046.0499999999997
pools_5k_ef03e93	5007	3058.02
pools_3k_277b81b	3046	903.9100000000001
pools_3k_2adc179	3047	848.35
pools_3k_6716772	3046	858.6
pools_3k_78bd9d4	3048	838.21
pools_3k_a261b64	3047	859.16
pools_3k_a4b98fa	3045	858.99
pools_3k_a6805fe	3048	831.18
pools_3k_a9a328f	3048	845.5300000000001
pools_3k_bd70a29	3047	860.3299999999999
pools_3k_c3abaf6	3046	858.0999999999999
pools_3k_07553f6	3111	1224.0400000000002
pools_3k_0fc8a2d	3110	1202.1
pools_3k_14cf835	3109	1216.44
pools_3k_38d473a	3110	1187.6000000000001
pools_3k_6bd7033	3108	1216.44
pools_3k_b743c75	3111	1209.53
pools_3k_b96e6b4	3109	1189.92
pools_3k_bf7ff17	3108	1198.45
pools_3k_d24986a	3109	1205.0400000000002
pools_3k_ef02646	3111	1194.9
pools_5k_4cb16fd	5081	3163.99
pools_5k_556b10a	5081	3124.74
pools_5k_e6e96d9	5080	3118.48
pools_5k_19fc40d	5109	3108.77
pools_5k_41867a8	5109	3066.46
pools_5k_7ecf09e	5109	3080.63
pools_5k_c0435c9	5109	3084.64
pools_5k_5ebc761	5009	3086.83
pools_5k_c8050fc	5008	3045.9
pools_5k_cff4570	5008	3018.2400000000002
pools_5k_fd184bc	5011	3006.4300000000003
pools_5k_0f490df	5113	3129.09
pools_5k_92f5d91	5113	3118.92
pools_5k_fd8e615	5113	3091.3300000000004
pools_5k_28fab1c	5039	3145.44
pools_5k_58858cb	5039	3120.11
pools_5k_f94dec8	5040	3105.49
pools_5k_3f8c58f	5110	3044.97
pools_5k_c191224	5110	3026.27
pools_5k_fc6d21b	5110	3041.86
pairs_0076b25	237	43.0
pairs_01cca4b	175	10.92
pairs_02fd439	249	13.21
pairs_03371b8	286	52.11
pairs_035134f	306	29.13
pairs_0513395	145	11.510000000000002
pairs_05f5d8e	295	24.099999999999998
pairs_0732a02	183	10.69
pairs_076d9c3	251	10.969999999999999
pairs_089d57d	214	10.27
pairs_0a7c8d1	255	12.16
pairs_0b70783	313	29.5
pairs_0cbeecc	228	10.84
pairs_0d51582	265	25.33
pairs_0d8cf32	238	11.22
pairs_0dc4125	273	23.259999999999998
pairs_0e8b22f	238	13.09
pairs_0f4acaf	247	14.350000000000001
pairs_0febd87	298	25.1
pairs_1101e1f	139	9.76
pairs_1121963	245	14.469999999999999
pairs_12c78b8	284	23.5
pairs_1330f2b	308	27.14
pairs_1342f66	288	25.41
pairs_14156ff	273	26.83
pairs_149a111	221	13.68
pairs_14fc7e7	313	25.12
pairs_15291fa	239	12.96
pairs_19eb534	307	26.73
pairs_1a45d94	253	11.54
pairs_1aeb55c	310	23.8
pairs_1b24279	236	12.120000000000001
pairs_1b383bd	266	23.89
pairs_1c033b8	304	24.18
pairs_1f64d3f	179	12.14
pairs_206ac14	215	10.94
pairs_211823a	234	11.48
pairs_2139f86	174	12.75
pairs_251df4b	288	26.729999999999997
pairs_268c3a4	308	23.990000000000002
pairs_2a070fd	285	23.799999999999997
pairs_2a1ebe0	212	12.59
pairs_2a456c7	230	13.07
pairs_2b07052	289	23.95
pairs_2ccaba2	315	23.67
pairs_2cf10c4	185	11.33
pairs_2debcd3	288	26.11
pairs_2e7b03c	308	25.09
pairs_2f3e5e8	304	26.65
pairs_2f6ee9b	228	10.600000000000001
pairs_30ca565	280	27.61
pairs_314aaf0	282	25.729999999999997
pairs_319fa73	261	23.33
pairs_338ad46	269	25.91
pairs_3414ad8	314	24.1
pairs_343db9f	236	10.91
pairs_34d23ed	303	24.39
pairs_34da61b	305	27.13
pairs_360db08	246	10.95
pairs_367c0ec	305	27.25
pairs_377c606	209	10.5
pairs_37b9166	315	25.8
pairs_37fc590	314	29.15
pairs_3968544	303	26.66
pairs_39b9d9b	286	28.029999999999998
pairs_39cec31	312	28.450000000000003
pairs_3a9dc9a	284	25.290000000000003
pairs_3ca84b0	279	23.45
pairs_3d5596a	294	26.28
pairs_3dc3c9f	259	28.0
pairs_3f74bc0	252	14.86
pairs_3f8f72b	218	11.709999999999999
pairs_40413f1	162	10.020000000000001
pairs_405c6ea	206	11.03
pairs_41b86d0	305	24.71
pairs_41bbe4c	205	10.55
pairs_4227c33	290	26.87
pairs_423159f	199	10.299999999999999
pairs_42c345e	256	13.82
pairs_4307864	301	23.88
pairs_43d866b	293	26.97
pairs_43e5146	304	25.4
pairs_4457376	286	23.790000000000003
pairs_44a8bc0	287	25.07
pairs_44e21bc	283	25.39
pairs_45128dd	261	23.650000000000002
pairs_4576af4	300	23.770000000000003
pairs_4853462	257	23.13
pairs_486c813	297	28.29
pairs_4905130	300	26.42
pairs_4a10f99	313	27.509999999999998
pairs_4a2fbf1	267	24.0
pairs_4b7c47d	273	25.169999999999998
pairs_4bb55ed	260	25.33
pairs_4c0f26b	291	23.75
pairs_4ca7aa3	304	24.88
pairs_4d7c588	308	27.25
pairs_4e787cf	202	12.53
pairs_4eb2c2d	214	12.49
pairs_4f2f321	287	27.5
pairs_4f3dbbf	275	26.28
pairs_507daff	315	28.560000000000002
pairs_518905c	288	23.47
pairs_521a30a	261	25.340000000000003
pairs_529a002	276	27.64
pairs_5328a7f	230	14.4
pairs_533e5b4	316	24.28
pairs_54100a6	266	26.07
pairs_5419ea8	252	14.09
pairs_54bce35	210	13.93
pairs_5561383	273	25.25
pairs_55c2f88	316	29.92
pairs_55dbae9	269	25.770000000000003
pairs_561fcf1	315	29.38
pairs_570b42c	275	23.42
pairs_58801c8	307	28.59
pairs_5b1c789	285	26.03
pairs_5b45034	295	27.259999999999998
pairs_5b70716	245	11.91
pairs_5c008d9	246	13.370000000000001
pairs_5dd8086	310	25.92
pairs_5e11557	298	25.970000000000002
pairs_6006d2a	240	13.44
pairs_61f7de6	316	28.82
pairs_62a06b7	278	25.759999999999998
pairs_62e7873	260	23.700000000000003
pairs_630e521	241	13.27
pairs_652ba2c	284	26.06
pairs_660b301	168	10.75
pairs_67019ae	300	26.200000000000003
pairs_6710a54	291	28.0
pairs_6794438	238	10.93
pairs_68e7f5a	284	23.259999999999998
pairs_694a407	255	10.95
pairs_6a8f986	306	24.0
pairs_6bdf907	214	12.78
pairs_6c07a14	296	27.880000000000003
pairs_6c3c378	249	14.88
pairs_6c55de9	289	27.130000000000003
pairs_6cec097	259	24.549999999999997
pairs_6f6ea99	164	13.18
pairs_71fccee	224	11.16
pairs_7487f0c	251	14.190000000000001
pairs_74cee23	247	11.0
pairs_75c22e2	246	13.24
pairs_75f962d	283	27.52
pairs_775d79d	288	23.4
pairs_7ac082f	208	11.719999999999999
pairs_7bdaea8	174	10.45
pairs_7c0047d	178	13.23
pairs_7d02334	310	24.259999999999998
pairs_7db21f9	265	27.669999999999998
pairs_7e0a8c1	246	12.89
pairs_7e0e325	292	27.29
pairs_7e6cfd1	302	25.9
pairs_7e6fc76	251	11.29
pairs_81a9cdb	295	28.84
pairs_81cc01e	199	12.41
pairs_83a1f02	258	23.23
pairs_8499b42	170	11.34
pairs_85eeb18	267	26.41
pairs_8603a15	237	10.66
pairs_8831b23	309	28.56
pairs_8a67732	234	13.97
pairs_8cd2c6f	297	25.63
pairs_8d833de	299	27.61
pairs_8e8e77c	283	23.35
pairs_8ea9d05	285	26.700000000000003
pairs_8fe4919	294	26.6
pairs_904029f	308	24.05
pairs_90647c6	212	12.219999999999999
pairs_90e45f9	237	12.68
pairs_9202a7d	275	23.67
pairs_95bbbe5	173	10.59
pairs_9602692	294	28.700000000000003
pairs_977b991	274	26.029999999999998
pairs_98dd416	312	25.9
pairs_997a832	204	11.379999999999999
pairs_9a7f36f	291	27.59
pairs_9ae93d6	287	28.419999999999998
pairs_9b2ff39	313	26.14
pairs_9b7651f	187	10.16
pairs_9c0a694	293	25.54
pairs_9cbdc6a	270	26.09
pairs_9cfca34	310	27.759999999999998
pairs_9d77ccf	296	23.69
pairs_9ec61d8	299	27.09
pairs_9f47141	208	13.23
pairs_9fb05e4	306	23.75
pairs_9fd7ac4	256	11.37
pairs_a0413b7	269	26.14
pairs_a0765ad	244	12.440000000000001
pairs_a0854b2	303	27.07
pairs_a13344c	210	10.6
pairs_a184a06	314	28.21
pairs_a26820b	302	24.4
pairs_a569a56	172	10.129999999999999
pairs_a73ad3d	194	13.830000000000002
pairs_ab1841a	248	15.27
pairs_ab778c0	251	15.4
pairs_ab786d9	292	25.82
pairs_ac7c104	277	27.85
pairs_af51490	286	24.65
pairs_afd4e8d	219	14.0
pairs_b0c8d17	311	26.080000000000002
pairs_b0dc3d3	279	28.42
pairs_b0e6075	281	26.93
pairs_b11f187	258	26.73
pairs_b120851	183	13.37
pairs_b16a45e	312	26.880000000000003
pairs_b1714c3	277	25.81
pairs_b301d5e	243	13.81
pairs_b3763c3	187	12.66
pairs_b522591	244	14.14
pairs_b53e137	252	13.1
pairs_b5cf896	274	23.75
pairs_b61c130	275	26.009999999999998
pairs_b666f58	295	27.64
pairs_b6c1b83	284	25.86
pairs_b8321f8	277	23.349999999999998
pairs_b8912ac	291	24.259999999999998
pairs_b8a523b	226	14.459999999999999
pairs_ba33d08	244	11.899999999999999
pairs_ba98499	299	23.49
pairs_bae4b37	304	28.340000000000003
pairs_bb4add2	245	11.32
pairs_bc14969	259	23.77
pairs_bc267d3	257	23.79
pairs_bc35ea0	285	28.43
pairs_bca6d43	283	28.04
pairs_bcd060e	147	10.129999999999999
pairs_bdc1178	260	26.66
pairs_bdf3cfa	114	9.76
pairs_bee1681	290	25.92
pairs_bf11eb4	285	23.41
pairs_c25e3f3	293	27.04
pairs_c2a4e57	279	26.639999999999997
pairs_c3f416e	264	23.439999999999998
pairs_c3f897c	316	24.28
pairs_c405cdb	213	10.559999999999999
pairs_c416617	248	11.34
pairs_c4340af	311	27.71
pairs_c5140e2	306	25.919999999999998
pairs_c528271	273	23.4
pairs_c589ab7	239	14.98
pairs_c592f37	294	28.39
pairs_c5a282b	314	23.64
pairs_c652349	216	11.2
pairs_c71d7ef	257	26.229999999999997
pairs_cc7cf40	314	24.31
pairs_cca2a86	248	15.149999999999999
pairs_cd3225e	276	23.27
pairs_ce2ee75	281	23.47
pairs_ce4696b	251	14.13
pairs_d054c1f	255	14.010000000000002
pairs_d13f3ab	288	25.77
pairs_d22abcc	253	13.3
pairs_d237feb	298	29.35
pairs_d24641c	298	24.28
pairs_d3994b5	212	13.829999999999998
pairs_d3a7523	314	24.58
pairs_d41e696	99	9.74
pairs_d5ab192	237	13.14
pairs_d6776d7	297	25.42
pairs_d753776	278	28.29
pairs_d832355	315	28.119999999999997
pairs_d9f77c1	280	25.66
pairs_da37298	263	27.07
pairs_da3ee64	244	11.38
pairs_daa900a	223	12.82
pairs_dbbeffb	177	10.1
pairs_dc2981c	243	11.35
pairs_dc93926	247	10.9
pairs_dc93af8	184	10.56
pairs_dcba59e	233	11.28
pairs_ddfbd21	275	25.64
pairs_de84b45	277	24.009999999999998
pairs_df1d660	203	13.0
pairs_df7024b	137	10.120000000000001
pairs_dfa644f	284	24.22
pairs_dfa7852	313	27.26
pairs_e098d32	306	24.6
pairs_e15dd58	274	25.23
pairs_e1fdaef	284	26.51
pairs_e29a05a	218	12.870000000000001
pairs_e2dc72a	143	10.76
pairs_e335d53	275	23.65
pairs_e389621	242	11.54
pairs_e49ea9e	240	11.38
pairs_e4c9f17	250	14.469999999999999
pairs_e594b4d	298	23.81
pairs_e5b0b6f	247	13.59
pairs_e641eb6	254	15.0
pairs_e690f6d	243	15.809999999999999
pairs_e6abdb4	285	26.349999999999998
pairs_e810e3a	291	28.89
pairs_e9af51f	139	12.25
pairs_ead8a8d	235	11.72
pairs_eb02049	275	26.009999999999998
pairs_ec23b93	262	23.330000000000002
pairs_ecf024a	250	12.59
pairs_eda585e	313	26.99
pairs_eea68e3	227	12.379999999999999
pairs_ef93c88	304	26.93
pairs_f15c1e8	188	10.559999999999999
pairs_f19c804	215	10.94
pairs_f1c95cc	265	23.13
pairs_f2a1eed	278	25.44
pairs_f40b312	297	27.46
pairs_f415d55	229	11.41
pairs_f54fbf1	165	10.53
pairs_f556531	287	23.47
pairs_f6be51b	273	24.48
pairs_f72263a	301	28.42
pairs_f79b2ed	278	23.47
pairs_f906d79	296	23.64
pairs_f92fa47	200	10.93
pairs_f989893	213	10.59
pairs_f9f6cb1	198	10.54
pairs_fbaf0cb	303	28.95
pairs_fc41477	208	12.65
pairs_fd1d4ce	301	25.22
pairs_fd5dd0a	270	23.39
pairs_fe88dff	256	13.670000000000002
pairs_ffdfb20	190	10.5
pools_3k_2982b8d	3116	1232.6499999999999
pools_3k_30c63df	3115	1192.41
pools_3k_34e9a5c	3115	1203.83
pools_3k_3929ffe	3116	1212.58
pools_3k_417a12f	3115	1189.23
pools_3k_5a0dff4	3116	1210.84
pools_3k_6f2379b	3115	1200.8
pools_3k_826d899	3116	1207.8899999999999
pools_3k_9a41c88	3117	1199.5
pools_3k_bab1028	3115	1230.15
pairs_022da67	932	112.09
pairs_04fce42	916	90.06
pairs_06b1537	927	96.08000000000001
pairs_0a4b12b	902	95.69
pairs_0b30517	937	96.94
pairs_0d97b63	898	87.25
pairs_1232df0	915	89.91
pairs_13cd227	913	92.22
pairs_187f65b	931	96.72
pairs_1b01df0	921	81.72999999999999
pairs_1b82b58	899	90.11999999999999
pairs_21c2cdf	917	87.56
pairs_225de3e	928	97.02
pairs_2310031	920	87.04
pairs_239ba93	907	89.72
pairs_2aa9ec4	907	96.4
pairs_2be5231	932	98.19
pairs_2bfaca5	912	84.47999999999999
pairs_2e457ce	923	92.31
pairs_318bdfa	918	77.88
pairs_321b43d	912	95.36
pairs_34243b4	927	94.45
pairs_388f867	923	88.69
pairs_41af73d	917	85.16
pairs_41cd8eb	906	92.96000000000001
pairs_437088a	936	93.44999999999999
pairs_456a0a6	927	95.52
pairs_456bb89	912	81.86
pairs_472ebda	904	87.24000000000001
pairs_474e4b7	919	95.16999999999999
pairs_4bf0bd9	907	79.22999999999999
pairs_4c2725a	934	93.92
pairs_4cc0db0	908	96.32000000000001
pairs_4d76356	927	77.15
pairs_4d9faba	906	92.96
pairs_4f12adf	932	91.77000000000001
pairs_52a763f	911	96.21000000000001
pairs_55bae3e	899	87.02000000000001
pairs_58963cd	934	89.59
pairs_58bf1cd	901	96.13999999999999
pairs_5c9b152	910	93.00999999999999
pairs_5d1e35c	917	91.64999999999999
pairs_5e1c28a	912	93.56
pairs_5f39b40	928	96.08
pairs_6084e54	919	93.72
pairs_6089754	914	93.97
pairs_6256926	909	93.74000000000001
pairs_627770d	922	96.92
pairs_642c621	922	93.22999999999999
pairs_65ae3fc	903	90.97
pairs_6bb3cc6	918	87.08000000000001
pairs_6f23b83	921	95.44999999999999
pairs_73d9bc7	900	76.9
pairs_74e8ed6	910	85.21
pairs_74ec170	929	83.39
pairs_7945caa	937	96.36
pairs_79bf91a	935	78.16999999999999
pairs_7a996c6	900	78.83
pairs_7ccb045	900	91.91
pairs_7ff10a2	898	82.32
pairs_80d925b	913	96.02
pairs_817a6dc	921	76.86
pairs_8311ed7	922	96.18
pairs_834ca8d	897	77.67
pairs_8416e37	920	77.16
pairs_860adc7	933	93.05000000000001
pairs_86753dc	936	96.53999999999999
pairs_89eeee0	902	86.77
pairs_8add288	912	77.74000000000001
pairs_916b51c	916	96.56
pairs_92f285c	918	91.66
pairs_944f2da	937	88.75
pairs_96a9aab	916	94.41000000000001
pairs_9a78b08	915	84.22
pairs_9ca2a4f	937	77.73
pairs_9cf240d	910	94.79
pairs_9d1eaa6	931	95.49
pairs_a288f48	937	81.99000000000001
pairs_a32b7a5	923	93.48
pairs_a386ab4	898	94.69
pairs_a3e416e	904	96.18
pairs_a6394da	908	94.91999999999999
pairs_a6acb82	926	96.57
pairs_a7ce501	918	96.12
pairs_a842a2a	928	92.39
pairs_aa20229	931	83.9
pairs_ab366fb	897	82.16
pairs_ac2f5ff	924	83.7
pairs_b36ced0	918	86.12
pairs_b47c419	917	77.13
pairs_bef765d	936	96.06
pairs_c3241db	907	96.02
pairs_c5b4053	898	95.66
pairs_c7660f4	914	93.04
pairs_c8c38ac	928	96.64
pairs_ca752a6	930	96.16
pairs_d32642d	912	93.99
pairs_d362e38	928	93.03
pairs_d3c4a94	916	89.78
pairs_d3e0857	934	85.47
pairs_dae2d81	922	92.71
pairs_e33a968	930	97.35000000000001
pairs_e3c81f8	907	81.03
pairs_e4b11ef	936	97.61
pairs_e547904	921	87.74
pairs_e72ece7	906	83.34
pairs_e790ac4	937	93.31
pairs_e81e736	932	92.46000000000001
pairs_e91fe0d	928	93.00999999999999
pairs_eb716c5	920	88.18
pairs_eba65c9	938	94.26
pairs_ed1c01c	916	89.39999999999999
pairs_edd918b	913	94.21000000000001
pairs_eeba8b5	917	94.50999999999999
pairs_efd0fee	928	95.02
pairs_f2aee96	911	95.88999999999999
pairs_f381b52	924	82.7
pairs_f68a736	903	96.42
pairs_f70cd62	933	84.48
pairs_f97baf0	911	90.19999999999999
pairs_f9a6ffa	901	79.21000000000001
pairs_fa3c52f	925	97.45
pairs_fa6f3cc	912	96.33
pairs_ff0582e	906	92.11
pools_2k_678cdfd	914	92.48
pools_5k_15b6f8f	5029	3065.87
pools_5k_227a6e1	5031	3046.7400000000002
pools_5k_4d9e2f2	5030	3021.43
pools_5k_8791c88	5028	3054.62
pools_5k_43eaa2c	5091	3148.9900000000002
pools_5k_7ebf4a1	5091	3112.03
pools_5k_bb85b88	5091	3103.29
pools_5k_f972a40	5091	3130.3999999999996
pairs_73b1411	2092	545.5300000000001
pools_2k_2d735fa	2093	549.13
pools_2k_37e3ce7	2090	529.19
pools_2k_3daa2a0	2090	535.35
pools_2k_3df8507	2091	543.3000000000001
pools_2k_4452ba4	2093	512.23
pools_2k_4b7d89a	2093	547.55
pools_2k_5fbafae	2090	542.98
pools_2k_6d31d6b	2092	550.77
pools_2k_7188f0d	2091	539.8299999999999
pools_2k_7584bf6	2093	542.12
pools_2k_75f4cb7	2091	522.4200000000001
pools_2k_90af57a	2092	538.4300000000001
pools_2k_a9370a8	2092	536.5699999999999
pools_2k_aa2e3e1	2093	528.1
pools_2k_aa34cfd	2093	523.49
pools_2k_adb1522	2093	549.16
pools_2k_ae3e35d	2092	528.87
pools_2k_bb7dba3	2092	536.78
pools_2k_bf74df0	2092	538.12
pools_2k_c085735	2092	542.71
pools_2k_c1924d9	2092	550.3399999999999
pools_2k_d7a2c9b	2091	533.98
pools_2k_fadbbf8	2092	538.8100000000001
pools_4k_0137279	4075	1740.83
pools_4k_0de8a01	4074	1701.3100000000002
pools_4k_1e23d33	4077	1722.6
pools_4k_4c5cdae	4075	1711.33
pools_4k_82bf93a	4076	1706.3
pools_4k_bd906c4	4073	1709.1200000000001
pairs_6c22eb7	2090	555.56
pairs_70050e4	2086	521.88
pairs_816807e	2087	517.3
pools_2k_023683e	2086	552.1800000000001
pools_2k_1dc1598	2087	547.05
pools_2k_25db934	2088	540.95
pools_2k_280654b	2089	538.97
pools_2k_2ab4758	2086	551.38
pools_2k_2f8b384	2085	539.51
pools_2k_4aa15e9	2089	547.41
pools_2k_4aafe85	2086	537.09
pools_2k_5ed00cf	2089	540.1700000000001
pools_2k_624144f	2087	547.03
pools_2k_654acf5	2087	560.1
pools_2k_7905c7c	2090	541.1700000000001
pools_2k_7ed427e	2086	543.91
pools_2k_90b22d4	2088	542.73
pools_2k_98fe2b1	2088	535.17
pools_2k_a89d640	2088	546.68
pools_2k_c3b566e	2087	551.55
pools_2k_dbfabab	2089	539.41
pools_2k_eb5004f	2090	544.96
pools_2k_ee62899	2087	548.65
pools_4k_342f028	4117	2360.9700000000003
pools_4k_8083dcd	4116	2311.12
pools_4k_8092e21	4115	2294.29
pools_4k_c6ac904	4117	2317.9700000000003
pools_4k_d4e66d1	4115	2315.99
pairs_204499c	2065	566.09
pairs_3e1d93f	2063	534.88
pools_2k_023db15	2066	556.89
pools_2k_10b2ce8	2067	548.38
pools_2k_2147516	2067	554.53
pools_2k_2439b99	2064	535.54
pools_2k_340f7df	2067	564.24
pools_2k_43c6371	2064	552.89
pools_2k_4b681ca	2067	539.61
pools_2k_512c162	2065	550.61
pools_2k_74a8541	2067	557.38
pools_2k_7949770	2067	548.86
pools_2k_8d7c24b	2064	562.0799999999999
pools_2k_9b5e636	2063	556.07
pools_2k_a851b6d	2064	558.56
pools_2k_bdf42b6	2066	561.5
pools_2k_bed952d	2067	535.64
pools_2k_cb84e46	2064	566.75
pools_2k_ce03f2d	2064	550.9
pools_2k_d677f84	2066	553.66
pools_2k_e3cb29a	2066	551.29
pools_2k_e5d9f33	2065	537.13
pools_2k_ea78c18	2064	526.87
pools_2k_f897be6	2066	562.08
pools_5k_17dcd88	5046	3115.1
pools_5k_1a891be	5044	3065.49
pools_5k_5503075	5048	3079.91
pools_5k_5e24cd9	5045	3073.6400000000003
pairs_4756c13	2085	558.99
pairs_52d923b	2082	529.7
pairs_9007c64	2083	527.51
pools_2k_0e8e4a7	2085	526.28
pools_2k_0f4c119	2085	533.9
pools_2k_19b4dfe	2085	554.93
pools_2k_225a356	2084	566.85
pools_2k_4d5ba68	2084	563.66
pools_2k_5b95406	2083	540.91
pools_2k_709ec89	2085	566.4399999999999
pools_2k_71d452b	2084	548.1899999999999
pools_2k_74758dc	2084	561.51
pools_2k_8b5d0bc	2082	546.79
pools_2k_9244960	2083	555.34
pools_2k_9a4973c	2085	539.77
pools_2k_9fefb98	2084	547.39
pools_2k_a634479	2084	546.1899999999999
pools_2k_ae3ff17	2085	548.6700000000001
pools_2k_b10cae2	2082	582.49
pools_2k_b29a31e	2083	556.7
pools_2k_c0324ab	2084	571.99
pools_2k_cb27af0	2083	551.8299999999999
pools_2k_d635f3a	2083	553.45
pools_2k_ed1f084	2083	542.75
pools_5k_186032b	5117	3113.56
pools_5k_307d234	5117	3074.2400000000002
pools_5k_c7f9c7f	5117	3084.31
pools_4k_3d63294	4059	1725.6200000000001
pools_4k_5b8aaea	4058	1700.39
pools_4k_75c0a5c	4056	1702.41
pools_4k_9033c46	4058	1710.4599999999998
pools_4k_bdc06e2	4055	1697.2
pools_4k_f592017	4059	1673.68
pairs_80fd940	1983	351.06
pairs_d48b618	1981	316.92
pairs_e565886	1980	321.03000000000003
pools_2k_10c01e9	1975	347.33
pools_2k_22b6eed	1980	338.01
pools_2k_33ec5d2	1980	356.34999999999997
pools_2k_375a642	1984	348.64
pools_2k_4d27146	1981	354.0
pools_2k_4f2908f	1972	332.97
pools_2k_50c5cc1	1980	331.78000000000003
pools_2k_57d5a9c	1975	322.58
pools_2k_58ba56c	1984	352.27
pools_2k_764110c	1976	348.79
pools_2k_88de846	1986	352.65000000000003
pools_2k_8c68dbd	1973	336.39
pools_2k_8e65a01	1977	352.18
pools_2k_93398e8	1977	339.12
pools_2k_94a7822	1979	326.87
pools_2k_a27d79e	1977	346.34
pools_2k_a4d0877	1977	351.84
pools_2k_adf9d8e	1980	338.49
pools_2k_ccda8e2	1980	323.26000000000005
pools_2k_d3444d3	1977	345.4
pools_2k_da8d5cf	1985	346.72
pools_2k_e55f824	1983	341.52000000000004
pools_2k_f277780	1984	354.85
pools_5k_41ff086	5013	3092.3599999999997
pools_5k_536de2e	5013	3066.44
pools_5k_89904bf	5012	3111.23
pools_5k_a9ed0f9	5011	3095.6099999999997
pools_3k_23e6d8f	3054	906.64
pools_3k_3da9ce0	3054	869.49
pools_3k_4c583a1	3054	862.07
pools_3k_5d44078	3056	858.32
pools_3k_8982edf	3055	873.9
pools_3k_8a24dbb	3057	860.9399999999999
pools_3k_9455f56	3052	852.56
pools_3k_a0e93ee	3055	862.37
pools_3k_b10ca90	3054	860.8299999999999
pools_3k_d03b632	3054	838.8000000000001
pools_5k_88f4564	5084	3054.11
pools_5k_c4a4a1a	5085	3026.84
pools_5k_e6b7571	5085	3017.62
pools_5k_073c718	5037	2965.27
pools_5k_40c46b9	5039	2955.03
pools_5k_724fb92	5038	2942.23
pools_5k_aedefd9	5038	2972.24
pools_5k_7750ac5	5090	3055.82
pools_5k_969872e	5089	3056.12
pools_5k_c76e806	5088	3030.63
pools_5k_e3eac98	5090	2977.05
pools_2k_013aa58	2105	556.3199999999999
pools_2k_03e5968	2107	541.15
pools_2k_09b1680	2108	529.29
pools_2k_2663ffd	2107	527.68
pools_2k_2749219	2106	542.37
pools_2k_2e96b05	2108	532.48
pools_2k_4027aa8	2108	544.32
pools_2k_406ffc2	2106	549.77
pools_2k_567bb9d	2106	541.11
pools_2k_5d24f8f	2105	542.75
pools_2k_5f1171e	2106	545.08
pools_2k_6cb6289	2107	547.72
pools_2k_70bc604	2109	527.49
pools_2k_717582d	2107	529.86
pools_2k_a20e8ba	2108	545.36
pools_2k_a4746ad	2109	535.85
pools_2k_aee13fb	2107	536.6800000000001
pools_2k_bc9915c	2107	529.75
pools_2k_cbcbbfd	2108	526.5
pools_2k_d50377d	2107	537.81
pools_2k_e27b61b	2108	532.9300000000001
pools_2k_ebff054	2107	528.96
pools_2k_f513e3f	2108	551.43
pairs_00f1d21	511	66.23
pairs_015e756	471	31.269999999999996
pairs_01f19de	490	28.26
pairs_0212aaa	506	28.62
pairs_0476721	508	30.17
pairs_04c9be4	487	32.019999999999996
pairs_05ee778	483	28.34
pairs_0699286	501	34.06
pairs_0a8497e	476	26.84
pairs_0b9d907	472	27.53
pairs_0e7bd37	501	28.6
pairs_0fbb8b1	471	33.54
pairs_0feba05	515	83.53
pairs_11cae0c	469	33.65
pairs_1230a26	502	26.869999999999997
pairs_13674ae	510	32.67
pairs_14af8df	505	34.32
pairs_1541dd6	479	32.19
pairs_1569d1f	503	34.07
pairs_164e2ba	503	29.97
pairs_180a4fd	485	29.009999999999998
pairs_19caaf9	483	33.57
pairs_19d070f	504	31.759999999999998
pairs_19e8717	503	36.980000000000004
pairs_1a61cc0	482	33.96
pairs_1bb81ea	492	29.52
pairs_1d89f30	497	27.58
pairs_1e90105	512	27.3
pairs_1edbf20	511	28.41
pairs_1f32d45	468	29.54
pairs_1f457e3	491	36.29
pairs_202682f	488	33.510000000000005
pairs_207deca	495	27.31
pairs_20dc938	469	26.61
pairs_22720ca	511	27.05
pairs_22b5cc1	496	32.16
pairs_24be534	488	32.89
pairs_2568c91	472	28.96
pairs_2645b82	485	35.150000000000006
pairs_26b6994	484	30.43
pairs_271c2a7	514	52.34
pairs_2a7e39a	473	33.480000000000004
pairs_2c285b0	495	32.48
pairs_2c44e81	502	35.129999999999995
pairs_2caa949	478	32.870000000000005
pairs_2cd7c6d	482	29.38
pairs_2e886e7	471	26.799999999999997
pairs_3005333	482	30.630000000000003
pairs_306ded7	505	29.0
pairs_320c61d	497	31.96
pairs_33a1c18	484	34.21
pairs_34487ba	477	32.16
pairs_34653d1	477	30.64
pairs_34a62a0	485	34.3
pairs_34d621b	481	33.91
pairs_35c5fc3	487	29.130000000000003
pairs_35c9a97	481	35.91
pairs_36ff935	492	32.75
pairs_371fea5	501	26.67
pairs_37a8754	511	37.25
pairs_37e3e51	479	30.44
pairs_391afb0	468	26.87
pairs_397cdbb	482	34.77
pairs_39b10a0	471	34.58
pairs_3b4e511	473	26.93
pairs_3c08658	491	33.92
pairs_3cb6019	512	28.16
pairs_3cc69b3	475	32.36
pairs_3ded1e7	493	26.88
pairs_3e0a848	511	29.2
pairs_3e64fd2	475	26.7
pairs_3eef7ee	492	34.55
pairs_4002179	511	27.08
pairs_4009350	502	32.44
pairs_401fdb5	500	32.03
pairs_4059755	476	33.22
pairs_40b3b4a	473	26.619999999999997
pairs_40ee7c7	485	35.78
pairs_416c415	486	31.66
pairs_41ccf24	509	35.93
pairs_42ac331	489	35.91
pairs_42c9bfc	511	29.51
pairs_42f11f8	469	26.37
pairs_446f743	499	31.39
pairs_458755a	500	32.18
pairs_46bf701	482	33.55
pairs_480d4c8	503	28.73
pairs_489d82f	514	50.58
pairs_4bc5280	494	26.55
pairs_4e8b64d	473	33.4
pairs_4f0877e	473	31.08
pairs_4f26192	474	30.76
pairs_4fce892	473	28.03
pairs_50e9699	494	32.25
pairs_51c8ef4	506	33.22
pairs_51f8beb	509	28.51
pairs_52fed4e	502	32.22
pairs_541fb66	502	26.61
pairs_542f4a0	493	32.64
pairs_54a3ffa	471	34.94
pairs_55e414e	506	28.64
pairs_56787fb	506	29.65
pairs_5819b8d	500	34.269999999999996
pairs_5ae5c16	481	32.53
pairs_5b9ccdc	491	34.98
pairs_5e472df	484	35.21
pairs_60bb6af	491	35.63
pairs_61a0068	500	32.89
pairs_6231608	514	53.44
pairs_62a960d	504	26.900000000000002
pairs_63db5fa	483	35.07
pairs_63ddedf	500	28.67
pairs_6516b16	478	27.14
pairs_6537aee	486	29.240000000000002
pairs_674f9c3	474	35.21
pairs_67e1eb1	474	33.34
pairs_689290f	501	31.4
pairs_6927934	495	28.6
pairs_69306b1	512	35.93
pairs_69a0586	478	31.3
pairs_6ac91a5	501	35.02
pairs_6aeb687	500	35.92
pairs_6e07182	510	27.71
pairs_6ea97c2	504	32.160000000000004
pairs_6fd71eb	506	32.46
pairs_6ff59da	503	36.16
pairs_7099d41	479	33.31
pairs_711609b	484	30.66
pairs_7381392	491	34.81
pairs_738751b	508	33.81
pairs_73b0337	475	30.58
pairs_73ee92a	503	34.36
pairs_74163a3	487	31.45
pairs_742d5ca	488	26.689999999999998
pairs_749902a	506	29.57
pairs_75083b6	481	28.61
pairs_755cfe7	470	33.519999999999996
pairs_757b53a	492	32.89
pairs_76fffff	505	31.630000000000003
pairs_773c3a1	492	31.35
pairs_79a7c28	481	28.83
pairs_7a1b582	471	30.409999999999997
pairs_7ac434f	480	26.74
pairs_7adb726	511	34.04
pairs_7c030b7	487	35.17
pairs_7c23b26	487	26.57
pairs_7f58ee5	505	26.94
pairs_801883e	494	31.38
pairs_802eed4	483	35.71
pairs_81c0745	475	26.580000000000002
pairs_8269088	479	29.05
pairs_873d26d	479	30.1
pairs_874bb4e	486	29.73
pairs_88a293f	511	32.18
pairs_8ad9949	481	26.87
pairs_8aea83d	498	35.83
pairs_8f2b4cb	504	29.34
pairs_904bcf4	496	31.26
pairs_9284af2	488	26.75
pairs_95c97bd	515	47.79
pairs_971e567	503	28.5
pairs_983bba2	492	27.119999999999997
pairs_990fcce	469	31.130000000000003
pairs_9954802	486	34.36
pairs_9991c5f	497	30.49
pairs_9adb74e	470	33.97
pairs_9b6a937	483	34.86
pairs_9c82c3e	504	26.14
pairs_9de1e73	472	29.81
pairs_9e4aa09	513	51.660000000000004
pairs_9f4ffe1	490	28.75
pairs_9fd66e5	470	30.29
pairs_9fe1806	483	35.160000000000004
pairs_a08af8e	491	31.700000000000003
pairs_a131316	479	30.089999999999996
pairs_a2b2705	499	35.31
pairs_a3e6a57	490	34.23
pairs_a5401a5	493	32.03
pairs_a548b6a	504	35.36
pairs_a74b547	487	28.88
pairs_a7bc4c8	469	28.99
pairs_a82771c	498	32.43
pairs_a934559	475	32.06
pairs_a9f5d8f	496	29.41
pairs_aa7c061	512	35.47
pairs_ab48d5b	515	54.29
pairs_ab972cf	491	30.61
pairs_ac1194b	470	31.939999999999998
pairs_ad2dc8a	476	34.3
pairs_ada5657	499	26.52
pairs_b03119b	489	26.560000000000002
pairs_b05d4d8	471	34.47
pairs_b440cbc	513	48.38
pairs_b51bac6	492	34.43
pairs_b6dcf02	485	30.619999999999997
pairs_b7f0d71	468	30.880000000000003
pairs_b7fafe9	495	27.99
pairs_b8fa477	473	26.06
pairs_b9decfa	484	32.7
pairs_ba0df28	481	26.08
pairs_ba6db6c	508	27.17
pairs_bb0f6f5	476	31.89
pairs_bc0d615	480	31.700000000000003
pairs_bf13056	473	29.159999999999997
pairs_bf92330	487	28.14
pairs_c042003	493	26.5
pairs_c0cddf2	488	34.94
pairs_c0e8572	502	28.45
pairs_c193c76	496	31.75
pairs_c1a42d1	480	35.2
pairs_c1a9aa1	489	28.14
pairs_c1f72a6	475	33.230000000000004
pairs_c26889b	477	31.509999999999998
pairs_c2a7dc9	470	31.810000000000002
pairs_c3ad1b0	474	33.93
pairs_c4018e2	502	35.51
pairs_c4fb480	499	34.73
pairs_c688de8	509	28.150000000000002
pairs_c78f89d	480	33.69
pairs_c7dcb5f	497	28.64
pairs_ca304ca	509	33.010000000000005
pairs_cc77e16	480	28.81
pairs_cda1bad	484	32.43
pairs_d00df05	481	30.31
pairs_d0994d6	495	32.660000000000004
pairs_d2115d8	501	34.510000000000005
pairs_d21fa4a	490	28.89
pairs_d2291fe	483	31.490000000000002
pairs_d2727de	511	29.21
pairs_d2b9693	488	31.59
pairs_d427fca	504	33.84
pairs_d4d296d	497	26.759999999999998
pairs_d773767	476	34.14
pairs_d7e1e9c	473	26.25
pairs_d8058f9	506	36.34
pairs_d8a99fa	474	31.78
pairs_d8ea603	511	31.07
pairs_d952fd1	510	30.8
pairs_d99a8bc	479	31.27
pairs_da3026f	511	37.71
pairs_da7f22a	476	27.32
pairs_da85d23	501	34.25
pairs_dad2979	506	32.14
pairs_dbc5dda	494	37.36
pairs_dcf4e43	505	36.980000000000004
pairs_dd5ac57	507	34.46
pairs_df5f5fa	514	47.14
pairs_df9f2b7	476	31.61
pairs_dfe4b9a	500	28.020000000000003
pairs_e3ca229	491	29.479999999999997
pairs_e4bfb42	510	34.19
pairs_e4d1d9b	490	33.28
pairs_e6f4096	476	31.83
pairs_e71e4d2	493	28.549999999999997
pairs_e96a096	478	26.299999999999997
pairs_e973938	493	34.3
pairs_e9b9e09	508	34.22
pairs_ea89b95	488	30.86
pairs_ebcac4e	471	26.48
pairs_ec50423	495	35.63
pairs_ecd3172	485	34.07
pairs_edc1f80	474	30.76
pairs_ee66963	508	35.12
pairs_f030178	476	28.68
pairs_f0f6462	505	33.95
pairs_f1b5c38	474	32.54
pairs_f1d5313	494	31.009999999999998
pairs_f1e4197	495	26.130000000000003
pairs_f37d96a	477	27.75
pairs_f3ee11a	490	32.51
pairs_f54cc04	478	35.019999999999996
pairs_f55f93e	478	32.019999999999996
pairs_f851051	490	34.82
pairs_f948d4a	492	35.11
pairs_fa113ab	512	33.25
pairs_faca1e5	491	32.129999999999995
pairs_fbe04ff	500	33.82
pairs_fda6440	484	34.01
pairs_ff36f7a	505	34.56
pools_4k_5e16e48	4026	1750.73
pools_4k_5eeed4c	4024	1730.9299999999998
pools_4k_832bc49	4025	1730.46
pools_4k_e760c5c	4026	1751.38
pools_4k_f6e5b88	4025	1740.79
pairs_05abed7	679	93.94
pairs_06de4a2	682	57.71
pairs_076761c	684	60.07000000000001
pairs_08539e7	695	61.260000000000005
pairs_0cae1a6	701	59.83
pairs_0d476ba	687	51.370000000000005
pairs_0d6680d	663	54.05
pairs_0d91cc9	694	48.47
pairs_0ecf31d	691	60.81999999999999
pairs_105fdcb	695	60.870000000000005
pairs_11ba60b	689	60.92
pairs_12ee3c7	685	48.09
pairs_12f325f	697	56.32
pairs_13a9691	663	47.67
pairs_14fa476	683	48.5
pairs_15732e8	667	52.879999999999995
pairs_1586899	678	59.37
pairs_159ab48	689	52.95
pairs_172a4fb	665	58.629999999999995
pairs_17652c0	664	50.97
pairs_1bf49e7	691	61.75
pairs_1ca4d7b	685	58.18000000000001
pairs_1e1fe28	692	50.18
pairs_1e67415	677	61.28
pairs_1ed6106	691	62.36
pairs_1f648bd	692	59.75
pairs_2120828	680	57.76
pairs_232c82d	683	58.37
pairs_2542429	663	52.64
pairs_263c795	693	61.65
pairs_2782493	687	59.75
pairs_293cdf1	697	50.379999999999995
pairs_2d738d0	679	56.01
pairs_2eb3325	685	53.77
pairs_2f60d80	697	60.32000000000001
pairs_2fbef71	695	60.510000000000005
pairs_31516b0	698	58.599999999999994
pairs_3226918	689	61.0
pairs_32bc916	687	61.83
pairs_33762e3	702	59.760000000000005
pairs_34f6399	680	61.34
pairs_353d214	678	57.870000000000005
pairs_355855e	696	54.74
pairs_35c3b95	682	58.37
pairs_3622684	665	57.1
pairs_3c4022b	670	48.78
pairs_3ce2386	685	60.120000000000005
pairs_3ce6412	693	48.599999999999994
pairs_3faf71b	668	54.86
pairs_4382fcc	687	58.650000000000006
pairs_44bec2f	682	52.94
pairs_4580c82	668	56.95
pairs_4676a48	697	48.24
pairs_4904f5b	662	48.269999999999996
pairs_4a1970e	681	61.239999999999995
pairs_4bbae51	692	58.58
pairs_4c4ab99	702	50.739999999999995
pairs_4cadae7	694	60.730000000000004
pairs_4d1fed2	679	50.94
pairs_4de38e6	667	53.95
pairs_4efccfe	671	48.019999999999996
pairs_4f7a0ed	684	58.9
pairs_4fd9cd9	688	53.730000000000004
pairs_5000e9d	687	60.21
pairs_5061ad5	690	48.64
pairs_51514f0	693	48.019999999999996
pairs_5192f3f	690	58.66
pairs_55cfef0	679	47.81999999999999
pairs_55dace2	672	50.59
pairs_579fa20	665	48.1
pairs_594d2b8	682	51.85
pairs_59a9270	691	47.85
pairs_59f5bef	671	58.879999999999995
pairs_5ba65e3	671	53.89
pairs_5ba74d4	666	56.81
pairs_5bcc2e2	676	55.29
pairs_5bcd141	667	47.64
pairs_5c00289	664	52.199999999999996
pairs_5cb9f67	695	48.37
pairs_5dd32f9	677	60.77
pairs_5f1fe81	693	48.44
pairs_5fa1f21	701	57.870000000000005
pairs_60ccdd8	664	58.28
pairs_6436e89	696	59.980000000000004
pairs_65bb5c1	677	57.78
pairs_664a6c9	702	55.55
pairs_68f05ec	668	60.31
pairs_691dc1b	700	61.44
pairs_6935535	667	60.09
pairs_6a22b20	687	55.99
pairs_6de3e7c	668	52.06999999999999
pairs_71c7518	674	58.64
pairs_7212d6b	666	57.879999999999995
pairs_72566ff	698	62.379999999999995
pairs_72bfaf8	677	48.53
pairs_73f4200	691	50.510000000000005
pairs_7439ba6	673	53.660000000000004
pairs_75f7983	680	53.660000000000004
pairs_7713ccf	696	61.660000000000004
pairs_78fec58	679	60.45
pairs_7c43a08	682	58.47
pairs_80f8f85	666	54.099999999999994
pairs_833e308	690	59.89
pairs_8481ff0	671	57.02
pairs_858b9be	670	57.37
pairs_87b1fa2	682	48.0
pairs_8993be2	682	49.25
pairs_89aa82d	690	58.62
pairs_8a342eb	701	49.03
pairs_8ac4238	674	48.6
pairs_8b629b0	698	53.919999999999995
pairs_8c8f3bf	698	56.08
pairs_8d379a3	681	60.08
pairs_8f32283	667	48.01
pairs_8fc01e5	669	56.9
pairs_8fd4f33	670	59.69
pairs_9189153	701	61.92
pairs_9197260	684	47.980000000000004
pairs_92db494	668	53.97
pairs_961001f	672	61.019999999999996
pairs_98ab81b	666	60.6
pairs_98ff404	663	60.22
pairs_99ef87d	696	61.63
pairs_9a0ad68	700	50.58
pairs_9bf9059	664	49.13
pairs_9c62a7e	677	58.28
pairs_9d53430	692	47.94
pairs_9ea8844	694	61.25
pairs_9fdf25c	689	60.07000000000001
pairs_a4453bb	672	48.63
pairs_a4e8de8	688	52.37
pairs_a59a715	700	58.04
pairs_a5d43ca	684	50.85
pairs_a6be70b	698	49.81
pairs_a9778f3	666	47.42
pairs_a9a47e0	702	61.66
pairs_aa8590d	666	59.8
pairs_aad982f	666	57.01
pairs_ab35151	689	60.72
pairs_aca270b	697	61.24
pairs_ae40844	665	55.12
pairs_b01652f	673	52.3
pairs_b4ff926	695	57.32000000000001
pairs_b612a29	686	59.47
pairs_bbba7b8	681	52.15
pairs_bc20780	700	57.39
pairs_bcb3a15	687	61.89
pairs_bd4f721	688	60.75
pairs_bffe0c8	697	57.33
pairs_c0c8cb2	669	55.44
pairs_c177075	688	60.19
pairs_c18f2fb	678	50.44
pairs_c2503f7	688	60.78
pairs_c28332f	691	49.76
pairs_c42892d	688	48.54
pairs_ce426f2	671	53.019999999999996
pairs_cfcdec8	667	58.61
pairs_d31b9fd	684	48.35
pairs_d45eca5	687	47.69
pairs_d461ad7	669	61.71
pairs_d5d8c70	682	59.19
pairs_d81696e	696	48.79
pairs_d9a3d2b	666	49.38
pairs_da1a432	685	50.2
pairs_da6a509	669	59.09
pairs_dadf4c1	675	57.43
pairs_db608f6	692	59.66
pairs_dc0c094	670	55.05
pairs_dcb8307	697	52.72
pairs_ddb7fc4	694	48.26
pairs_de2270f	693	61.17
pairs_deda5d9	684	48.59
pairs_e230426	670	56.56
pairs_e3a7286	680	58.449999999999996
pairs_e49fe30	673	61.65
pairs_e4e25b6	662	48.019999999999996
pairs_e6cb950	693	52.38
pairs_e7c25b0	689	60.260000000000005
pairs_e7f3fac	685	53.56999999999999
pairs_e93ac1e	669	59.54
pairs_ebf1262	673	60.510000000000005
pairs_ed269ee	669	48.51
pairs_f0ae9c5	699	60.58
pairs_f0fa699	681	52.989999999999995
pairs_f1307da	686	59.85
pairs_f23987c	674	52.980000000000004
pairs_f63f59d	691	60.709999999999994
pairs_f6ab630	701	61.620000000000005
pairs_f723b6a	697	60.879999999999995
pairs_f7cfaae	693	49.88
pairs_f7e2993	701	59.08
pairs_f836aff	701	47.24
pairs_f9805e8	698	48.86
pairs_fa876a2	696	60.89
pairs_faf6305	694	51.39
pairs_fca0613	680	57.07
pairs_fd793ed	688	58.19
pairs_fe6b6c3	663	58.53
pairs_fe9f6e2	695	61.92
pairs_ff2ad70	691	62.12
pools_4k_8d7e796	4119	2315.13
pools_4k_95c4dc4	4119	2304.2000000000003
pools_4k_a6abca3	4119	2272.4300000000003
pools_4k_d4df8be	4119	2280.1800000000003
pools_4k_d695816	4119	2285.97
pairs_075b697	2271	568.71
pairs_08246f5	2321	521.98
pairs_1709979	2289	535.34
pairs_25673ca	2276	519.6
pairs_2a19ecf	2317	535.62
pairs_371594d	2252	532.45
pairs_37a26a1	2280	514.6
pairs_6cbbd22	2330	537.02
pairs_6d72edc	2275	534.7
pairs_7be17ba	2251	526.87
pairs_7c46013	2249	526.5
pairs_83095a3	2325	526.86
pairs_846875f	2296	524.73
pairs_ec5a814	2251	531.87
pairs_f9e466d	2279	519.95
pools_2k_2089beb	2323	519.7
pools_2k_2d9f350	2252	539.02
pools_2k_40f2940	2274	560.61
pools_2k_9ee04f6	2281	536.12
pools_3k_acb25ac	2257	562.03
pools_5k_7259565	5006	3092.94
pools_5k_8e81e37	5004	3087.7799999999997
pools_5k_e82ff4c	5005	3088.77
pools_5k_eeaac3a	5005	3059.84
pools_3k_0f072a0	3027	876.0
pools_3k_2ef2634	3021	846.37
pools_3k_2f35bc6	3022	816.91
pools_3k_442cd1f	3024	841.0500000000001
pools_3k_5bfe7f4	3025	853.7099999999999
pools_3k_814096e	3026	845.44
pools_3k_87ce772	3027	853.3399999999999
pools_3k_998c6dd	3025	837.3199999999999
pools_3k_bace41e	3021	833.16
pools_3k_c7be3a1	3026	838.52
pools_3k_e9b73e9	3028	836.8100000000001
pools_4k_201ac92	4094	1772.18
pools_4k_32edf0b	4095	1741.01
pools_4k_4231d3d	4094	1727.2
pools_4k_5085f5f	4093	1735.8200000000002
pools_4k_881f9b3	4095	1707.94
pools_4k_8f3aa49	4093	1718.8
pools_4k_00e7be9	3933	1744.8899999999999
pools_4k_5130810	3551	1286.78
pools_4k_79e9810	3794	1725.57
pools_4k_af6cf0d	3883	1709.99
pools_4k_c4dbfa3	3722	1717.16
pools_5k_1217088	3766	1712.9399999999998
pools_4k_0322186	4100	2328.18
pools_4k_12a535d	4099	2282.44
pools_4k_7fd2875	4098	2284.4399999999996
pools_4k_92f4854	4099	2290.54
pools_4k_96d594c	4099	2304.41
pools_3k_2b7ad49	3099	1249.6299999999999
pools_3k_43d8fa7	3098	1226.85
pools_3k_4ca022f	3098	1216.44
pools_3k_4ce4ed3	3098	1202.63
pools_3k_506ee56	3099	1223.51
pools_3k_6479d1b	3098	1212.3899999999999
pools_3k_72c7f06	3099	1226.25
pools_3k_8c7ed4d	3099	1227.6399999999999
pools_3k_94198c8	3098	1224.57
pools_3k_a499c83	3098	1203.4099999999999
pairs_28ea2c1	2136	562.12
pairs_2cdbf25	2128	536.39
pairs_4466522	2133	531.77
pairs_7c7eb3c	2127	526.36
pairs_83011cd	2142	537.41
pairs_a6a9b78	2137	543.81
pairs_c2bbd37	2132	522.49
pools_2k_22fab2b	2120	554.83
pools_2k_2d11e6e	2119	553.76
pools_2k_2de4372	2129	569.96
pools_2k_350ab46	2120	553.26
pools_2k_4fcab93	2119	565.58
pools_2k_7f79ed5	2119	557.23
pools_2k_80c46f8	2120	552.79
pools_2k_8614172	2120	554.35
pools_2k_8b20c0c	2132	540.83
pools_2k_90bd620	2119	552.99
pools_2k_9d79cd2	2119	535.6899999999999
pools_2k_a331c86	2120	557.09
pools_2k_aa724af	2120	549.28
pools_2k_b850dc7	2119	561.4300000000001
pools_2k_d23965e	2120	536.5500000000001
pools_5k_2383d14	5019	3135.21
pools_5k_ab51509	5019	3087.69
pools_5k_fba7473	5020	3094.23
pairs_05ca090	1944	363.61
pairs_14dc85a	1950	336.2
pairs_2563f2c	1941	322.49
pairs_52ff884	1938	317.61
pairs_5d92cca	1946	329.8
pairs_a7fe28f	1943	325.49
pairs_bdb04dd	1942	326.73999999999995
pairs_c5d05a4	1948	339.46
pairs_d1b24d5	1942	325.09
pools_2k_063d404	1951	357.84000000000003
pools_2k_0ef6b3f	1951	347.1
pools_2k_32e786b	1943	341.92
pools_2k_33686cc	1936	362.32
pools_2k_448ad12	1948	366.19000000000005
pools_2k_691f39f	1943	346.68
pools_2k_7926186	1941	340.4
pools_2k_848935e	1942	355.37
pools_2k_93f2ab4	1934	348.51
pools_2k_9ac882a	1941	335.55
pools_2k_a755aa8	1938	360.64
pools_2k_a8b5255	1938	354.28
pools_2k_c0da2d5	1945	345.58
pools_2k_d34b066	1934	360.69
pools_2k_def5b9e	1951	339.6
pools_2k_e5afb8a	1936	339.55
pools_2k_ee7b8ae	1951	331.17
pools_2k_f7ad530	1937	325.38
pools_2k_fe03108	1950	336.67999999999995
pairs_00f9dad	885	109.6
pairs_02bce4f	858	94.25
pairs_038414d	873	91.38
pairs_0400d30	888	77.56
pairs_04b4c89	892	90.72999999999999
pairs_068784a	862	94.28
pairs_07632f7	877	88.0
pairs_08bad05	887	80.53
pairs_0be69e5	882	77.62
pairs_0cde6e6	883	77.66000000000001
pairs_0fb4368	865	93.0
pairs_19c8242	861	91.81
pairs_1a2eb3a	862	77.87
pairs_1d7026b	864	90.62
pairs_2161f6a	873	91.51
pairs_25a59c3	859	91.47999999999999
pairs_25fecaf	889	95.11
pairs_2715ea7	888	88.66
pairs_296479c	893	85.31
pairs_2b51f6e	878	93.67
pairs_2d6215b	888	87.31
pairs_2f3bf4d	866	95.72
pairs_31bf7dc	877	95.78999999999999
pairs_323afdf	862	89.93
pairs_3281d58	884	81.28999999999999
pairs_33ea997	868	91.43
pairs_37dff47	880	82.49
pairs_398fd0b	871	94.59
pairs_3c431ad	878	76.49
pairs_3c49e78	864	94.63
pairs_3cda0f7	892	93.35000000000001
pairs_3f3f07e	877	81.96000000000001
pairs_4087569	876	94.47
pairs_4ae4ebb	883	91.97
pairs_4edf1cb	873	96.29
pairs_519630f	889	95.59
pairs_53fc8dd	876	92.53
pairs_5413a9a	876	86.84
pairs_55dedef	865	82.29
pairs_56ebc26	895	87.68
pairs_585a330	887	94.43
pairs_58dc2ee	883	95.55
pairs_5ad4875	866	94.93
pairs_5df717f	857	91.07000000000001
pairs_5fce1b0	866	94.16
pairs_60d3bef	870	92.43
pairs_60ea2b0	894	95.5
pairs_65f05ee	867	91.76
pairs_6884c15	872	78.19
pairs_6a9efcd	862	83.66
pairs_6af014a	880	86.92
pairs_6c53a49	860	77.27
pairs_70111f3	897	91.25
pairs_701497c	874	77.74
pairs_72479b3	870	94.48
pairs_754d263	858	86.52
pairs_7590bbd	875	81.11999999999999
pairs_7776127	882	94.65
pairs_781cd0e	890	94.03999999999999
pairs_78e1e1e	890	96.86000000000001
pairs_7baa7de	859	95.0
pairs_7dcfbfc	867	94.3
pairs_81d2edb	863	94.59
pairs_81f660d	857	86.48
pairs_8231d7e	881	76.75999999999999
pairs_839fcd2	881	93.78999999999999
pairs_8530f46	857	80.39
pairs_886a677	878	92.03
pairs_8addfd7	871	95.88
pairs_8b4c51b	858	89.88999999999999
pairs_8bc57be	870	95.24
pairs_8be9b2b	883	91.88
pairs_8bf9156	893	94.31
pairs_8c7e159	874	91.47
pairs_8d6a3fd	860	94.27000000000001
pairs_90fd2a7	864	76.89999999999999
pairs_91d8837	886	77.3
pairs_9601647	895	93.75999999999999
pairs_97aed0f	870	87.94
pairs_98a331c	894	86.92
pairs_9f81719	878	77.58000000000001
pairs_a05e3aa	897	95.42999999999999
pairs_a2759fa	865	89.57000000000001
pairs_a35dcf2	892	94.68
pairs_a508b1c	889	83.67
pairs_a61c182	861	94.17
pairs_a7811ce	896	95.78
pairs_a861d7f	893	95.47999999999999
pairs_a97f38d	881	93.69
pairs_aaea5a1	867	94.86
pairs_ad71a01	872	91.7
pairs_ad79369	858	86.42
pairs_ae3e33f	868	81.53
pairs_af763ed	887	95.58999999999999
pairs_af79945	891	93.52000000000001
pairs_b02a20e	893	77.28999999999999
pairs_b24ff26	861	92.85
pairs_b3f2206	858	91.24000000000001
pairs_b5d5567	881	95.97999999999999
pairs_b7aa9c2	863	80.73
pairs_b7f5ce7	866	91.55000000000001
pairs_b96f6c1	866	85.24
pairs_bd6cfec	879	93.75
pairs_bfc1d8d	869	90.25
pairs_c23215d	888	80.57
pairs_c458f2e	886	90.69
pairs_c477cc4	885	84.22999999999999
pairs_c51788e	878	89.45
pairs_c5c7bfe	873	91.12
pairs_c5f596d	870	95.01
pairs_c6c951b	868	93.42
pairs_c8ab576	872	93.99
pairs_cc1c375	887	93.54
pairs_ced2989	894	92.55
pairs_d08ce17	887	91.47
pairs_d10ccd8	878	82.79
pairs_d4a41c7	875	77.41
pairs_d9f8f13	895	88.86
pairs_db66632	877	89.22
pairs_dcf1ad6	871	79.85
pairs_de969b1	878	92.48
pairs_e245020	888	95.58
pairs_e3a30ee	878	76.86
pairs_e3f7c93	870	85.33
pairs_e71757f	872	77.11999999999999
pairs_e7bead5	891	92.38999999999999
pairs_e87fd23	891	85.5
pairs_f164847	862	93.69999999999999
pairs_f2848ff	872	88.93
pairs_f57d562	881	91.97999999999999
pairs_f61b2c2	877	79.98
pairs_f77d271	891	93.23
pairs_fcf2e5c	893	91.53999999999999
pairs_fd363a9	890	93.53
pairs_ff600d9	882	89.97999999999999
pairs_ffedcff	869	91.58999999999999
pairs_03d52f3	1743	366.78
pairs_0759807	1754	316.01000000000005
pairs_10b39b2	1742	318.31
pairs_180c460	1744	315.05
pairs_1ce2973	1757	317.59
pairs_289329b	1709	335.92
pairs_2bf630d	1714	348.15
pairs_345996d	1718	319.3
pairs_3aa05cf	1733	328.21000000000004
pairs_3b5ac24	1726	314.34
pairs_3f84098	1730	338.37
pairs_423530a	1722	315.13
pairs_580b87f	1732	343.06
pairs_5f8cdd8	1702	343.86
pairs_66023d4	1716	313.93
pairs_7e1bcae	1767	315.52
pairs_81d23bf	1752	314.83000000000004
pairs_88c0f1c	1755	327.88
pairs_99542f0	1735	316.1
pairs_9fb9c37	1763	315.34
pairs_b6c2634	1724	316.43
pairs_b786fc8	1753	317.98
pairs_cbe8680	1753	315.15
pairs_ebdc802	1762	318.19
pairs_f112bbd	1766	318.29999999999995
pools_2k_023daa1	1713	323.32
pools_2k_0d04d10	1760	340.65999999999997
pools_2k_0d0a3bf	1745	335.14
pools_2k_26cd19b	1706	320.03000000000003
pools_2k_51bc054	1745	351.68
pools_2k_526a8bb	1726	321.91
pools_2k_8fa94f5	1759	315.58
pools_2k_ca0f91c	1760	336.36
pools_2k_e249dd1	1762	315.12
pools_5k_acc5b31	1742	317.57
pools_3k_29dee01	3012	866.82
pools_3k_2cb8d10	3016	846.9100000000001
pools_3k_5d484c3	3015	830.77
pools_3k_6472f2d	3013	834.64
pools_3k_742ed54	3014	841.55
pools_3k_759f2a6	3016	839.11
pools_3k_78606bb	3014	834.2199999999999
pools_3k_81584d9	3013	846.9
pools_3k_d9a7c91	3015	828.63
pools_3k_f2e5828	3016	815.3100000000001
pools_5k_070f28a	5052	3013.04
pools_5k_8c04eec	5050	2954.1600000000003
pools_5k_c866317	5050	2958.8
pairs_08e6248	1867	350.85
pairs_0d69991	1858	327.58000000000004
pairs_1a9ca2e	1839	319.14
pairs_2adb2f3	1847	320.33000000000004
pairs_3667df7	1882	320.88
pairs_3b6affb	1842	319.63
pairs_403aa41	1852	318.54
pairs_502d5d5	1843	330.87
pairs_575020c	1827	344.48
pairs_6d6abfa	1864	321.89
pairs_775a064	1851	322.96
pairs_8ce5327	1835	317.45000000000005
pairs_9c2cec6	1827	322.17
pairs_a6e0c1c	1830	324.16
pairs_aa11729	1873	322.74
pairs_bf97a28	1830	315.56
pairs_c72ff72	1840	314.90999999999997
pairs_cafca11	1838	315.40999999999997
pairs_e3d23b8	1870	317.07
pairs_e7a61f4	1876	323.63
pairs_e801f6f	1859	320.37
pairs_f33cd06	1829	319.09000000000003
pairs_f5bf9f8	1881	332.94000000000005
pools_2k_2361c95	1836	339.3
pools_2k_60f39b1	1870	341.69
pools_2k_7d69f04	1845	335.05
pools_2k_9b596ec	1864	354.71999999999997
pools_2k_b332bcf	1877	324.21
pools_2k_e253f1f	1858	342.32
pools_2k_f6c6343	1880	326.92
pairs_0046771	1054	162.81
pairs_00a6115	1023	122.12
pairs_01acec5	1045	129.02
pairs_0343e85	1030	115.36999999999999
pairs_03692a2	1025	131.28
pairs_051c9e4	1043	133.87
pairs_0967c35	1048	133.39
pairs_09f5fc2	1035	134.51
pairs_0aaa4dc	1030	127.4
pairs_12f6435	1031	133.87
pairs_17b26b4	1024	95.39999999999999
pairs_17eb466	1031	114.66
pairs_1895a29	1028	125.74
pairs_1aac73d	1055	129.46
pairs_1abbdc2	1029	132.13
pairs_26153ed	1035	135.62
pairs_2c9d9cd	1053	133.42000000000002
pairs_2fd4bd4	1024	80.7
pairs_2fdccb6	1049	135.0
pairs_305586b	1036	129.14
pairs_31e5d75	1058	139.24
pairs_327588d	1057	118.32000000000001
pairs_33e23e5	1042	134.03
pairs_377b4c3	1029	137.61
pairs_3793594	1034	137.93
pairs_383c3ac	1033	117.37
pairs_436789b	1045	137.62
pairs_46476e5	1023	102.96
pairs_4648719	1045	126.85
pairs_4657afd	1059	116.82
pairs_4a960cc	1059	131.82999999999998
pairs_4b53a17	1038	135.54
pairs_5066916	1033	136.63
pairs_5171000	1024	91.92999999999999
pairs_5453312	1032	137.13
pairs_5ad6029	1028	118.29
pairs_5d014f3	1052	132.55
pairs_5f8c144	1042	133.24
pairs_609ee25	1052	136.61
pairs_62855b2	1024	89.27
pairs_6292c0f	1049	135.14000000000001
pairs_62a8fde	1051	135.74
pairs_64436fb	1054	116.39000000000001
pairs_6fba95a	1046	130.18
pairs_70d9c19	1055	136.05
pairs_725cd69	1049	133.3
pairs_740901a	1050	135.13
pairs_749276f	1042	133.78
pairs_74d6965	1023	89.44
pairs_75102cc	1031	135.01999999999998
pairs_75fa207	1032	134.35
pairs_77e37bd	1044	129.02
pairs_7f363b3	1041	132.99
pairs_83e6f52	1036	135.27
pairs_843e1f2	1035	130.2
pairs_849c00f	1058	132.93
pairs_8553c57	1046	134.01999999999998
pairs_89bae87	1040	125.34
pairs_9015d9d	1027	114.73
pairs_939cf60	1049	122.27000000000001
pairs_a4a7dc9	1029	132.04
pairs_a6d9bd0	1043	122.94999999999999
pairs_a80b4c2	1036	121.21
pairs_a997766	1059	135.7
pairs_aad54e2	1033	132.57
pairs_add69cd	1025	127.24
pairs_afd3e32	1032	133.32999999999998
pairs_b3d0423	1044	125.46000000000001
pairs_b3ec0d6	1042	117.71
pairs_b56f18f	1035	133.1
pairs_b83c3dd	1049	116.11999999999999
pairs_b9c37f6	1030	127.63000000000001
pairs_bd446d9	1045	137.28
pairs_be83b35	1051	136.92000000000002
pairs_c183633	1054	130.78
pairs_c6042d0	1040	123.28
pairs_c745df4	1034	131.87
pairs_ca7d781	1035	116.02
pairs_ca97a2f	1043	114.99
pairs_cb9ba5e	1036	129.45
pairs_cbd2b09	1058	136.42000000000002
pairs_cbdccff	1048	118.38999999999999
pairs_d0c8bc3	1024	95.88
pairs_d25eeac	1059	127.75
pairs_d2e11ee	1032	130.91
pairs_d2ece0e	1046	119.23
pairs_d6fdc5e	1058	119.06
pairs_d8928e8	1036	136.07
pairs_dab4f73	1056	127.45
pairs_e22103c	1049	133.35999999999999
pairs_e974126	1041	136.42
pairs_ee60672	1024	76.95
pairs_f009c9c	1031	134.48
pairs_f0e1822	1054	133.03
pairs_f7a5c5e	1031	133.53
pairs_f7ffea8	1060	130.24
pairs_f99bef6	1031	115.08
pairs_f9a4ade	1028	128.51
pairs_fbaf7b6	1041	133.87
pairs_fdbcb51	1029	115.58000000000001
pools_3k_3d949fe	3097	1224.2
pools_3k_54b0f56	3096	1182.43
pools_3k_55374ae	3098	1203.83
pools_3k_6247703	3096	1197.6
pools_3k_7c4d1cd	3097	1209.46
pools_3k_991b14e	3096	1218.1100000000001
pools_3k_a5871e0	3098	1209.97
pools_3k_d82fde9	3097	1179.46
pools_3k_d8ba741	3096	1204.78
pools_3k_e9db4b5	3096	1193.77
pools_3k_00ec21b	3082	1214.0
pools_3k_0341931	3083	1173.6899999999998
pools_3k_3058475	3084	1192.4099999999999
pools_3k_37afe40	3082	1184.2
pools_3k_4e69dfd	3083	1206.18
pools_3k_6d542fe	3084	1194.81
pools_3k_76a57f8	3083	1163.32
pools_3k_89bc688	3082	1184.28
pools_3k_acfeab5	3081	1191.58
pools_3k_c745031	3082	1188.97
pairs_1ec0b21	2008	377.78000000000003
pairs_c66a0df	2005	319.76
pools_2k_0558283	2008	341.66
pools_2k_083eba9	2009	343.15999999999997
pools_2k_10c16e1	2011	316.49
pools_2k_3000284	2009	350.62
pools_2k_305ebc4	2010	347.93
pools_2k_30adac0	2006	341.68
pools_2k_39b3561	2010	354.21000000000004
pools_2k_4059154	2008	336.07
pools_2k_4e4fa19	2005	351.31
pools_2k_512a3f7	2011	343.32
pools_2k_6ec43fe	2010	356.53
pools_2k_7b6561a	2011	344.69
pools_2k_8a1747a	2005	349.13
pools_2k_8b9b020	2009	355.64
pools_2k_8f74ed6	2003	352.09
pools_2k_97bcc35	2007	352.15000000000003
pools_2k_bbd7352	2010	327.96000000000004
pools_2k_c34421e	2010	351.26
pools_2k_cf2593c	2010	316.09000000000003
pools_2k_d2e7c16	2005	343.29
pools_2k_e51f1a1	2010	349.94
pools_2k_fa0398d	2009	355.64
pools_2k_fb23f7a	2006	350.40999999999997
pools_3k_2de32fd	3034	858.91
pools_3k_5c8dc1e	3035	812.99
pools_3k_79422ed	3033	831.88
pools_3k_9d36e96	3031	831.13
pools_3k_a06eb60	3034	845.89
pools_3k_a6079ca	3035	839.73
pools_3k_c0eb55a	3036	825.98
pools_3k_d1588fe	3032	813.4699999999999
pools_3k_de0288c	3033	843.0
pools_3k_e989b7d	3036	811.18
pools_3k_f5b8ff3	3033	818.36
pools_3k_1cc64ba	3081	1218.89
pools_3k_2b2c3e5	3078	1197.42
pools_3k_44eb654	3080	1204.31
pools_3k_4ec48b8	3080	1199.8600000000001
pools_3k_56b94ac	3078	1180.77
pools_3k_6908cd3	3080	1202.74
pools_3k_8faf14e	3078	1206.3600000000001
pools_3k_aba3e37	3080	1205.17
pools_3k_bf69e52	3078	1213.74
pools_3k_ed76711	3079	1195.8
pools_3k_25d94ae	3008	860.3399999999999
pools_3k_2a51346	3012	856.31
pools_3k_420bc6e	3010	826.9200000000001
pools_3k_4264865	3012	833.61
pools_3k_4d5331d	3010	848.64
pools_3k_5a06094	3010	834.3299999999999
pools_3k_5ca916b	3012	857.56
pools_3k_746192e	3009	838.22
pools_3k_775a7bb	3008	831.74
pools_3k_9a2da6c	3008	838.1899999999999
pools_3k_bc65552	3011	854.99
pools_4k_16d0478	4045	1815.03
pools_4k_68c4aae	4046	1789.67
pools_4k_9612b6f	4044	1769.3100000000002
pools_4k_a5d47a6	4044	1783.66
pools_4k_d570bba	4046	1753.6499999999999
pools_4k_d6de23e	4045	1780.34
pools_5k_65d96bc	5014	3040.08
pools_5k_b77b968	5013	2970.88
pools_5k_d6ba90b	5014	2955.13
